polarity,file,lipidex_dot,ours_dot,name
Pos,Blank_Pos,990,990,PC 10:0_26:2
Pos,Blank_Pos,993,993,PE 18:1_18:1
Pos,Blank_Pos,978,978,PC 10:0_26:2
Pos,Blank_Pos,875,875,PC 10:0_26:2
Pos,Blank_Pos,996,996,PC 11:0_26:2
Pos,Blank_Pos,968,968,PC 11:0_24:1
Pos,Blank_Pos,919,919,PC 11:0_26:2
Pos,Blank_Pos,511,511,TG 16:0_18:2_18:2
Pos,NIST_Pos_01,843,843,LysoPC 18:3
Pos,NIST_Pos_01,937,937,LysoPC 20:5
Pos,NIST_Pos_01,951,951,LysoPC 18:3
Pos,NIST_Pos_01,965,965,LysoPC 14:0
Pos,NIST_Pos_01,947,947,LysoPC 16:1
Pos,NIST_Pos_01,937,937,LysoPC 22:6
Pos,NIST_Pos_01,951,951,LysoPC 15:0
Pos,NIST_Pos_01,957,957,LysoPC 16:1
Pos,NIST_Pos_01,984,984,LysoPE 20:4
Pos,NIST_Pos_01,997,997,LysoPE 18:2
Pos,NIST_Pos_01,953,953,LysoPC 18:2
Pos,NIST_Pos_01,949,949,LysoPC 22:5
Pos,NIST_Pos_01,955,955,LysoPC 20:3
Pos,NIST_Pos_01,959,959,LysoPC 16:0
Pos,NIST_Pos_01,942,942,LysoPC 18:1
Pos,NIST_Pos_01,951,951,LysoPC 20:3
Pos,NIST_Pos_01,947,947,LysoPC 17:0
Pos,NIST_Pos_01,934,934,LysoPC 20:2
Pos,NIST_Pos_01,954,954,LysoPC 18:1
Pos,NIST_Pos_01,954,954,LysoPC 17:0
Pos,NIST_Pos_01,907,907,LysoPC 20:2
Pos,NIST_Pos_01,826,826,LysoPC 20:1
Pos,NIST_Pos_01,947,947,LysoPC 18:0
Pos,NIST_Pos_01,942,942,LysoPC 19:0
Pos,NIST_Pos_01,733,733,PC
Pos,NIST_Pos_01,795,795,PC
Pos,NIST_Pos_01,997,997,PC 14:1_22:4
Pos,NIST_Pos_01,719,719,PC
Pos,NIST_Pos_01,997,997,PC 14:1_20:2
Pos,NIST_Pos_01,731,731,PC
Pos,NIST_Pos_01,994,994,PC
Pos,NIST_Pos_01,995,995,PC 16:1_22:6
Pos,NIST_Pos_01,996,996,PC 12:0_24:4
Pos,NIST_Pos_01,992,992,PC 14:1_20:2
Pos,NIST_Pos_01,997,997,PC
Pos,NIST_Pos_01,720,720,PC 12:0_22:2
Pos,NIST_Pos_01,785,785,PC 14:1_22:2
Pos,NIST_Pos_01,789,789,PC
Pos,NIST_Pos_01,797,797,PC 14:0_24:4
Pos,NIST_Pos_01,878,878,PC
Pos,NIST_Pos_01,725,725,PC
Pos,NIST_Pos_01,635,635,PC 18:3_22:4
Pos,NIST_Pos_01,999,999,SM d18:1_15:1
Pos,NIST_Pos_01,898,898,PC 13:0_22:5
Pos,NIST_Pos_01,996,996,PC 10:0_24:4
Pos,NIST_Pos_01,890,890,PC
Pos,NIST_Pos_01,775,775,PC
Pos,NIST_Pos_01,817,817,LysoPC 24:0
Pos,NIST_Pos_01,654,654,PC
Pos,NIST_Pos_01,997,997,PC 14:1_22:4
Pos,NIST_Pos_01,975,975,SM d19:0_15:1
Pos,NIST_Pos_01,997,997,PC 10:0_22:2
Pos,NIST_Pos_01,987,987,PI 12:0_24:4
Pos,NIST_Pos_01,997,997,PC 14:1_22:4
Pos,NIST_Pos_01,997,997,PC 10:0_22:2
Pos,NIST_Pos_01,997,997,PC 14:1_20:2
Pos,NIST_Pos_01,1000,1000,SM d18:0_18:3
Pos,NIST_Pos_01,975,975,PI 14:1_24:4
Pos,NIST_Pos_01,1000,1000,SM d19:0_14:1
Pos,NIST_Pos_01,678,678,PI 12:0_22:2
Pos,NIST_Pos_01,943,943,PE 18:2_18:2
Pos,NIST_Pos_01,997,997,PC 14:1_20:2
Pos,NIST_Pos_01,988,988,PC 15:1_22:4
Pos,NIST_Pos_01,997,997,PC 11:0_22:2
Pos,NIST_Pos_01,999,999,SM d19:0_14:1
Pos,NIST_Pos_01,999,999,SM d18:0_17:2
Pos,NIST_Pos_01,997,997,PC 14:1_24:4
Pos,NIST_Pos_01,997,997,PC 12:0_24:4
Pos,NIST_Pos_01,945,945,PC 13:0_22:5
Pos,NIST_Pos_01,997,997,PC
Pos,NIST_Pos_01,995,995,PC 14:1_20:2
Pos,NIST_Pos_01,997,997,PC 10:0_22:1
Pos,NIST_Pos_01,995,995,PC 18:4_22:2
Pos,NIST_Pos_01,997,997,PC 12:0_24:4
Pos,NIST_Pos_01,997,997,PC 14:1_24:4
Pos,NIST_Pos_01,1000,1000,Plasmenyl-PC P-18:1_20:5
Pos,NIST_Pos_01,997,997,PC 14:1_24:4
Pos,NIST_Pos_01,997,997,PC 12:0_22:2
Pos,NIST_Pos_01,992,992,PI 14:0_24:4
Pos,NIST_Pos_01,1000,1000,SM d19:0_17:2
Pos,NIST_Pos_01,1000,1000,Plasmanyl-PC O-16:0_22:6
Pos,NIST_Pos_01,997,997,PC 14:1_22:2
Pos,NIST_Pos_01,997,997,PC 18:4_22:2
Pos,NIST_Pos_01,999,999,Plasmenyl-PC P-18:0_22:6
Pos,NIST_Pos_01,997,997,PC 12:0_22:2
Pos,NIST_Pos_01,997,997,PC 14:1_22:2
Pos,NIST_Pos_01,1000,1000,SM d19:0_17:2
Pos,NIST_Pos_01,1000,1000,PE 18:2_18:1
Pos,NIST_Pos_01,977,977,Plasmenyl-PE P-16:0_20:4
Pos,NIST_Pos_01,1000,1000,Plasmanyl-PC O-16:0_22:6
Pos,NIST_Pos_01,999,999,SM d19:0_15:0
Pos,NIST_Pos_01,918,918,Plasmenyl-PE P-18:1_20:4
Pos,NIST_Pos_01,982,982,PC 15:1_22:2
Pos,NIST_Pos_01,1000,1000,Plasmanyl-PC O-18:0_18:4
Pos,NIST_Pos_01,998,998,Plasmenyl-PC P-18:0_14:1
Pos,NIST_Pos_01,1000,1000,PI 16:1_22:2
Pos,NIST_Pos_01,1000,1000,Plasmanyl-PC O-18:0_18:4
Pos,NIST_Pos_01,945,945,PC 16:1_22:5
Pos,NIST_Pos_01,997,997,PC 14:0_24:4
Pos,NIST_Pos_01,1000,1000,Plasmanyl-PC O-18:0_18:4
Pos,NIST_Pos_01,996,996,PC 10:0_22:0
Pos,NIST_Pos_01,1000,1000,Plasmanyl-PC O-16:0_18:2
Pos,NIST_Pos_01,1000,1000,Plasmanyl-PC O-18:0_18:3
Pos,NIST_Pos_01,997,997,PC 10:0_22:0
Pos,NIST_Pos_01,997,997,PC 15:1_22:2
Pos,NIST_Pos_01,997,997,PC 16:1_24:4
Pos,NIST_Pos_01,997,997,PC 14:0_24:4
Pos,NIST_Pos_01,892,892,Plasmenyl-PE P-16:0_20:3
Pos,NIST_Pos_01,991,991,PE 18:0_20:4
Pos,NIST_Pos_01,999,999,SM d19:0_17:1
Pos,NIST_Pos_01,908,908,PC 12:0_24:4
Pos,NIST_Pos_01,993,993,Plasmanyl-PC O-18:0_18:3
Pos,NIST_Pos_01,999,999,PE 18:1_18:1
Pos,NIST_Pos_01,1000,1000,Plasmanyl-PC O-20:0_18:4
Pos,NIST_Pos_01,1000,1000,SM d19:0_17:1
Pos,NIST_Pos_01,996,996,Plasmanyl-PC O-18:0_20:5
Pos,NIST_Pos_01,997,997,PC 11:0_24:1
Pos,NIST_Pos_01,1000,1000,Plasmanyl-PC O-18:0_14:1
Pos,NIST_Pos_01,983,983,PC 11:0_22:2
Pos,NIST_Pos_01,976,976,Plasmenyl-PE P-18:0_20:4
Pos,NIST_Pos_01,1000,1000,Plasmanyl-PC O-16:0_18:2
Pos,NIST_Pos_01,997,997,PC 11:0_24:1
Pos,NIST_Pos_01,1000,1000,Plasmanyl-PC O-20:0_20:5
Pos,NIST_Pos_01,1000,1000,Plasmanyl-PC O-20:0_14:1
Pos,NIST_Pos_01,999,999,SM d19:0_17:0
Pos,NIST_Pos_01,1000,1000,Plasmanyl-PC O-20:0_12:0
Pos,NIST_Pos_01,1000,1000,Plasmanyl-PC O-20:0_22:6
Pos,NIST_Pos_01,1000,1000,Plasmanyl-PC O-18:0_18:2
Pos,NIST_Pos_01,997,997,PC 11:0_26:2
Pos,NIST_Pos_01,936,936,Plasmenyl-PE P-18:0_18:2
Pos,NIST_Pos_01,990,990,PC 11:0_24:1
Pos,NIST_Pos_01,997,997,PC 10:0_26:1
Pos,NIST_Pos_01,980,980,PC 10:0_26:0
Pos,NIST_Pos_01,997,997,PC 10:0_26:1
Pos,NIST_Pos_01,997,997,PC 10:0_24:0
Pos,NIST_Pos_01,918,918,DG 16:0_18:2
Pos,NIST_Pos_01,997,997,PC 12:0_26:2
Pos,NIST_Pos_01,1000,1000,PE 18:1_18:0
Pos,NIST_Pos_01,992,992,PC 10:0_26:0
Pos,NIST_Pos_01,997,997,PC 12:0_26:2
Pos,NIST_Pos_01,1000,1000,SM d18:0_22:2
Pos,NIST_Pos_01,1000,1000,Plasmanyl-PC O-20:0_20:4
Pos,NIST_Pos_01,999,999,Plasmanyl-PC O-20:0_22:6
Pos,NIST_Pos_01,1000,1000,SM d18:0_22:2
Pos,NIST_Pos_01,1000,1000,SM d18:0_22:2
Pos,NIST_Pos_01,586,586,PC 10:0_26:0
Pos,NIST_Pos_01,1000,1000,Plasmanyl-PC O-18:0_18:2
Pos,NIST_Pos_01,1000,1000,Plasmanyl-PC O-20:0_22:5
Pos,NIST_Pos_01,992,992,PC 11:0_26:1
Pos,NIST_Pos_01,1000,1000,Plasmanyl-PC O-20:0_20:4
Pos,NIST_Pos_01,981,981,Plasmanyl-PC O-20:0_16:1
Pos,NIST_Pos_01,709,709,DG 16:0_18:1
Pos,NIST_Pos_01,687,687,PC 10:0_26:0
Pos,NIST_Pos_01,907,907,DG 18:1_18:1
Pos,NIST_Pos_01,1000,1000,SM d19:0_20:1
Pos,NIST_Pos_01,972,972,DG 16:0_18:1
Pos,NIST_Pos_01,1000,1000,SM d19:0_22:2
Pos,NIST_Pos_01,843,843,DG 18:1_18:1
Pos,NIST_Pos_01,997,997,PC 12:0_26:1
Pos,NIST_Pos_01,1000,1000,SM d19:0_22:2
Pos,NIST_Pos_01,747,747,Cer
Pos,NIST_Pos_01,980,980,Cer
Pos,NIST_Pos_01,838,838,Cer
Pos,NIST_Pos_01,1000,1000,SM d18:0_24:2
Pos,NIST_Pos_01,913,913,Cer
Pos,NIST_Pos_01,836,836,HexCer
Pos,NIST_Pos_01,1000,1000,SM d18:0_22:1
Pos,NIST_Pos_01,1000,1000,SM d18:0_24:2
Pos,NIST_Pos_01,999,999,SM d18:1_26:2
Pos,NIST_Pos_01,1000,1000,SM d18:0_22:1
Pos,NIST_Pos_01,1000,1000,Plasmenyl-PC P-20:0_24:4
Pos,NIST_Pos_01,990,990,Cer
Pos,NIST_Pos_01,1000,1000,SM d19:0_22:1
Pos,NIST_Pos_01,999,999,Plasmenyl-PC P-20:0_22:2
Pos,NIST_Pos_01,809,809,Cer
Pos,NIST_Pos_01,1000,1000,SM d19:0_22:1
Pos,NIST_Pos_01,989,989,Cer
Pos,NIST_Pos_01,878,878,Cer
Pos,NIST_Pos_01,990,990,Cer
Pos,NIST_Pos_01,987,987,PC 14:1_26:0
Pos,NIST_Pos_01,760,760,Cer
Pos,NIST_Pos_01,989,989,Cer
Pos,NIST_Pos_01,785,785,Cer
Pos,NIST_Pos_01,996,996,SM d18:0_26:2
Pos,NIST_Pos_01,771,771,Cer
Pos,NIST_Pos_01,513,513,Cer
Pos,NIST_Pos_01,814,814,Cer
Pos,NIST_Pos_01,990,990,Cer
Pos,NIST_Pos_01,1000,1000,SM d19:0_24:1
Pos,NIST_Pos_01,998,998,SM d19:0_23:0
Pos,NIST_Pos_01,715,715,TG 16:1_16:0_18:1
Pos,NIST_Pos_01,992,992,Cer
Pos,NIST_Pos_01,670,670,TG 16:1_16:0_18:1
Pos,NIST_Pos_01,958,958,Cer
Pos,NIST_Pos_01,993,993,CE 22:5
Pos,NIST_Pos_01,995,995,CE 20:3
Pos,NIST_Pos_01,995,995,CE 20:3
Pos,NIST_Pos_01,700,700,TG 16:0_16:0_18:1
Pos,NIST_Pos_01,715,715,TG 16:0_16:0_18:1
Pos,NIST_Pos_01,618,618,TG 16:0_16:0_16:0
Pos,NIST_Pos_01,594,594,TG 16:0_16:0_18:1
Pos,NIST_Pos_01,864,864,TG 12:0_14:0_16:0
Pos,NIST_Pos_01,815,815,TG 10:0_16:0_18:1
Pos,NIST_Pos_01,891,891,TG 12:0_16:0_18:2
Pos,NIST_Pos_01,602,602,TG 12:0_18:2_18:1
Pos,NIST_Pos_01,686,686,TG 12:0_18:2_18:1
Pos,NIST_Pos_01,578,578,TG 14:0_18:2_18:1
Pos,NIST_Pos_01,580,580,TG 14:0_18:2_18:2
Pos,NIST_Pos_01,709,709,TG 16:0_18:3_18:2
Pos,NIST_Pos_01,984,984,TG 16:0_18:3_18:2
Pos,NIST_Pos_01,783,783,TG 16:0_18:3_18:2
Pos,NIST_Pos_01,820,820,TG 16:0_18:3_18:2
Pos,NIST_Pos_01,838,838,TG 15:0_18:2_18:2
Pos,NIST_Pos_01,985,985,CE 22:6
Pos,NIST_Pos_01,810,810,TG 16:0_18:2_20:4
Pos,NIST_Pos_01,861,861,TG 14:0_14:0_16:0
Pos,NIST_Pos_01,603,603,TG 12:0_16:0_18:1
Pos,NIST_Pos_01,867,867,TG 12:0_16:0_18:1
Pos,NIST_Pos_01,760,760,TG 14:0_16:0_18:2
Pos,NIST_Pos_01,527,527,TG 16:1_16:0_18:1
Pos,NIST_Pos_01,834,834,TG 16:1_16:0_18:2
Pos,NIST_Pos_01,952,952,TG 14:0_16:0_18:2
Pos,NIST_Pos_01,995,995,CE 18:3
Pos,NIST_Pos_01,621,621,TG 16:0_18:2_18:1
Pos,NIST_Pos_01,770,770,TG 16:0_18:2_18:2
Pos,NIST_Pos_01,872,872,TG 16:0_18:2_18:2
Pos,NIST_Pos_01,830,830,TG 18:2_18:2_18:1
Pos,NIST_Pos_01,845,845,TG 16:0_18:3_18:1
Pos,NIST_Pos_01,829,829,TG 16:0_18:3_18:1
Pos,NIST_Pos_01,717,717,TG 14:0_15:0_18:1
Pos,NIST_Pos_01,996,996,CE 20:4
Pos,NIST_Pos_01,926,926,TG 15:0_16:0_18:2
Pos,NIST_Pos_01,865,865,CE 22:4
Pos,NIST_Pos_01,792,792,TG 18:3_18:1_18:1
Pos,NIST_Pos_01,799,799,TG 16:0_18:2_18:2
Pos,NIST_Pos_01,989,989,CE 20:4
Pos,NIST_Pos_01,946,946,TG 15:0_16:0_18:2
Pos,NIST_Pos_01,788,788,TG 15:0_18:2_18:1
Pos,NIST_Pos_01,857,857,TG 16:0_16:0_20:4
Pos,NIST_Pos_01,923,923,TG 16:0_18:1_20:4
Pos,NIST_Pos_01,685,685,TG 17:0_18:2_18:1
Pos,NIST_Pos_01,869,869,TG 14:0_16:0_18:1
Pos,NIST_Pos_01,996,996,CE 18:2
Pos,NIST_Pos_01,616,616,TG 14:0_16:0_18:1
Pos,NIST_Pos_01,829,829,TG 14:0_16:0_16:0
Pos,NIST_Pos_01,894,894,TG 16:1_16:0_18:1
Pos,NIST_Pos_01,912,912,TG 16:0_16:0_18:1
Pos,NIST_Pos_01,707,707,TG 16:0_16:0_18:1
Pos,NIST_Pos_01,999,999,TG 16:0_16:0_16:0
Pos,NIST_Pos_01,906,906,TG 16:0_16:0_18:1
Pos,NIST_Pos_01,599,580,D5TG 16:0_17:0_19:0
Pos,NIST_Pos_01,909,909,TG 18:1_18:1_18:1
Pos,NIST_Pos_01,920,920,TG 16:0_16:0_18:1
Pos,NIST_Pos_01,718,718,TG 18:1_18:1_18:1
Pos,NIST_Pos_01,996,996,TG 16:0_16:0_16:0
Pos,NIST_Pos_01,729,729,TG 16:0_16:0_18:1
Pos,NIST_Pos_01,996,996,CE 18:1
Pos,NIST_Pos_01,660,660,CE 20:1
Pos,NIST_Pos_01,988,988,TG 16:0_17:0_18:1
Pos,NIST_Pos_01,995,995,CE 16:0
Pos,NIST_Pos_01,858,858,TG 16:0_16:0_17:0
Pos,NIST_Pos_01,783,783,TG 17:0_18:1_18:1
Pos,NIST_Pos_01,714,714,TG 16:0_18:1_18:0
Pos,NIST_Pos_01,912,912,TG 16:0_16:0_18:0
Pos,NIST_Pos_01,902,902,TG 16:0_16:0_18:0
Pos,NIST_Pos_01,718,718,CE 20:0
Pos,NIST_Pos_01,994,994,CE 18:0
Pos,NIST_Pos_01,666,666,TG 18:1_18:0_18:0
Pos,NIST_Pos_01,579,579,TG 16:0_18:0_18:0
Pos,NIST_Pos_01,969,969,TG 16:0_18:1_24:0
Pos,NIST_Pos_02,696,696,AC 10:0
Pos,NIST_Pos_02,668,668,LysoPC 20:4
Pos,NIST_Pos_02,930,930,LysoPC 20:5
Pos,NIST_Pos_02,841,841,LysoPC 18:3
Pos,NIST_Pos_02,956,956,LysoPC 14:0
Pos,NIST_Pos_02,949,949,LysoPC 16:1
Pos,NIST_Pos_02,884,884,LysoPC 20:5
Pos,NIST_Pos_02,933,933,LysoPC 22:6
Pos,NIST_Pos_02,938,938,LysoPC 20:4
Pos,NIST_Pos_02,953,953,LysoPC 16:1
Pos,NIST_Pos_02,931,931,LysoPC 15:0
Pos,NIST_Pos_02,995,995,LysoPE 18:2
Pos,NIST_Pos_02,984,984,LysoPE 20:4
Pos,NIST_Pos_02,990,990,AC 18:1
Pos,NIST_Pos_02,952,952,LysoPC 18:2
Pos,NIST_Pos_02,958,958,LysoPC 20:4
Pos,NIST_Pos_02,953,953,LysoPC 22:5
Pos,NIST_Pos_02,957,957,LysoPC 16:0
Pos,NIST_Pos_02,941,941,LysoPC 18:1
Pos,NIST_Pos_02,944,944,LysoPC 17:0
Pos,NIST_Pos_02,941,941,LysoPC 20:2
Pos,NIST_Pos_02,950,950,LysoPC 18:1
Pos,NIST_Pos_02,947,947,LysoPC 17:0
Pos,NIST_Pos_02,923,923,LysoPC 20:2
Pos,NIST_Pos_02,939,939,LysoPC 20:1
Pos,NIST_Pos_02,949,949,LysoPC 18:0
Pos,NIST_Pos_02,947,947,LysoPC 19:0
Pos,NIST_Pos_02,995,995,PC
Pos,NIST_Pos_02,680,680,PC
Pos,NIST_Pos_02,997,997,PC 14:1_20:2
Pos,NIST_Pos_02,740,740,PC
Pos,NIST_Pos_02,996,996,PC 16:1_22:6
Pos,NIST_Pos_02,735,735,PC
Pos,NIST_Pos_02,997,997,PC 12:0_24:4
Pos,NIST_Pos_02,993,993,PC 14:1_20:2
Pos,NIST_Pos_02,1000,1000,SM d18:1_12:0
Pos,NIST_Pos_02,969,969,PC
Pos,NIST_Pos_02,970,970,PC 13:0_22:6
Pos,NIST_Pos_02,757,757,PC 12:0_22:2
Pos,NIST_Pos_02,822,822,PC
Pos,NIST_Pos_02,897,897,PC
Pos,NIST_Pos_02,674,674,Plasmenyl-PE P-18:1_18:3
Pos,NIST_Pos_02,993,993,PC
Pos,NIST_Pos_02,876,876,PC
Pos,NIST_Pos_02,746,746,PC
Pos,NIST_Pos_02,851,851,PI 14:1_24:4
Pos,NIST_Pos_02,879,879,Plasmenyl-PE P-18:1_20:5
Pos,NIST_Pos_02,995,995,SM d18:1_15:1
Pos,NIST_Pos_02,658,658,PC
Pos,NIST_Pos_02,996,996,PC 10:0_24:4
Pos,NIST_Pos_02,797,797,PC
Pos,NIST_Pos_02,997,997,PC
Pos,NIST_Pos_02,616,616,PC
Pos,NIST_Pos_02,997,997,PC 14:1_22:4
Pos,NIST_Pos_02,986,986,PI 12:0_24:4
Pos,NIST_Pos_02,997,997,PC 10:0_22:2
Pos,NIST_Pos_02,710,710,PC
Pos,NIST_Pos_02,997,997,PC 14:1_20:2
Pos,NIST_Pos_02,1000,1000,SM d18:0_18:3
Pos,NIST_Pos_02,760,760,PC
Pos,NIST_Pos_02,999,999,SM d19:0_14:1
Pos,NIST_Pos_02,997,997,PC 11:0_24:4
Pos,NIST_Pos_02,999,999,PI 14:1_22:2
Pos,NIST_Pos_02,989,989,PE 18:2_18:2
Pos,NIST_Pos_02,997,997,PC 14:1_20:2
Pos,NIST_Pos_02,989,989,PC 11:0_20:1
Pos,NIST_Pos_02,970,970,PE 16:0_22:6
Pos,NIST_Pos_02,997,997,PC 14:1_24:4
Pos,NIST_Pos_02,999,999,SM d18:0_17:2
Pos,NIST_Pos_02,993,993,SM d19:0_14:1
Pos,NIST_Pos_02,915,915,PC 18:4_22:2
Pos,NIST_Pos_02,997,997,PC
Pos,NIST_Pos_02,994,994,PC 14:1_20:2
Pos,NIST_Pos_02,997,997,PC 14:1_24:4
Pos,NIST_Pos_02,1000,1000,Plasmenyl-PC P-18:1_20:5
Pos,NIST_Pos_02,990,990,PE 18:2_18:2
Pos,NIST_Pos_02,997,997,PC 12:0_24:4
Pos,NIST_Pos_02,997,997,PC 18:4_22:2
Pos,NIST_Pos_02,997,997,PC 14:1_22:2
Pos,NIST_Pos_02,999,999,SM d19:0_17:2
Pos,NIST_Pos_02,997,997,PC 14:1_24:4
Pos,NIST_Pos_02,1000,1000,Plasmanyl-PC O-16:0_22:6
Pos,NIST_Pos_02,997,997,PC 14:1_22:2
Pos,NIST_Pos_02,997,997,PC 13:0_24:4
Pos,NIST_Pos_02,1000,1000,Plasmanyl-PC O-16:0_20:5
Pos,NIST_Pos_02,1000,1000,PE 18:2_18:1
Pos,NIST_Pos_02,977,977,Plasmenyl-PE P-16:0_20:4
Pos,NIST_Pos_02,999,999,SM d19:0_15:0
Pos,NIST_Pos_02,996,996,PC 11:0_22:1
Pos,NIST_Pos_02,997,997,PC 14:1_22:2
Pos,NIST_Pos_02,996,996,Plasmanyl-PC O-16:0_22:6
Pos,NIST_Pos_02,997,997,PC 18:4_22:2
Pos,NIST_Pos_02,999,999,Plasmenyl-PC P-18:0_14:1
Pos,NIST_Pos_02,997,997,PC 16:1_24:4
Pos,NIST_Pos_02,997,997,PC 14:1_22:2
Pos,NIST_Pos_02,732,732,Plasmenyl-PE P-18:1_18:2
Pos,NIST_Pos_02,997,997,PC 15:1_22:2
Pos,NIST_Pos_02,1000,1000,Plasmanyl-PC O-16:0_18:2
Pos,NIST_Pos_02,997,997,PC 14:0_24:4
Pos,NIST_Pos_02,996,996,PC 10:0_22:0
Pos,NIST_Pos_02,997,997,PC 14:0_24:4
Pos,NIST_Pos_02,997,997,PC 16:1_24:4
Pos,NIST_Pos_02,999,999,Plasmanyl-PC O-18:0_18:3
Pos,NIST_Pos_02,970,970,PE 18:0_20:4
Pos,NIST_Pos_02,1000,1000,SM d19:0_17:1
Pos,NIST_Pos_02,926,926,PC 12:0_24:4
Pos,NIST_Pos_02,1000,1000,PE 18:1_18:1
Pos,NIST_Pos_02,997,997,PC 16:1_24:4
Pos,NIST_Pos_02,1000,1000,SM d18:0_20:2
Pos,NIST_Pos_02,999,999,SM d19:0_17:1
Pos,NIST_Pos_02,997,997,Plasmanyl-PC O-18:0_20:5
Pos,NIST_Pos_02,997,997,PC 11:0_24:1
Pos,NIST_Pos_02,1000,1000,Plasmanyl-PC O-18:0_14:1
Pos,NIST_Pos_02,977,977,Plasmenyl-PE P-18:0_20:4
Pos,NIST_Pos_02,997,997,PC 10:0_23:0
Pos,NIST_Pos_02,1000,1000,Plasmanyl-PC O-16:0_18:2
Pos,NIST_Pos_02,984,984,PC 14:1_26:2
Pos,NIST_Pos_02,1000,1000,Plasmanyl-PC O-20:0_12:0
Pos,NIST_Pos_02,996,996,PC 11:0_24:1
Pos,NIST_Pos_02,999,999,SM d19:0_17:0
Pos,NIST_Pos_02,1000,1000,Plasmanyl-PC O-18:0_18:3
Pos,NIST_Pos_02,923,923,Plasmenyl-PE P-18:0_18:2
Pos,NIST_Pos_02,1000,1000,Plasmanyl-PC O-20:0_22:6
Pos,NIST_Pos_02,930,930,Plasmenyl-PE P-18:0_18:2
Pos,NIST_Pos_02,728,728,DG 16:0_18:2
Pos,NIST_Pos_02,703,703,PC 12:0_26:2
Pos,NIST_Pos_02,743,743,DG 18:2_18:1
Pos,NIST_Pos_02,997,997,PC 10:0_24:0
Pos,NIST_Pos_02,997,997,PC 10:0_26:1
Pos,NIST_Pos_02,998,998,SM d19:0_22:3
Pos,NIST_Pos_02,621,621,DG 16:0_18:2
Pos,NIST_Pos_02,997,997,PC 10:0_26:1
Pos,NIST_Pos_02,997,997,PC 12:0_26:2
Pos,NIST_Pos_02,880,880,DG 18:2_18:1
Pos,NIST_Pos_02,1000,1000,PE 18:1_18:0
Pos,NIST_Pos_02,997,997,PC 12:0_26:2
Pos,NIST_Pos_02,1000,1000,SM d18:0_20:1
Pos,NIST_Pos_02,1000,1000,SM d18:0_22:2
Pos,NIST_Pos_02,1000,1000,SM d18:0_24:3
Pos,NIST_Pos_02,997,997,Plasmanyl-PC O-20:0_22:6
Pos,NIST_Pos_02,1000,1000,SM d18:0_22:2
Pos,NIST_Pos_02,1000,1000,SM d18:0_24:3
Pos,NIST_Pos_02,1000,1000,SM d18:0_22:2
Pos,NIST_Pos_02,603,603,PC 10:0_26:0
Pos,NIST_Pos_02,1000,1000,Plasmanyl-PC O-18:0_18:2
Pos,NIST_Pos_02,987,987,PC 11:0_26:1
Pos,NIST_Pos_02,723,723,DG 16:0_18:1
Pos,NIST_Pos_02,973,973,Plasmanyl-PC O-20:0_16:1
Pos,NIST_Pos_02,1000,1000,Plasmanyl-PC O-20:0_20:4
Pos,NIST_Pos_02,999,999,SM d19:0_20:1
Pos,NIST_Pos_02,708,708,PC 10:0_26:0
Pos,NIST_Pos_02,980,980,Plasmanyl-PC O-20:0_14:0
Pos,NIST_Pos_02,870,870,DG 18:1_18:1
Pos,NIST_Pos_02,1000,1000,SM d19:0_20:1
Pos,NIST_Pos_02,993,993,DG 16:0_18:1
Pos,NIST_Pos_02,1000,1000,SM d19:0_22:2
Pos,NIST_Pos_02,894,894,DG 18:1_18:1
Pos,NIST_Pos_02,997,997,PC 12:0_26:1
Pos,NIST_Pos_02,999,999,SM d19:0_22:2
Pos,NIST_Pos_02,957,957,Cer
Pos,NIST_Pos_02,785,785,Cer
Pos,NIST_Pos_02,1000,1000,SM d18:0_24:2
Pos,NIST_Pos_02,828,828,Cer
Pos,NIST_Pos_02,994,994,PC 14:1_26:1
Pos,NIST_Pos_02,721,721,HexCer
Pos,NIST_Pos_02,1000,1000,SM d18:0_24:2
Pos,NIST_Pos_02,1000,1000,SM d18:0_22:1
Pos,NIST_Pos_02,1000,1000,SM d18:0_22:1
Pos,NIST_Pos_02,998,998,SM d18:1_26:2
Pos,NIST_Pos_02,1000,1000,SM d18:0_22:1
Pos,NIST_Pos_02,1000,1000,Plasmenyl-PC P-20:0_24:4
Pos,NIST_Pos_02,983,983,Cer
Pos,NIST_Pos_02,999,999,Plasmenyl-PC P-20:0_22:2
Pos,NIST_Pos_02,814,814,Cer
Pos,NIST_Pos_02,990,990,Cer
Pos,NIST_Pos_02,992,992,Cer
Pos,NIST_Pos_02,833,833,Cer
Pos,NIST_Pos_02,921,921,PC 14:1_26:0
Pos,NIST_Pos_02,758,758,Cer
Pos,NIST_Pos_02,987,987,Cer
Pos,NIST_Pos_02,998,998,SM d18:0_26:2
Pos,NIST_Pos_02,718,718,Cer
Pos,NIST_Pos_02,834,834,Cer
Pos,NIST_Pos_02,989,989,Cer
Pos,NIST_Pos_02,1000,1000,SM d19:0_24:1
Pos,NIST_Pos_02,672,672,TG 16:1_16:0_18:1
Pos,NIST_Pos_02,991,991,Cer
Pos,NIST_Pos_02,545,545,TG 16:1_16:0_18:1
Pos,NIST_Pos_02,993,993,CE 22:5
Pos,NIST_Pos_02,995,995,CE 20:3
Pos,NIST_Pos_02,995,995,CE 20:3
Pos,NIST_Pos_02,723,723,Cer
Pos,NIST_Pos_02,695,695,TG 16:0_16:0_18:1
Pos,NIST_Pos_02,724,724,TG 16:0_16:0_18:1
Pos,NIST_Pos_02,544,544,TG 16:0_16:0_16:0
Pos,NIST_Pos_02,546,546,TG 16:0_16:0_18:1
Pos,NIST_Pos_02,918,918,TG 12:0_14:0_16:0
Pos,NIST_Pos_02,763,763,TG 10:0_16:0_18:1
Pos,NIST_Pos_02,867,867,TG 12:0_16:0_18:2
Pos,NIST_Pos_02,780,780,TG 10:0_16:0_18:1
Pos,NIST_Pos_02,544,544,TG 12:0_18:2_18:1
Pos,NIST_Pos_02,735,735,TG 12:0_18:2_18:1
Pos,NIST_Pos_02,589,589,TG 12:0_16:0_18:2
Pos,NIST_Pos_02,581,581,TG 14:0_18:2_18:1
Pos,NIST_Pos_02,688,688,TG 14:0_18:2_18:2
Pos,NIST_Pos_02,820,820,TG 14:0_18:2_18:2
Pos,NIST_Pos_02,644,644,TG 14:0_16:1_18:2
Pos,NIST_Pos_02,585,585,TG 16:1_16:0_18:2
Pos,NIST_Pos_02,604,604,TG 16:0_18:3_18:2
Pos,NIST_Pos_02,526,526,TG 16:0_18:3_18:2
Pos,NIST_Pos_02,844,844,TG 16:0_18:3_18:2
Pos,NIST_Pos_02,616,616,TG 14:0_15:0_18:2
Pos,NIST_Pos_02,723,723,TG 15:0_16:1_18:2
Pos,NIST_Pos_02,845,845,TG 15:0_18:2_18:2
Pos,NIST_Pos_02,851,851,TG 16:0_18:2_20:4
Pos,NIST_Pos_02,873,873,TG 14:0_14:0_16:0
Pos,NIST_Pos_02,503,503,TG 12:0_16:0_16:0
Pos,NIST_Pos_02,562,562,TG 12:0_16:0_18:1
Pos,NIST_Pos_02,846,846,TG 12:0_16:0_18:1
Pos,NIST_Pos_02,560,560,TG 14:0_16:1_18:1
Pos,NIST_Pos_02,671,671,TG 14:0_16:1_18:1
Pos,NIST_Pos_02,824,824,TG 16:1_16:0_18:2
Pos,NIST_Pos_02,888,888,TG 14:0_16:0_18:2
Pos,NIST_Pos_02,861,861,TG 14:0_16:1_16:0
Pos,NIST_Pos_02,803,803,TG 16:0_18:2_18:2
Pos,NIST_Pos_02,760,760,TG 16:0_18:2_18:2
Pos,NIST_Pos_02,951,951,TG 16:1_16:0_18:2
Pos,NIST_Pos_02,790,790,TG 16:0_18:3_18:1
Pos,NIST_Pos_02,802,802,TG 16:0_18:3_18:1
Pos,NIST_Pos_02,721,721,TG 14:0_15:0_18:1
Pos,NIST_Pos_02,930,930,TG 15:0_16:0_18:2
Pos,NIST_Pos_02,996,996,CE 20:4
Pos,NIST_Pos_02,808,808,CE 22:4
Pos,NIST_Pos_02,751,751,TG 16:0_18:2_18:2
Pos,NIST_Pos_02,772,772,TG 18:2_18:2_18:1
Pos,NIST_Pos_02,531,531,TG 16:0_18:1_22:4
Pos,NIST_Pos_02,525,525,TG 15:0_16:0_18:2
Pos,NIST_Pos_02,962,962,TG 15:0_16:0_18:2
Pos,NIST_Pos_02,636,636,TG 15:0_18:2_18:1
Pos,NIST_Pos_02,778,778,TG 15:0_18:2_18:1
Pos,NIST_Pos_02,616,616,TG 17:0_18:2_18:1
Pos,NIST_Pos_02,551,551,TG 18:2_18:0_20:4
Pos,NIST_Pos_02,996,996,CE 18:2
Pos,NIST_Pos_02,868,868,TG 14:0_16:0_18:1
Pos,NIST_Pos_02,833,833,TG 14:0_16:0_16:0
Pos,NIST_Pos_02,688,688,TG 16:1_16:0_18:1
Pos,NIST_Pos_02,889,889,TG 16:1_16:0_18:1
Pos,NIST_Pos_02,889,889,TG 14:0_16:0_18:1
Pos,NIST_Pos_02,842,842,TG 14:0_16:0_16:0
Pos,NIST_Pos_02,644,644,TG 14:0_16:0_18:1
Pos,NIST_Pos_02,904,904,TG 16:1_16:0_18:1
Pos,NIST_Pos_02,996,996,CE 16:1
Pos,NIST_Pos_02,582,582,TG 16:1_16:0_18:1
Pos,NIST_Pos_02,794,794,TG 16:0_18:2_18:1
Pos,NIST_Pos_02,996,996,CE 18:2
Pos,NIST_Pos_02,904,904,TG 18:2_18:1_18:1
Pos,NIST_Pos_02,827,827,TG 16:0_16:0_18:2
Pos,NIST_Pos_02,722,722,TG 18:2_18:1_18:1
Pos,NIST_Pos_02,975,975,TG 18:2_18:1_18:1
Pos,NIST_Pos_02,996,996,CE 18:2
Pos,NIST_Pos_02,791,791,TG 16:0_18:2_18:1
Pos,NIST_Pos_02,996,996,CE 20:3
Pos,NIST_Pos_02,935,935,TG 15:0_16:0_18:1
Pos,NIST_Pos_02,793,793,TG 15:0_16:0_16:0
Pos,NIST_Pos_02,593,593,TG 16:0_17:1_18:1
Pos,NIST_Pos_02,783,783,TG 16:0_17:1_18:1
Pos,NIST_Pos_02,831,831,TG 15:0_16:0_18:1
Pos,NIST_Pos_02,549,549,TG 17:0_18:2_18:1
Pos,NIST_Pos_02,511,511,TG 18:1_18:1_18:0
Pos,NIST_Pos_02,983,983,CE 17:1
Pos,NIST_Pos_02,990,990,TG 16:0_16:0_16:0
Pos,NIST_Pos_02,736,736,TG 16:0_18:1_18:1
Pos,NIST_Pos_02,883,883,TG 16:0_16:0_18:1
Pos,NIST_Pos_02,598,598,TG 16:0_16:0_18:1
Pos,NIST_Pos_02,731,731,TG 16:0_18:1_18:1
Pos,NIST_Pos_02,969,969,TG 18:1_18:1_18:1
Pos,NIST_Pos_02,997,997,TG 16:0_16:0_16:0
Pos,NIST_Pos_02,714,714,TG 18:1_18:1_18:1
Pos,NIST_Pos_02,915,915,TG 16:0_16:0_18:1
Pos,NIST_Pos_02,731,731,TG 16:0_18:1_18:1
Pos,NIST_Pos_02,996,996,CE 18:1
Pos,NIST_Pos_02,529,529,TG 18:1_18:0_20:2
Pos,NIST_Pos_02,706,706,CE 20:1
Pos,NIST_Pos_02,990,990,TG 16:0_17:0_18:1
Pos,NIST_Pos_02,872,872,TG 17:0_18:1_18:1
Pos,NIST_Pos_02,995,995,CE 16:0
Pos,NIST_Pos_02,815,815,TG 16:0_16:0_17:0
Pos,NIST_Pos_02,996,996,CE 18:1
Pos,NIST_Pos_02,859,859,TG 17:0_18:1_18:1
Pos,NIST_Pos_02,655,655,TG 17:0_18:1_18:1
Pos,NIST_Pos_02,976,976,TG 16:0_17:0_18:1
Pos,NIST_Pos_02,741,741,TG 16:0_18:1_18:0
Pos,NIST_Pos_02,980,980,TG 16:0_17:0_18:0
Pos,NIST_Pos_02,805,805,Alkenyl-TG P-18:0_16:0_16:0
Pos,NIST_Pos_02,544,544,CE 20:0
Pos,NIST_Pos_02,901,901,TG 18:1_18:0_18:0
Pos,NIST_Pos_02,627,627,TG 18:1_18:0_18:0
Pos,NIST_Pos_02,851,851,TG 18:1_18:1_22:0
Pos,NIST_Pos_03,957,957,AC 16:1
Pos,NIST_Pos_03,940,940,LysoPC 20:5
Pos,NIST_Pos_03,948,948,LysoPC 14:0
Pos,NIST_Pos_03,949,949,LysoPC 16:1
Pos,NIST_Pos_03,935,935,LysoPC 22:6
Pos,NIST_Pos_03,937,937,LysoPC 20:4
Pos,NIST_Pos_03,965,965,LysoPC 15:0
Pos,NIST_Pos_03,973,973,AC 16:0
Pos,NIST_Pos_03,951,951,LysoPC 16:1
Pos,NIST_Pos_03,983,983,LysoPE 20:4
Pos,NIST_Pos_03,995,995,LysoPE 18:2
Pos,NIST_Pos_03,991,991,AC 18:1
Pos,NIST_Pos_03,951,951,LysoPC 22:5
Pos,NIST_Pos_03,951,951,LysoPC 20:4
Pos,NIST_Pos_03,946,946,LysoPC 20:3
Pos,NIST_Pos_03,941,941,LysoPC 18:1
Pos,NIST_Pos_03,952,952,LysoPC 16:0
Pos,NIST_Pos_03,946,946,LysoPC 17:0
Pos,NIST_Pos_03,937,937,LysoPC 20:2
Pos,NIST_Pos_03,948,948,LysoPC 18:1
Pos,NIST_Pos_03,953,953,LysoPC 17:0
Pos,NIST_Pos_03,904,904,LysoPC 20:2
Pos,NIST_Pos_03,941,941,LysoPC 18:0
Pos,NIST_Pos_03,935,935,LysoPC 20:1
Pos,NIST_Pos_03,949,949,LysoPC 18:0
Pos,NIST_Pos_03,945,945,LysoPC 19:0
Pos,NIST_Pos_03,758,758,PC
Pos,NIST_Pos_03,997,997,PC 14:1_20:2
Pos,NIST_Pos_03,700,700,PC
Pos,NIST_Pos_03,995,995,PC 14:1_20:2
Pos,NIST_Pos_03,999,999,SM d18:1_12:0
Pos,NIST_Pos_03,942,942,PC
Pos,NIST_Pos_03,997,997,PC
Pos,NIST_Pos_03,778,778,PC 12:0_22:2
Pos,NIST_Pos_03,813,813,PC 14:1_22:2
Pos,NIST_Pos_03,880,880,PC
Pos,NIST_Pos_03,596,596,Plasmenyl-PE P-16:0_18:3
Pos,NIST_Pos_03,849,849,PC 14:1_22:2
Pos,NIST_Pos_03,899,899,PC
Pos,NIST_Pos_03,994,994,PC
Pos,NIST_Pos_03,743,743,PC
Pos,NIST_Pos_03,964,964,PI 14:1_24:4
Pos,NIST_Pos_03,972,972,PC 14:1_22:2
Pos,NIST_Pos_03,772,772,PC
Pos,NIST_Pos_03,998,998,SM d18:1_15:1
Pos,NIST_Pos_03,663,663,PC
Pos,NIST_Pos_03,881,881,PC 13:0_22:5
Pos,NIST_Pos_03,997,997,PC 14:1_22:4
Pos,NIST_Pos_03,997,997,PC 10:0_24:4
Pos,NIST_Pos_03,812,812,PC
Pos,NIST_Pos_03,997,997,PC
Pos,NIST_Pos_03,769,769,LysoPC 24:0
Pos,NIST_Pos_03,997,997,PC 14:1_22:4
Pos,NIST_Pos_03,974,974,SM d19:0_15:1
Pos,NIST_Pos_03,997,997,PC 10:0_22:2
Pos,NIST_Pos_03,913,913,PE 18:0_20:5
Pos,NIST_Pos_03,751,751,PC
Pos,NIST_Pos_03,989,989,PI 14:1_24:4
Pos,NIST_Pos_03,997,997,PC 14:1_20:2
Pos,NIST_Pos_03,1000,1000,SM d18:0_18:3
Pos,NIST_Pos_03,997,997,PC 14:1_22:4
Pos,NIST_Pos_03,777,777,PC
Pos,NIST_Pos_03,997,997,PC 14:1_20:2
Pos,NIST_Pos_03,1000,1000,SM d19:0_14:1
Pos,NIST_Pos_03,997,997,PC 11:0_24:4
Pos,NIST_Pos_03,998,998,PI 14:1_22:2
Pos,NIST_Pos_03,997,997,PC 14:1_20:2
Pos,NIST_Pos_03,995,995,PC 15:1_22:4
Pos,NIST_Pos_03,997,997,PC 11:0_22:2
Pos,NIST_Pos_03,954,954,PE 16:0_22:6
Pos,NIST_Pos_03,999,999,SM d19:0_14:1
Pos,NIST_Pos_03,997,997,PC 14:1_24:4
Pos,NIST_Pos_03,999,999,SM d18:0_17:2
Pos,NIST_Pos_03,947,947,PC 18:4_22:2
Pos,NIST_Pos_03,996,996,PC 11:0_22:2
Pos,NIST_Pos_03,996,996,PC 14:1_20:2
Pos,NIST_Pos_03,997,997,PC 12:0_24:4
Pos,NIST_Pos_03,997,997,PC 14:1_24:4
Pos,NIST_Pos_03,991,991,PI 14:0_24:4
Pos,NIST_Pos_03,997,997,PC 10:0_22:1
Pos,NIST_Pos_03,992,992,PE 18:2_18:2
Pos,NIST_Pos_03,997,997,PC 14:1_24:4
Pos,NIST_Pos_03,997,997,Plasmenyl-PC P-18:1_20:5
Pos,NIST_Pos_03,997,997,PC 12:0_24:4
Pos,NIST_Pos_03,997,997,PC 12:0_22:2
Pos,NIST_Pos_03,997,997,PC 18:4_22:2
Pos,NIST_Pos_03,999,999,SM d19:0_17:2
Pos,NIST_Pos_03,1000,1000,Plasmanyl-PC O-16:0_22:6
Pos,NIST_Pos_03,997,997,PC 12:0_22:2
Pos,NIST_Pos_03,1000,1000,PE 18:2_18:1
Pos,NIST_Pos_03,998,998,Plasmenyl-PC P-18:0_22:6
Pos,NIST_Pos_03,987,987,PC 18:4_22:2
Pos,NIST_Pos_03,1000,1000,SM d19:0_17:2
Pos,NIST_Pos_03,1000,1000,PI 16:1_22:2
Pos,NIST_Pos_03,979,979,Plasmenyl-PE P-16:0_20:4
Pos,NIST_Pos_03,981,981,PC 15:1_22:2
Pos,NIST_Pos_03,997,997,PC 13:0_24:4
Pos,NIST_Pos_03,999,999,SM d19:0_15:0
Pos,NIST_Pos_03,1000,1000,Plasmanyl-PC O-16:0_22:6
Pos,NIST_Pos_03,996,996,PC 11:0_22:1
Pos,NIST_Pos_03,999,999,Plasmenyl-PC P-18:0_14:1
Pos,NIST_Pos_03,997,997,PC 18:4_22:2
Pos,NIST_Pos_03,997,997,PC 18:4_22:2
Pos,NIST_Pos_03,1000,1000,Plasmenyl-PC P-20:0_20:5
Pos,NIST_Pos_03,997,997,PC 16:1_24:4
Pos,NIST_Pos_03,926,926,Plasmenyl-PE P-18:1_18:2
Pos,NIST_Pos_03,997,997,PC 15:1_22:2
Pos,NIST_Pos_03,1000,1000,Plasmenyl-PC P-18:0_18:2
Pos,NIST_Pos_03,997,997,PC 10:0_24:1
Pos,NIST_Pos_03,997,997,PC 16:1_24:4
Pos,NIST_Pos_03,997,997,PC 10:0_26:2
Pos,NIST_Pos_03,1000,1000,SM d19:0_17:1
Pos,NIST_Pos_03,997,997,PC 10:0_24:1
Pos,NIST_Pos_03,997,997,PC 10:0_24:1
Pos,NIST_Pos_03,999,999,PE 18:1_18:1
Pos,NIST_Pos_03,997,997,PC 16:1_24:4
Pos,NIST_Pos_03,999,999,Plasmanyl-PC O-20:0_18:4
Pos,NIST_Pos_03,997,997,PC 10:0_26:2
Pos,NIST_Pos_03,1000,1000,SM d18:0_20:2
Pos,NIST_Pos_03,1000,1000,SM d19:0_17:1
Pos,NIST_Pos_03,972,972,Plasmanyl-PC O-18:0_18:3
Pos,NIST_Pos_03,997,997,Plasmanyl-PC O-18:0_20:5
Pos,NIST_Pos_03,1000,1000,Plasmenyl-PC P-20:0_12:0
Pos,NIST_Pos_03,996,996,PC 11:0_24:1
Pos,NIST_Pos_03,977,977,Plasmenyl-PE P-18:0_20:4
Pos,NIST_Pos_03,997,997,PC 11:0_24:1
Pos,NIST_Pos_03,1000,1000,Plasmanyl-PC O-20:0_20:5
Pos,NIST_Pos_03,1000,1000,Plasmanyl-PC O-20:0_12:0
Pos,NIST_Pos_03,999,999,SM d19:0_17:0
Pos,NIST_Pos_03,804,804,Plasmenyl-PE P-16:0_18:1
Pos,NIST_Pos_03,997,997,PC 11:0_26:2
Pos,NIST_Pos_03,1000,1000,Plasmanyl-PC O-18:0_18:2
Pos,NIST_Pos_03,996,996,Plasmanyl-PC O-20:0_22:6
Pos,NIST_Pos_03,938,938,Plasmenyl-PE P-18:0_18:2
Pos,NIST_Pos_03,736,736,DG 16:0_18:2
Pos,NIST_Pos_03,996,996,PC 10:0_26:1
Pos,NIST_Pos_03,825,825,PC 12:0_26:2
Pos,NIST_Pos_03,742,742,DG 18:2_18:1
Pos,NIST_Pos_03,981,981,PC 10:0_26:0
Pos,NIST_Pos_03,997,997,PC 10:0_26:1
Pos,NIST_Pos_03,997,997,PC 10:0_24:0
Pos,NIST_Pos_03,931,931,DG 16:0_18:2
Pos,NIST_Pos_03,997,997,PC 12:0_26:2
Pos,NIST_Pos_03,999,999,PE 18:1_18:0
Pos,NIST_Pos_03,993,993,PC 10:0_26:0
Pos,NIST_Pos_03,1000,1000,SM d18:0_20:1
Pos,NIST_Pos_03,1000,1000,SM d18:0_22:2
Pos,NIST_Pos_03,1000,1000,SM d18:0_24:3
Pos,NIST_Pos_03,922,922,Plasmanyl-PC O-20:0_22:6
Pos,NIST_Pos_03,996,996,PC 14:1_26:2
Pos,NIST_Pos_03,1000,1000,SM d18:0_22:2
Pos,NIST_Pos_03,1000,1000,SM d18:0_24:3
Pos,NIST_Pos_03,996,996,PC 11:0_26:1
Pos,NIST_Pos_03,760,760,PC 10:0_26:0
Pos,NIST_Pos_03,1000,1000,Plasmanyl-PC O-18:0_18:2
Pos,NIST_Pos_03,1000,1000,Plasmanyl-PC O-20:0_22:5
Pos,NIST_Pos_03,1000,1000,Plasmanyl-PC O-20:0_20:4
Pos,NIST_Pos_03,716,716,DG 16:0_18:1
Pos,NIST_Pos_03,999,999,SM d19:0_20:1
Pos,NIST_Pos_03,1000,1000,SM d19:0_22:2
Pos,NIST_Pos_03,996,996,PC 10:0_26:2
Pos,NIST_Pos_03,1000,1000,SM d19:0_20:1
Pos,NIST_Pos_03,985,985,DG 16:0_18:1
Pos,NIST_Pos_03,745,745,DG 18:1_18:0
Pos,NIST_Pos_03,1000,1000,SM d19:0_22:2
Pos,NIST_Pos_03,997,997,PC 12:0_26:1
Pos,NIST_Pos_03,1000,1000,SM d19:0_22:2
Pos,NIST_Pos_03,984,984,Cer
Pos,NIST_Pos_03,742,742,Cer
Pos,NIST_Pos_03,853,853,Cer
Pos,NIST_Pos_03,991,991,PC 10:0_26:2
Pos,NIST_Pos_03,995,995,PC 14:1_26:1
Pos,NIST_Pos_03,614,614,HexCer
Pos,NIST_Pos_03,1000,1000,SM d18:0_24:2
Pos,NIST_Pos_03,1000,1000,SM d18:0_22:1
Pos,NIST_Pos_03,1000,1000,SM d18:0_22:1
Pos,NIST_Pos_03,998,998,SM d18:1_26:2
Pos,NIST_Pos_03,1000,1000,SM d18:0_22:1
Pos,NIST_Pos_03,1000,1000,Plasmenyl-PC P-20:0_24:4
Pos,NIST_Pos_03,824,824,Cer
Pos,NIST_Pos_03,987,987,Cer
Pos,NIST_Pos_03,1000,1000,SM d19:0_22:1
Pos,NIST_Pos_03,1000,1000,Plasmenyl-PC P-20:0_22:2
Pos,NIST_Pos_03,990,990,Cer
Pos,NIST_Pos_03,1000,1000,SM d19:0_22:1
Pos,NIST_Pos_03,815,815,Cer
Pos,NIST_Pos_03,824,824,Cer
Pos,NIST_Pos_03,992,992,Cer
Pos,NIST_Pos_03,988,988,Cer
Pos,NIST_Pos_03,788,788,Cer
Pos,NIST_Pos_03,998,998,SM d18:0_26:2
Pos,NIST_Pos_03,716,716,Cer
Pos,NIST_Pos_03,828,828,Cer
Pos,NIST_Pos_03,990,990,Cer
Pos,NIST_Pos_03,711,711,SM d19:0_15:1
Pos,NIST_Pos_03,999,999,SM d19:0_24:1
Pos,NIST_Pos_03,679,679,TG 16:1_16:0_18:1
Pos,NIST_Pos_03,991,991,Cer
Pos,NIST_Pos_03,635,635,TG 16:1_16:0_18:1
Pos,NIST_Pos_03,992,992,CE 22:5
Pos,NIST_Pos_03,995,995,CE 20:5
Pos,NIST_Pos_03,995,995,CE 20:3
Pos,NIST_Pos_03,715,715,TG 16:0_16:0_18:1
Pos,NIST_Pos_03,995,995,CE 20:3
Pos,NIST_Pos_03,793,793,Cer
Pos,NIST_Pos_03,749,749,TG 16:0_16:0_18:1
Pos,NIST_Pos_03,704,704,TG 16:0_16:0_18:1
Pos,NIST_Pos_03,624,624,TG 16:0_16:0_16:0
Pos,NIST_Pos_03,571,571,TG 16:0_16:0_18:1
Pos,NIST_Pos_03,913,913,TG 12:0_14:0_16:0
Pos,NIST_Pos_03,788,788,TG 10:0_16:0_18:1
Pos,NIST_Pos_03,578,578,TG 12:0_16:0_18:1
Pos,NIST_Pos_03,807,807,TG 12:0_16:0_18:2
Pos,NIST_Pos_03,764,764,TG 12:0_18:2_18:1
Pos,NIST_Pos_03,725,725,TG 14:0_18:2_18:2
Pos,NIST_Pos_03,818,818,TG 14:0_18:2_18:2
Pos,NIST_Pos_03,701,701,TG 14:0_16:1_18:2
Pos,NIST_Pos_03,792,792,TG 16:1_16:0_18:3
Pos,NIST_Pos_03,722,722,TG 16:0_18:3_18:2
Pos,NIST_Pos_03,957,957,TG 16:0_18:3_18:2
Pos,NIST_Pos_03,727,727,TG 16:1_16:0_18:3
Pos,NIST_Pos_03,701,701,TG 16:0_18:3_18:2
Pos,NIST_Pos_03,835,835,TG 16:0_18:3_18:2
Pos,NIST_Pos_03,667,667,TG 14:0_15:0_18:2
Pos,NIST_Pos_03,707,707,TG 15:0_16:1_18:2
Pos,NIST_Pos_03,853,853,TG 15:0_18:2_18:2
Pos,NIST_Pos_03,989,989,CE 22:6
Pos,NIST_Pos_03,898,898,TG 16:0_18:2_20:4
Pos,NIST_Pos_03,857,857,TG 14:0_14:0_16:0
Pos,NIST_Pos_03,554,554,TG 12:0_16:0_18:1
Pos,NIST_Pos_03,826,826,TG 12:0_16:0_18:1
Pos,NIST_Pos_03,879,879,TG 12:0_16:0_18:1
Pos,NIST_Pos_03,550,550,TG 14:0_16:1_18:1
Pos,NIST_Pos_03,951,951,TG 18:1_18:1_18:1
Pos,NIST_Pos_03,748,748,TG 16:0_18:2_18:2
Pos,NIST_Pos_03,818,818,TG 18:2_18:2_18:1
Pos,NIST_Pos_03,756,756,TG 16:0_18:3_18:1
Pos,NIST_Pos_03,781,781,TG 14:0_15:0_18:1
Pos,NIST_Pos_03,944,944,TG 15:0_16:0_18:2
Pos,NIST_Pos_03,996,996,CE 20:4
Pos,NIST_Pos_03,883,883,TG 15:0_18:2_18:1
Pos,NIST_Pos_03,771,771,TG 14:0_15:0_18:1
Pos,NIST_Pos_03,579,579,CE 22:4
Pos,NIST_Pos_03,958,958,TG 15:0_16:0_18:2
Pos,NIST_Pos_03,748,748,TG 15:0_18:2_18:1
Pos,NIST_Pos_03,805,805,TG 15:0_18:2_18:1
Pos,NIST_Pos_03,891,891,TG 16:0_18:1_20:4
Pos,NIST_Pos_03,864,864,TG 14:0_16:0_18:1
Pos,NIST_Pos_03,996,996,CE 18:2
Pos,NIST_Pos_03,830,830,TG 14:0_16:0_16:0
Pos,NIST_Pos_03,894,894,TG 16:1_16:0_18:1
Pos,NIST_Pos_03,698,698,TG 16:1_16:0_18:1
Pos,NIST_Pos_03,659,659,TG 14:0_16:0_18:1
Pos,NIST_Pos_03,864,864,TG 16:0_18:2_18:1
Pos,NIST_Pos_03,996,996,CE 16:1
Pos,NIST_Pos_03,766,766,TG 16:0_18:2_18:1
Pos,NIST_Pos_03,863,863,TG 16:1_16:0_16:0
Pos,NIST_Pos_03,996,996,CE 18:2
Pos,NIST_Pos_03,900,900,TG 18:2_18:1_18:1
Pos,NIST_Pos_03,989,989,TG 16:0_18:2_18:1
Pos,NIST_Pos_03,957,957,TG 18:2_18:1_18:1
Pos,NIST_Pos_03,645,645,TG 16:0_18:2_18:1
Pos,NIST_Pos_03,996,996,CE 18:2
Pos,NIST_Pos_03,947,947,TG 15:0_16:0_18:1
Pos,NIST_Pos_03,785,785,TG 15:0_16:0_16:0
Pos,NIST_Pos_03,602,602,TG 16:0_17:1_18:1
Pos,NIST_Pos_03,909,909,TG 15:0_16:0_18:1
Pos,NIST_Pos_03,601,601,TG 16:0_17:1_18:1
Pos,NIST_Pos_03,779,779,TG 17:0_18:2_18:1
Pos,NIST_Pos_03,992,992,CE 17:1
Pos,NIST_Pos_03,913,913,TG 16:0_16:0_18:1
Pos,NIST_Pos_03,758,758,TG 16:0_18:1_18:1
Pos,NIST_Pos_03,999,999,TG 16:0_16:0_16:0
Pos,NIST_Pos_03,647,647,TG 16:0_16:0_18:1
Pos,NIST_Pos_03,901,901,TG 16:0_16:0_18:1
Pos,NIST_Pos_03,698,698,TG 18:1_18:1_18:1
Pos,NIST_Pos_03,798,798,TG 16:0_18:1_18:1
Pos,NIST_Pos_03,633,633,TG 16:0_16:0_18:1
Pos,NIST_Pos_03,996,996,CE 18:1
Pos,NIST_Pos_03,877,877,TG 18:1_18:1_20:2
Pos,NIST_Pos_03,936,936,CE 20:1
Pos,NIST_Pos_03,987,987,TG 16:0_17:0_18:1
Pos,NIST_Pos_03,996,996,CE 16:0
Pos,NIST_Pos_03,847,847,TG 16:0_16:0_17:0
Pos,NIST_Pos_03,708,708,TG 17:0_18:1_18:1
Pos,NIST_Pos_03,855,855,TG 18:1_18:1_18:0
Pos,NIST_Pos_03,903,903,TG 16:0_16:0_18:0
Pos,NIST_Pos_03,746,746,TG 16:0_18:1_18:0
Pos,NIST_Pos_03,682,682,TG 16:0_18:1_18:0
Pos,NIST_Pos_03,977,977,TG 16:0_17:0_18:0
Pos,NIST_Pos_03,789,789,Alkenyl-TG P-18:0_16:0_16:0
Pos,NIST_Pos_03,890,890,CE 20:0
Pos,NIST_Pos_03,995,995,CE 18:0
Pos,NIST_Pos_03,532,532,TG 18:1_18:1_20:0
Pos,NIST_Pos_03,893,893,TG 18:1_18:0_18:0
Pos,NIST_Pos_03,660,660,TG 18:1_18:0_18:0
Pos,NIST_Pos_03,757,757,TG 16:0_18:1_24:1
Pos,NIST_Pos_03,998,998,TG 18:0_18:0_18:0
Pos,NIST_Pos_03,920,920,TG 18:1_18:1_24:0
Pos,NIST_Pos_03,978,978,TG 16:0_18:1_24:0
Pos,Blank_Pos,728,728,SP d16:0
Pos,Blank_Pos,820,820,PE 16:1_16:0
Pos,Blank_Pos,892,892,PA 18:1_18:1
Pos,Blank_Pos,651,651,PC 12:0_26:2
Pos,Blank_Pos,647,647,TG 16:0_16:0_18:1
Pos,Blank_Pos,623,623,TG 16:0_16:0_16:0
Pos,Blank_Pos,684,684,TG 16:0_16:0_16:0
Pos,Blank_Pos,569,569,TG 16:0_16:0_16:0
Pos,Blank_Pos,559,559,TG 16:0_16:0_16:0
Pos,Blank_Pos,503,503,TG 16:0_16:0_16:0
Pos,Blank_Pos,712,712,TG 16:0_16:0_16:0
Pos,Blank_Pos,568,568,TG 16:0_16:0_16:0
Pos,Blank_Pos,899,899,TG 16:0_16:0_16:0
Pos,Blank_Pos,927,927,TG 18:0_18:0_18:0
Pos,Blank_Pos,891,891,TG 18:0_18:0_18:0
Pos,Blank_Pos,851,851,TG 16:0_16:0_16:0
Pos,Blank_Pos,933,933,TG 16:0_16:0_16:0
Pos,Blank_Pos,980,980,TG 18:0_18:0_18:0
Pos,Blank_Pos,959,959,TG 16:0_16:0_16:0
Pos,Blank_Pos,772,772,TG 16:0_18:0_18:0
Pos,Blank_Pos,858,858,TG 16:0_16:0_16:0
Pos,Blank_Pos,693,693,TG 16:0_16:0_18:0
Pos,Blank_Pos,797,797,TG 16:0_16:0_16:0
Pos,Blank_Pos,721,721,TG 16:0_18:0_18:0
Pos,Blank_Pos,675,675,TG 16:0_16:0_18:0
Pos,Blank_Pos,775,775,TG 16:0_16:0_18:0
Pos,Blank_Pos,991,991,TG 18:0_18:0_18:0
Pos,Blank_Pos,759,759,TG 16:0_18:0_18:0
Pos,Blank_Pos,970,970,TG 16:0_16:0_16:0
Pos,Blank_Pos,996,996,TG 18:0_18:0_18:0
Pos,Blank_Pos,923,923,TG 16:0_16:0_16:0
Pos,Blank_Pos,957,957,TG 16:0_16:0_16:0
Pos,Blank_Pos,998,998,TG 18:0_18:0_18:0
Pos,Blank_Pos,562,562,TG 18:0_18:0_20:0
Pos,Blank_Pos,966,966,TG 16:0_16:0_16:0
Pos,Blank_Pos,805,805,TG 16:0_16:0_16:0
Pos,Blank_Pos,621,621,TG 18:0_18:0_20:0
Pos,Blank_Pos,980,980,TG 16:0_16:0_16:0
Pos,Blank_Pos,657,657,TG 16:0_16:0_18:0
Pos,Blank_Pos,522,522,TG 18:0_18:0_20:0
Pos,Blank_Pos,982,982,TG 16:0_16:0_16:0
Pos,Blank_Pos,999,999,TG 18:0_18:0_18:0
Pos,Blank_Pos,964,964,TG 16:0_16:0_16:0
Pos,Blank_Pos,962,962,TG 16:0_16:0_16:0
Pos,Blank_Pos,998,998,TG 18:0_18:0_18:0
Pos,Blank_Pos,973,973,TG 16:0_16:0_16:0
Pos,Blank_Pos,999,999,TG 18:0_18:0_18:0
Pos,Blank_Pos,967,967,TG 16:0_16:0_16:0
Pos,Blank_Pos,544,544,TG 18:0_18:0_20:0
Pos,Blank_Pos,909,909,TG 16:0_16:0_16:0
Pos,Blank_Pos,569,569,TG 18:0_18:0_20:0
Pos,Blank_Pos,999,999,TG 18:0_18:0_18:0
Pos,Blank_Pos,569,569,TG 18:0_18:0_20:0
Pos,Blank_Pos,906,906,TG 16:0_16:0_16:0
Pos,Blank_Pos,841,841,TG 16:0_18:0_18:0
Pos,Blank_Pos,975,975,TG 16:0_16:0_16:0
Pos,Blank_Pos,963,963,TG 16:0_16:0_16:0
Pos,Blank_Pos,550,550,TG 18:0_18:0_20:0
Pos,Blank_Pos,844,844,TG 16:0_18:0_18:0
Pos,Blank_Pos,999,999,TG 18:0_18:0_18:0
Pos,Blank_Pos,959,959,TG 16:0_16:0_16:0
Pos,Blank_Pos,763,763,TG 16:0_16:0_16:0
Pos,Blank_Pos,920,920,TG 16:0_16:0_16:0
Pos,Blank_Pos,735,735,TG 16:0_18:0_18:0
Pos,Blank_Pos,523,523,TG 18:0_18:0_20:0
Pos,Blank_Pos,773,773,TG 16:0_16:0_18:0
Pos,Blank_Pos,969,969,TG 16:0_16:0_16:0
Pos,Blank_Pos,801,801,TG 16:0_18:0_18:0
Pos,Blank_Pos,928,928,TG 16:0_16:0_16:0
Pos,Blank_Pos,901,901,TG 16:0_16:0_16:0
Pos,Blank_Pos,887,887,TG 16:0_18:0_18:0
Pos,Blank_Pos,586,586,TG 18:0_18:0_20:0
Pos,Blank_Pos,999,999,TG 18:0_18:0_18:0
Pos,Blank_Pos,936,936,TG 16:0_16:0_16:0
Pos,Blank_Pos,525,525,TG 18:0_18:0_20:0
Pos,Blank_Pos,834,834,TG 16:0_16:0_18:1
Pos,Blank_Pos,861,861,TG 16:0_16:0_16:0
Pos,Blank_Pos,754,754,TG 18:0_18:0_20:0
Pos,Blank_Pos,722,722,TG 16:0_16:0_18:0
Pos,Blank_Pos,663,663,TG 18:0_18:0_20:0
Pos,Blank_Pos,999,999,TG 18:0_18:0_18:0
Pos,Blank_Pos,501,501,TG 18:0_18:0_20:0
Pos,Blank_Pos,999,999,TG 18:0_18:0_18:0
Pos,Blank_Pos,974,974,TG 16:0_16:0_16:0
Pos,Blank_Pos,999,999,TG 18:0_18:0_18:0
Pos,Blank_Pos,976,976,TG 16:0_16:0_16:0
Pos,Blank_Pos,999,999,TG 18:0_18:0_18:0
Pos,Blank_Pos,968,968,TG 16:0_16:0_16:0
Pos,Blank_Pos,998,998,TG 18:0_18:0_18:0
Pos,Blank_Pos,934,934,TG 16:0_16:0_16:0
Pos,Blank_Pos,862,862,TG 16:0_16:0_16:0
Pos,Blank_Pos,998,998,TG 18:0_18:0_18:0
Pos,Blank_Pos,955,955,TG 16:0_16:0_16:0
Pos,Blank_Pos,995,995,TG 18:0_18:0_18:0
Pos,Blank_Pos,989,989,TG 18:0_18:0_18:0
Pos,Blank_Pos,959,959,TG 18:0_18:0_18:0
Pos,Blank_Pos,962,962,TG 16:0_16:0_16:0
Pos,Blank_Pos,924,924,TG 16:0_16:0_16:0
Pos,NIST_Pos_01,723,723,SP d16:0
Pos,NIST_Pos_01,616,616,SP d16:0
Pos,NIST_Pos_01,872,872,LysoPC 20:5
Pos,NIST_Pos_01,655,655,LysoPE 20:5
Pos,NIST_Pos_01,938,938,LysoPC 20:4
Pos,NIST_Pos_01,942,942,LysoPC 18:2
Pos,NIST_Pos_01,990,990,LysoPE 22:6
Pos,NIST_Pos_01,907,907,LysoPC 20:3
Pos,NIST_Pos_01,992,992,AC 18:1
Pos,NIST_Pos_01,954,954,LysoPC 20:4
Pos,NIST_Pos_01,652,652,LysoPC 15:0
Pos,NIST_Pos_01,944,944,LysoPC 16:0
Pos,NIST_Pos_01,649,649,LysoPE 22:5
Pos,NIST_Pos_01,951,951,LysoPC 17:1
Pos,NIST_Pos_01,999,999,LysoPE 16:0
Pos,NIST_Pos_01,849,849,LysoPE 20:3
Pos,NIST_Pos_01,994,994,LysoPE 16:0
Pos,NIST_Pos_01,947,947,LysoPC 22:4
Pos,NIST_Pos_01,998,998,LysoPE 18:1
Pos,NIST_Pos_01,970,970,AC 18:0
Pos,NIST_Pos_01,948,948,LysoPC 16:0
Pos,NIST_Pos_01,943,943,LysoPC 16:0
Pos,NIST_Pos_01,940,940,LysoPC 18:0
Pos,NIST_Pos_01,879,879,LysoPE 18:0
Pos,NIST_Pos_01,995,995,LysoPE 18:0
Pos,NIST_Pos_01,970,970,LysoPC 16:0
Pos,NIST_Pos_01,928,928,LysoPC 20:0
Pos,NIST_Pos_01,945,945,LysoPC 18:0
Pos,NIST_Pos_01,944,944,LysoPC 16:0
Pos,NIST_Pos_01,944,944,LysoPC 18:0
Pos,NIST_Pos_01,919,919,LysoPC 16:0
Pos,NIST_Pos_01,924,924,PC
Pos,NIST_Pos_01,946,946,LysoPC 20:0
Pos,NIST_Pos_01,835,835,PC
Pos,NIST_Pos_01,834,834,PC
Pos,NIST_Pos_01,786,786,PC
Pos,NIST_Pos_01,944,944,LysoPC 16:0
Pos,NIST_Pos_01,694,694,PC
Pos,NIST_Pos_01,784,784,PC
Pos,NIST_Pos_01,767,767,PC
Pos,NIST_Pos_01,997,997,PC 14:1_22:4
Pos,NIST_Pos_01,691,691,PC
Pos,NIST_Pos_01,948,948,LysoPC 16:0
Pos,NIST_Pos_01,526,526,PC
Pos,NIST_Pos_01,637,637,PC
Pos,NIST_Pos_01,783,783,PC
Pos,NIST_Pos_01,999,999,SM d18:1_12:0
Pos,NIST_Pos_01,949,949,PC
Pos,NIST_Pos_01,806,806,LysoPC 24:1
Pos,NIST_Pos_01,971,971,PC 14:1_24:4
Pos,NIST_Pos_01,945,945,LysoPC 18:0
Pos,NIST_Pos_01,697,697,PC
Pos,NIST_Pos_01,734,734,PC
Pos,NIST_Pos_01,960,960,PC
Pos,NIST_Pos_01,999,999,SM d18:1_14:1
Pos,NIST_Pos_01,805,805,PC
Pos,NIST_Pos_01,941,941,LysoPC 16:0
Pos,NIST_Pos_01,971,971,SM d18:4_24:4
Pos,NIST_Pos_01,779,779,PC 10:0_24:1
Pos,NIST_Pos_01,796,796,PC 10:0_26:2
Pos,NIST_Pos_01,983,983,Plasmenyl-PC P-18:0_22:6
Pos,NIST_Pos_01,999,999,SM d17:0_14:1
Pos,NIST_Pos_01,936,936,PI 14:1_24:4
Pos,NIST_Pos_01,937,937,PC
Pos,NIST_Pos_01,887,887,LysoPC 18:0
Pos,NIST_Pos_01,617,617,PC 16:1_22:6
Pos,NIST_Pos_01,603,603,Plasmenyl-PE P-16:0_20:5
Pos,NIST_Pos_01,994,994,PC 14:1_22:5
Pos,NIST_Pos_01,879,879,PC 10:0_26:2
Pos,NIST_Pos_01,761,761,PC 10:0_26:2
Pos,NIST_Pos_01,834,834,PC 16:1_22:2
Pos,NIST_Pos_01,705,705,PC
Pos,NIST_Pos_01,692,692,PC
Pos,NIST_Pos_01,996,996,PC 14:1_22:4
Pos,NIST_Pos_01,966,966,PC
Pos,NIST_Pos_01,971,971,SM d18:0_14:0
Pos,NIST_Pos_01,999,999,SM d18:0_14:1
Pos,NIST_Pos_01,696,696,PC
Pos,NIST_Pos_01,970,970,SM d18:0_14:0
Pos,NIST_Pos_01,1000,1000,SM d18:0_14:1
Pos,NIST_Pos_01,997,997,PC
Pos,NIST_Pos_01,997,997,PC
Pos,NIST_Pos_01,1000,1000,SM d18:1_16:1
Pos,NIST_Pos_01,893,893,PC 16:1_22:2
Pos,NIST_Pos_01,997,997,PC 16:1_22:5
Pos,NIST_Pos_01,745,745,PC
Pos,NIST_Pos_01,842,842,PC 10:0_22:1
Pos,NIST_Pos_01,983,983,PC 18:3_22:4
Pos,NIST_Pos_01,1000,1000,SM d18:1_16:1
Pos,NIST_Pos_01,997,997,PC 12:0_24:4
Pos,NIST_Pos_01,859,859,PC 10:0_26:1
Pos,NIST_Pos_01,808,808,PC 18:4_22:2
Pos,NIST_Pos_01,997,997,PC 12:0_24:4
Pos,NIST_Pos_01,997,997,PC 11:0_24:4
Pos,NIST_Pos_01,739,739,PC
Pos,NIST_Pos_01,970,970,PC
Pos,NIST_Pos_01,926,926,SM d18:0_14:0
Pos,NIST_Pos_01,791,791,PC 16:1_22:2
Pos,NIST_Pos_01,997,997,PC 16:1_22:5
Pos,NIST_Pos_01,959,959,PC
Pos,NIST_Pos_01,977,977,PC 12:0_22:2
Pos,NIST_Pos_01,999,999,SM d19:0_15:1
Pos,NIST_Pos_01,955,955,PE 16:0_22:6
Pos,NIST_Pos_01,877,877,HexCer
Pos,NIST_Pos_01,955,955,PC 18:4_22:2
Pos,NIST_Pos_01,976,976,PI 14:1_22:2
Pos,NIST_Pos_01,938,938,LysoPC 16:0
Pos,NIST_Pos_01,724,724,PC 12:0_26:2
Pos,NIST_Pos_01,925,925,LysoPC 18:0
Pos,NIST_Pos_01,997,997,PC 15:1_20:2
Pos,NIST_Pos_01,994,994,PI 18:4_22:2
Pos,NIST_Pos_01,1000,1000,Plasmanyl-PC O-16:0_20:5
Pos,NIST_Pos_01,1000,1000,SM d19:0_15:1
Pos,NIST_Pos_01,991,991,PE 18:2_18:2
Pos,NIST_Pos_01,999,999,SM d19:0_15:1
Pos,NIST_Pos_01,976,976,PC 10:0_22:0
Pos,NIST_Pos_01,977,977,PI 14:0_24:4
Pos,NIST_Pos_01,960,960,Plasmenyl-PE P-16:0_22:6
Pos,NIST_Pos_01,992,992,PC 17:2_22:4
Pos,NIST_Pos_01,997,997,PC 14:1_22:2
Pos,NIST_Pos_01,1000,1000,SM d19:0_15:1
Pos,NIST_Pos_01,979,979,SM d19:0_17:1
Pos,NIST_Pos_01,997,997,PC 14:1_24:4
Pos,NIST_Pos_01,997,997,PC 13:0_24:4
Pos,NIST_Pos_01,1000,1000,PE 16:0_18:2
Pos,NIST_Pos_01,1000,1000,Plasmanyl-PC O-16:0_20:5
Pos,NIST_Pos_01,997,997,PC 14:0_24:4
Pos,NIST_Pos_01,1000,1000,PI 10:0_26:2
Pos,NIST_Pos_01,997,997,PC 12:0_22:2
Pos,NIST_Pos_01,1000,1000,PI 10:0_26:2
Pos,NIST_Pos_01,996,996,PC 10:0_21:0
Pos,NIST_Pos_01,982,982,PC 16:1_22:2
Pos,NIST_Pos_01,999,999,SM d19:0_15:1
Pos,NIST_Pos_01,998,998,Plasmanyl-PC O-16:0_14:1
Pos,NIST_Pos_01,997,997,PC 11:0_22:1
Pos,NIST_Pos_01,997,997,PC 14:0_24:4
Pos,NIST_Pos_01,997,997,PC 14:1_22:2
Pos,NIST_Pos_01,997,997,PC 18:4_22:2
Pos,NIST_Pos_01,997,997,PC 12:0_22:2
Pos,NIST_Pos_01,981,981,PC 11:0_24:1
Pos,NIST_Pos_01,997,997,PC 18:4_22:2
Pos,NIST_Pos_01,1000,1000,Plasmanyl-PC O-18:0_20:5
Pos,NIST_Pos_01,1000,1000,Plasmanyl-PC O-16:0_18:3
Pos,NIST_Pos_01,1000,1000,Plasmanyl-PC O-16:0_18:3
Pos,NIST_Pos_01,997,997,PC 13:0_22:2
Pos,NIST_Pos_01,997,997,PC 16:1_24:4
Pos,NIST_Pos_01,668,668,Plasmenyl-PE P-18:1_18:2
Pos,NIST_Pos_01,920,920,PC 10:0_26:2
Pos,NIST_Pos_01,939,939,Plasmenyl-PE P-16:0_18:2
Pos,NIST_Pos_01,987,987,PC 16:0_24:4
Pos,NIST_Pos_01,982,982,PC 16:1_22:2
Pos,NIST_Pos_01,981,981,PC 11:0_26:2
Pos,NIST_Pos_01,747,747,SM d19:0_15:0
Pos,NIST_Pos_01,997,997,PC 12:0_22:2
Pos,NIST_Pos_01,979,979,PC 11:0_24:1
Pos,NIST_Pos_01,840,840,PE 17:0_18:2
Pos,NIST_Pos_01,982,982,Plasmanyl-PC O-20:0_14:1
Pos,NIST_Pos_01,991,991,Cer
Pos,NIST_Pos_01,896,896,Cer
Pos,NIST_Pos_01,997,997,Plasmanyl-PC O-18:0_20:5
Pos,NIST_Pos_01,977,977,PC 10:0_24:0
Pos,NIST_Pos_01,997,997,PC 10:0_24:1
Pos,NIST_Pos_01,986,986,Plasmanyl-PC O-18:0_18:2
Pos,NIST_Pos_01,997,997,PC 10:0_26:2
Pos,NIST_Pos_01,961,961,Plasmenyl-PE P-18:0_22:6
Pos,NIST_Pos_01,1000,1000,PE 16:0_18:1
Pos,NIST_Pos_01,1000,1000,PI 10:0_26:1
Pos,NIST_Pos_01,995,995,PC 16:1_22:2
Pos,NIST_Pos_01,868,868,DG 18:2_18:2
Pos,NIST_Pos_01,997,997,PC 10:0_24:1
Pos,NIST_Pos_01,997,997,PC 10:0_26:2
Pos,NIST_Pos_01,978,978,SM d19:0_17:0
Pos,NIST_Pos_01,997,997,PC 16:1_22:2
Pos,NIST_Pos_01,997,997,PC 10:0_24:1
Pos,NIST_Pos_01,997,997,PC 16:1_24:4
Pos,NIST_Pos_01,999,999,SM d18:0_20:2
Pos,NIST_Pos_01,999,999,Plasmanyl-PC O-18:0_22:6
Pos,NIST_Pos_01,984,984,PC 12:0_26:2
Pos,NIST_Pos_01,978,978,PC 10:0_24:0
Pos,NIST_Pos_01,982,982,Plasmanyl-PC O-20:0_18:3
Pos,NIST_Pos_01,996,996,PC 16:0_24:4
Pos,NIST_Pos_01,997,997,PC 10:0_26:2
Pos,NIST_Pos_01,997,997,PC 16:1_22:2
Pos,NIST_Pos_01,999,999,SM d19:0_15:1
Pos,NIST_Pos_01,1000,1000,SM d18:0_20:2
Pos,NIST_Pos_01,999,999,SM d19:0_17:1
Pos,NIST_Pos_01,898,898,PC 15:1_20:2
Pos,NIST_Pos_01,992,992,Plasmanyl-PC O-18:0_18:3
Pos,NIST_Pos_01,993,993,PC 10:0_24:0
Pos,NIST_Pos_01,997,997,PC 16:1_22:2
Pos,NIST_Pos_01,997,997,PC 10:0_26:2
Pos,NIST_Pos_01,983,983,PC 14:1_26:2
Pos,NIST_Pos_01,980,980,PC 11:0_26:1
Pos,NIST_Pos_01,997,997,PC 16:0_24:4
Pos,NIST_Pos_01,910,910,Plasmenyl-PE P-16:0_18:1
Pos,NIST_Pos_01,856,856,PC 10:0_26:1
Pos,NIST_Pos_01,979,979,Plasmanyl-PC O-20:0_14:0
Pos,NIST_Pos_01,998,998,Plasmanyl-PC O-20:0_18:4
Pos,NIST_Pos_01,724,724,DG 16:0_18:2
Pos,NIST_Pos_01,997,997,Plasmanyl-PC O-20:0_16:1
Pos,NIST_Pos_01,605,605,PC 12:0_26:2
Pos,NIST_Pos_01,952,952,PC 11:0_26:1
Pos,NIST_Pos_01,771,771,SM d19:0_15:1
Pos,NIST_Pos_01,733,733,DG 18:2_18:1
Pos,NIST_Pos_01,996,996,PC 16:0_24:4
Pos,NIST_Pos_01,959,959,PC 18:4_24:1
Pos,NIST_Pos_01,601,601,PC
Pos,NIST_Pos_01,999,999,SM d19:0_22:3
Pos,NIST_Pos_01,992,992,PC
Pos,NIST_Pos_01,998,998,Plasmanyl-PC O-18:0_18:2
Pos,NIST_Pos_01,930,930,DG 18:2_18:1
Pos,NIST_Pos_01,1000,1000,SM d18:0_20:1
Pos,NIST_Pos_01,990,990,PC 12:0_26:1
Pos,NIST_Pos_01,1000,1000,SM d18:0_24:3
Pos,NIST_Pos_01,987,987,SM d18:0_22:1
Pos,NIST_Pos_01,984,984,SM d18:0_24:2
Pos,NIST_Pos_01,1000,1000,SM d18:0_24:3
Pos,NIST_Pos_01,686,686,SM d19:0_15:1
Pos,NIST_Pos_01,1000,1000,SM d18:0_24:3
Pos,NIST_Pos_01,985,985,SM d18:0_24:2
Pos,NIST_Pos_01,511,511,SM d19:0_17:1
Pos,NIST_Pos_01,993,993,PC 12:0_22:2
Pos,NIST_Pos_01,996,996,SM d19:0_20:1
Pos,NIST_Pos_01,839,839,HexCer
Pos,NIST_Pos_01,1000,1000,SM d19:0_22:2
Pos,NIST_Pos_01,684,684,SM d19:0_15:1
Pos,NIST_Pos_01,994,994,PC 10:0_26:1
Pos,NIST_Pos_01,922,922,LysoPC 16:0
Pos,NIST_Pos_01,994,994,PC 10:0_24:1
Pos,NIST_Pos_01,999,999,SM d19:0_24:3
Pos,NIST_Pos_01,638,638,Cer
Pos,NIST_Pos_01,995,995,PC 10:0_24:1
Pos,NIST_Pos_01,985,985,SM d18:0_24:1
Pos,NIST_Pos_01,994,994,PC 10:0_26:1
Pos,NIST_Pos_01,995,995,PC 10:0_24:1
Pos,NIST_Pos_01,993,993,PC 14:1_26:1
Pos,NIST_Pos_01,998,998,SM d19:0_22:1
Pos,NIST_Pos_01,995,995,SM d19:0_20:0
Pos,NIST_Pos_01,996,996,PC 10:0_24:1
Pos,NIST_Pos_01,979,979,Plasmanyl-PC O-20:0_22:4
Pos,NIST_Pos_01,897,897,LysoPC 16:0
Pos,NIST_Pos_01,1000,1000,SM d18:0_24:2
Pos,NIST_Pos_01,975,975,SM d19:0_22:2
Pos,NIST_Pos_01,986,986,Plasmanyl-PC O-20:0_24:4
Pos,NIST_Pos_01,963,963,SM d19:0_21:0
Pos,NIST_Pos_01,1000,1000,SM d18:0_24:2
Pos,NIST_Pos_01,1000,1000,SM d19:0_24:2
Pos,NIST_Pos_01,1000,1000,SM d19:0_22:1
Pos,NIST_Pos_01,999,999,SM d18:0_24:1
Pos,NIST_Pos_01,975,975,SM d19:0_23:0
Pos,NIST_Pos_01,1000,1000,SM d19:0_24:2
Pos,NIST_Pos_01,993,993,SM d18:0_24:1
Pos,NIST_Pos_01,695,695,LysoPC 16:0
Pos,NIST_Pos_01,997,997,SM d19:0_24:2
Pos,NIST_Pos_01,979,979,SM d18:0_24:1
Pos,NIST_Pos_01,922,922,LysoPC 16:0
Pos,NIST_Pos_01,982,982,PC 10:0_24:1
Pos,NIST_Pos_01,996,996,SM d18:0_24:1
Pos,NIST_Pos_01,961,961,PC 10:0_24:1
Pos,NIST_Pos_01,986,986,SM d19:0_23:0
Pos,NIST_Pos_01,1000,1000,SM d18:0_24:1
Pos,NIST_Pos_01,668,668,Plasmanyl-PC O-18:0_18:2
Pos,NIST_Pos_01,965,965,PC 10:0_24:1
Pos,NIST_Pos_01,986,986,PC 12:0_22:2
Pos,NIST_Pos_01,1000,1000,SM d18:0_24:1
Pos,NIST_Pos_01,1000,1000,SM d18:0_24:1
Pos,NIST_Pos_01,960,960,SM d19:0_23:0
Pos,NIST_Pos_01,993,993,PC 10:0_24:1
Pos,NIST_Pos_01,996,996,SM d19:0_24:1
Pos,NIST_Pos_01,584,584,TG 16:0_16:0_18:2
Pos,NIST_Pos_01,930,930,CE 20:3
Pos,NIST_Pos_01,889,889,PC 10:0_24:1
Pos,NIST_Pos_01,983,983,PC 12:0_22:2
Pos,NIST_Pos_01,952,952,PC 10:0_24:1
Pos,NIST_Pos_01,535,535,TG 16:0_16:0_18:1
Pos,NIST_Pos_01,653,653,TG 14:1_16:0_18:2
Pos,NIST_Pos_01,681,681,TG 14:0_15:0_18:2
Pos,NIST_Pos_01,655,655,TG 14:0_16:0_20:4
Pos,NIST_Pos_01,576,576,TG 16:0_18:2_20:4
Pos,NIST_Pos_01,869,869,TG 16:0_16:0_20:5
Pos,NIST_Pos_01,882,882,TG 16:0_16:0_16:0
Pos,NIST_Pos_01,502,502,TG 14:0_16:0_16:0
Pos,NIST_Pos_01,618,618,TG 14:0_16:0_18:1
Pos,NIST_Pos_01,674,674,TG 16:1_16:0_18:2
Pos,NIST_Pos_01,566,566,TG 16:0_18:1_22:6
Pos,NIST_Pos_01,564,564,TG 16:0_16:0_18:1
Pos,NIST_Pos_01,865,865,TG 16:1_16:0_18:2
Pos,NIST_Pos_01,581,581,TG 16:0_16:0_18:3
Pos,NIST_Pos_01,894,894,TG 14:1_16:0_18:1
Pos,NIST_Pos_01,761,761,TG 18:2_18:1_18:1
Pos,NIST_Pos_01,996,996,CE 20:4
Pos,NIST_Pos_01,527,527,TG 16:0_18:2_18:1
Pos,NIST_Pos_01,965,965,TG 16:0_16:0_18:3
Pos,NIST_Pos_01,512,512,TG 18:2_18:1_18:1
Pos,NIST_Pos_01,682,682,TG 14:0_16:0_18:2
Pos,NIST_Pos_01,688,688,TG 16:0_18:3_18:1
Pos,NIST_Pos_01,548,548,TG 15:0_16:0_18:1
Pos,NIST_Pos_01,910,910,TG 16:0_18:2_22:4
Pos,NIST_Pos_01,768,768,TG 16:0_18:2_18:1
Pos,NIST_Pos_01,647,647,TG 16:0_16:0_20:4
Pos,NIST_Pos_01,650,650,TG 16:0_18:1_20:4
Pos,NIST_Pos_01,557,557,TG 16:0_18:2_18:1
Pos,NIST_Pos_01,741,741,TG 15:1_16:0_18:1
Pos,NIST_Pos_01,895,895,TG 16:0_16:0_16:0
Pos,NIST_Pos_01,631,631,TG 16:0_16:0_18:1
Pos,NIST_Pos_01,548,548,TG 16:0_18:1_22:5
Pos,NIST_Pos_01,606,606,TG 16:0_18:1_18:1
Pos,NIST_Pos_01,682,682,TG 16:1_16:0_18:1
Pos,NIST_Pos_01,675,675,TG 14:0_16:0_18:1
Pos,NIST_Pos_01,996,996,CE 16:1
Pos,NIST_Pos_01,937,937,TG 16:0_18:2_18:1
Pos,NIST_Pos_01,774,774,TG 16:0_18:2_18:1
Pos,NIST_Pos_01,830,830,TG 16:1_16:0_16:0
Pos,NIST_Pos_01,622,622,TG 16:0_18:1_18:1
Pos,NIST_Pos_01,996,996,CE 18:2
Pos,NIST_Pos_01,644,644,TG 18:1_18:1_18:1
Pos,NIST_Pos_01,992,992,TG 16:0_18:2_18:1
Pos,NIST_Pos_01,996,996,CE 18:2
Pos,NIST_Pos_01,974,974,TG 18:2_18:1_18:1
Pos,NIST_Pos_01,764,764,TG 16:0_16:0_18:2
Pos,NIST_Pos_01,773,773,TG 18:2_18:1_18:1
Pos,NIST_Pos_01,944,944,TG 18:2_18:1_18:1
Pos,NIST_Pos_01,749,749,TG 16:0_18:2_18:1
Pos,NIST_Pos_01,950,950,CE 20:1
Pos,NIST_Pos_01,990,990,TG 16:0_18:2_18:1
Pos,NIST_Pos_01,601,601,TG 18:1_18:1_18:1
Pos,NIST_Pos_01,948,948,TG 15:0_16:0_18:1
Pos,NIST_Pos_01,996,996,CE 18:2
Pos,NIST_Pos_01,731,731,TG 16:0_16:0_18:1
Pos,NIST_Pos_01,561,561,TG 16:0_18:1_18:1
Pos,NIST_Pos_01,625,625,TG 16:0_18:2_18:1
Pos,NIST_Pos_01,636,636,TG 16:0_17:1_18:1
Pos,NIST_Pos_01,967,967,CE 20:1
Pos,NIST_Pos_01,996,996,TG 16:0_16:0_16:0
Pos,NIST_Pos_01,782,782,TG 16:0_17:1_18:1
Pos,NIST_Pos_01,902,902,TG 15:0_16:0_18:1
Pos,NIST_Pos_01,709,709,TG 16:0_18:1_20:2
Pos,NIST_Pos_01,995,995,CE 18:2
Pos,NIST_Pos_01,617,617,TG 17:0_18:1_18:1
Pos,NIST_Pos_01,513,513,TG 18:0_18:0_20:4
Pos,NIST_Pos_01,708,708,TG 16:0_18:1_18:1
Pos,NIST_Pos_01,589,589,TG 17:0_18:2_18:1
Pos,NIST_Pos_01,619,619,TG 18:1_18:0_20:4
Pos,NIST_Pos_01,917,917,TG 16:0_17:1_18:1
Pos,NIST_Pos_01,865,865,CE 20:1
Pos,NIST_Pos_01,551,551,TG 16:0_18:1_18:0
Pos,NIST_Pos_01,781,781,TG 16:0_18:1_18:1
Pos,NIST_Pos_01,893,893,TG 16:0_18:1_18:1
Pos,NIST_Pos_01,540,540,TG 16:0_18:1_18:0
Pos,NIST_Pos_01,912,912,TG 16:0_18:1_18:1
Pos,NIST_Pos_01,598,598,TG 18:1_18:1_18:0
Pos,NIST_Pos_01,786,786,TG 16:0_18:1_18:1
Pos,NIST_Pos_01,566,566,TG 16:0_18:1_18:0
Pos,NIST_Pos_01,870,870,TG 17:0_18:1_18:1
Pos,NIST_Pos_01,980,980,TG 18:1_18:1_18:1
Pos,NIST_Pos_01,510,510,TG 16:0_17:0_18:0
Pos,NIST_Pos_01,650,650,TG 16:0_18:1_18:0
Pos,NIST_Pos_01,564,564,TG 17:0_18:1_18:0
Pos,NIST_Pos_01,622,622,TG 16:0_18:1_18:0
Pos,NIST_Pos_01,693,693,TG 16:0_16:0_18:0
Pos,NIST_Pos_01,990,990,TG 16:0_16:0_16:0
Pos,NIST_Pos_01,633,633,TG 16:0_18:1_19:0
Pos,NIST_Pos_01,994,994,TG 16:0_18:1_18:0
Pos,NIST_Pos_01,650,650,TG 18:1_18:0_18:0
Pos,NIST_Pos_01,658,658,TG 16:0_18:0_18:0
Pos,NIST_Pos_01,704,704,TG 18:1_18:1_18:0
Pos,NIST_Pos_01,885,885,TG 18:1_18:1_18:0
Pos,NIST_Pos_01,638,638,TG 16:0_16:0_18:0
Pos,NIST_Pos_01,761,761,TG 18:1_18:1_18:0
Pos,NIST_Pos_01,736,736,TG 18:1_18:0_18:0
Pos,NIST_Pos_01,654,654,TG 16:0_18:0_18:0
Pos,NIST_Pos_01,988,988,TG 18:0_18:0_18:0
Pos,NIST_Pos_01,967,967,TG 16:0_18:1_18:0
Pos,NIST_Pos_01,826,826,TG 16:0_16:0_18:0
Pos,NIST_Pos_01,985,985,TG 16:0_16:0_16:0
Pos,NIST_Pos_01,865,865,TG 18:0_18:0_18:0
Pos,NIST_Pos_01,672,672,TG 16:0_18:1_20:0
Pos,NIST_Pos_01,980,980,CE 18:2
Pos,NIST_Pos_01,972,972,TG 17:0_18:1_18:0
Pos,NIST_Pos_01,959,959,TG 16:0_18:1_18:0
Pos,NIST_Pos_01,768,768,TG 16:0_16:0_18:0
Pos,NIST_Pos_01,879,879,TG 16:0_18:1_18:0
Pos,NIST_Pos_01,814,814,TG 18:0_18:0_18:0
Pos,NIST_Pos_01,870,870,TG 16:0_16:0_18:0
Pos,NIST_Pos_01,770,770,TG 18:1_18:1_18:0
Pos,NIST_Pos_01,833,833,TG 16:0_18:1_18:0
Pos,NIST_Pos_01,782,782,TG 16:0_16:0_18:0
Pos,NIST_Pos_01,993,993,CE 18:2
Pos,NIST_Pos_01,764,764,TG 18:1_18:1_18:0
Pos,NIST_Pos_01,852,852,TG 16:0_18:1_18:0
Pos,NIST_Pos_01,835,835,TG 18:1_18:1_18:0
Pos,NIST_Pos_01,507,507,TG 16:0_16:0_18:0
Pos,NIST_Pos_01,827,827,TG 16:0_18:1_18:0
Pos,NIST_Pos_01,548,548,TG 18:1_18:0_22:0
Pos,NIST_Pos_01,902,902,TG 16:0_16:0_18:1
Pos,NIST_Pos_01,819,819,TG 18:1_18:1_18:0
Pos,NIST_Pos_01,847,847,TG 16:0_18:1_18:0
Pos,NIST_Pos_01,985,985,TG 16:0_16:0_16:0
Pos,NIST_Pos_01,749,749,TG 16:0_16:0_18:0
Pos,NIST_Pos_01,814,814,TG 18:1_18:1_18:0
Pos,NIST_Pos_01,858,858,TG 16:0_18:1_18:0
Pos,NIST_Pos_01,747,747,TG 16:0_16:0_18:0
Pos,NIST_Pos_01,891,891,TG 16:0_16:0_18:1
Pos,NIST_Pos_01,806,806,TG 18:1_18:1_18:0
Pos,NIST_Pos_01,878,878,TG 16:0_18:1_18:0
Pos,NIST_Pos_01,682,682,TG 16:0_18:0_22:0
Pos,NIST_Pos_01,972,972,TG 16:0_16:0_16:0
Pos,NIST_Pos_01,767,767,TG 18:1_18:1_18:0
Pos,NIST_Pos_01,769,769,TG 16:0_16:0_18:0
Pos,NIST_Pos_01,835,835,TG 16:0_18:1_18:0
Pos,NIST_Pos_01,755,755,TG 18:1_18:1_18:0
Pos,NIST_Pos_01,760,760,TG 16:0_16:0_18:0
Pos,NIST_Pos_01,864,864,TG 16:0_18:1_18:0
Pos,NIST_Pos_01,770,770,TG 18:1_18:1_18:0
Pos,NIST_Pos_01,984,984,TG 16:0_16:0_16:0
Pos,NIST_Pos_01,559,559,TG 18:0_18:0_20:0
Pos,NIST_Pos_01,875,875,TG 16:0_18:1_18:0
Pos,NIST_Pos_01,765,765,TG 18:1_18:1_18:0
Pos,NIST_Pos_01,651,651,TG 16:0_16:0_18:0
Pos,NIST_Pos_01,876,876,TG 16:0_18:1_18:0
Pos,NIST_Pos_01,889,889,TG 18:1_18:1_18:0
Pos,NIST_Pos_01,881,881,TG 16:0_16:0_16:0
Pos,NIST_Pos_01,892,892,TG 16:0_18:1_18:0
Pos,NIST_Pos_01,824,824,TG 18:0_18:0_20:0
Pos,NIST_Pos_01,866,866,TG 18:1_18:1_18:0
Pos,NIST_Pos_01,858,858,TG 16:0_18:1_18:0
Pos,NIST_Pos_01,760,760,TG 18:1_18:1_18:0
Pos,NIST_Pos_01,993,993,TG 16:0_16:0_16:0
Pos,NIST_Pos_01,927,927,TG 16:0_16:0_18:1
Pos,NIST_Pos_01,852,852,TG 18:1_18:1_18:0
Pos,NIST_Pos_01,861,861,TG 16:0_18:1_18:0
Pos,NIST_Pos_01,798,798,TG 16:0_16:0_18:0
Pos,NIST_Pos_01,882,882,TG 18:1_18:1_18:0
Pos,NIST_Pos_01,923,923,TG 16:0_16:0_18:1
Pos,NIST_Pos_01,694,694,TG 16:0_16:0_18:0
Pos,NIST_Pos_01,820,820,TG 18:0_18:0_20:0
Pos,NIST_Pos_01,732,732,TG 18:1_18:1_18:0
Pos,NIST_Pos_01,882,882,TG 16:0_18:1_18:0
Pos,NIST_Pos_01,906,906,TG 16:0_16:0_18:1
Pos,NIST_Pos_01,778,778,TG 18:1_18:1_18:0
Pos,NIST_Pos_01,864,864,TG 16:0_18:1_18:0
Pos,NIST_Pos_01,874,874,TG 18:1_18:1_18:0
Pos,NIST_Pos_01,923,923,TG 16:0_16:0_16:0
Pos,NIST_Pos_01,884,884,TG 16:0_16:0_18:1
Pos,NIST_Pos_01,764,764,TG 18:1_18:1_18:0
Pos,NIST_Pos_01,564,564,TG 18:0_18:0_20:0
Pos,NIST_Pos_01,825,825,TG 16:0_18:1_18:0
Pos,NIST_Pos_01,923,923,TG 16:0_16:0_16:0
Pos,NIST_Pos_01,818,818,TG 18:1_18:1_18:0
Pos,NIST_Pos_01,972,972,TG 16:0_16:0_16:0
Pos,NIST_Pos_01,851,851,TG 16:0_18:1_18:0
Pos,NIST_Pos_01,597,597,TG 18:1_18:1_18:0
Pos,NIST_Pos_01,886,886,TG 16:0_16:0_18:1
Pos,NIST_Pos_01,824,824,TG 16:0_18:1_18:0
Pos,NIST_Pos_01,837,837,TG 18:1_18:1_18:0
Pos,NIST_Pos_01,868,868,TG 16:0_18:1_18:0
Pos,NIST_Pos_01,785,785,TG 18:1_18:1_18:0
Pos,NIST_Pos_01,702,702,TG 18:0_18:0_20:0
Pos,NIST_Pos_01,895,895,TG 16:0_16:0_18:1
Pos,NIST_Pos_01,838,838,TG 16:0_18:1_18:0
Pos,NIST_Pos_01,879,879,TG 18:1_18:1_18:0
Pos,NIST_Pos_01,864,864,TG 16:0_18:1_18:0
Pos,NIST_Pos_01,765,765,TG 18:0_18:0_20:0
Pos,NIST_Pos_01,739,739,TG 18:1_18:1_18:0
Pos,NIST_Pos_01,924,924,TG 16:0_16:0_18:1
Pos,NIST_Pos_01,705,705,TG 18:0_18:0_20:0
Pos,NIST_Pos_01,999,999,TG 18:0_18:0_18:0
Pos,NIST_Pos_01,759,759,TG 18:1_18:1_18:0
Pos,NIST_Pos_01,776,776,TG 18:0_18:0_20:0
Pos,NIST_Pos_01,999,999,TG 18:0_18:0_18:0
Pos,NIST_Pos_01,785,785,TG 18:1_18:1_18:0
Pos,NIST_Pos_01,572,572,TG 18:0_18:0_20:0
Pos,NIST_Pos_01,758,758,TG 18:1_18:1_18:0
Pos,NIST_Pos_01,734,734,TG 16:0_16:0_18:0
Pos,NIST_Pos_01,516,516,TG 18:0_18:0_20:0
Pos,NIST_Pos_01,625,625,TG 18:0_18:0_20:0
Pos,NIST_Pos_01,782,782,TG 18:1_18:1_18:0
Pos,NIST_Pos_01,979,979,TG 16:0_16:0_16:0
Pos,NIST_Pos_01,831,831,TG 18:1_18:1_18:0
Pos,NIST_Pos_01,837,837,TG 16:0_16:0_18:0
Pos,NIST_Pos_01,750,750,TG 16:0_16:0_18:0
Pos,NIST_Pos_01,862,862,CE 18:1
Pos,NIST_Pos_01,999,999,TG 18:0_18:0_18:0
Pos,NIST_Pos_01,805,805,TG 18:1_18:1_18:0
Pos,NIST_Pos_01,832,832,CE 18:1
Pos,NIST_Pos_01,902,902,TG 16:0_16:0_18:1
Pos,NIST_Pos_01,627,627,TG 18:0_18:0_20:0
Pos,NIST_Pos_01,994,994,CE 18:2
Pos,NIST_Pos_01,742,742,TG 18:0_18:0_20:0
Pos,NIST_Pos_01,999,999,TG 18:0_18:0_18:0
Pos,NIST_Pos_01,847,847,TG 16:0_16:0_18:1
Pos,NIST_Pos_01,985,985,TG 16:0_16:0_16:0
Pos,NIST_Pos_01,991,991,CE 18:2
Pos,NIST_Pos_01,560,560,TG 18:0_18:0_20:0
Pos,NIST_Pos_01,999,999,TG 18:0_18:0_18:0
Pos,NIST_Pos_01,992,992,TG 18:1_18:1_18:1
Pos,NIST_Pos_01,993,993,CE 18:2
Pos,NIST_Pos_01,748,748,TG 18:0_18:0_20:0
Pos,NIST_Pos_01,973,973,TG 16:0_16:0_16:0
Pos,NIST_Pos_01,999,999,TG 18:0_18:0_18:0
Pos,NIST_Pos_01,988,988,CE 18:2
Pos,NIST_Pos_01,984,984,TG 18:1_18:1_18:1
Pos,NIST_Pos_01,994,994,CE 18:2
Pos,NIST_Pos_01,796,796,TG 18:0_18:0_20:0
Pos,NIST_Pos_01,999,999,TG 18:0_18:0_18:0
Pos,NIST_Pos_01,925,925,CE 18:1
Pos,NIST_Pos_01,770,770,TG 18:0_18:0_20:0
Pos,NIST_Pos_01,982,982,TG 18:1_18:1_18:1
Pos,NIST_Pos_01,999,999,TG 18:0_18:0_18:0
Pos,NIST_Pos_01,990,990,TG 18:1_18:1_18:1
Pos,NIST_Pos_01,993,993,CE 18:2
Pos,NIST_Pos_01,903,903,TG 16:0_16:0_18:1
Pos,NIST_Pos_01,999,999,TG 18:0_18:0_18:0
Pos,NIST_Pos_01,851,851,TG 16:0_18:1_18:0
Pos,NIST_Pos_01,855,855,TG 16:0_18:1_18:0
Pos,NIST_Pos_01,755,755,TG 18:1_18:1_18:0
Pos,NIST_Pos_01,812,812,TG 16:0_18:1_18:0
Pos,NIST_Pos_01,993,993,TG 18:0_18:0_18:0
Pos,NIST_Pos_01,991,991,TG 16:0_16:0_16:0
Pos,NIST_Pos_01,806,806,TG 18:1_18:1_18:0
Pos,NIST_Pos_01,997,997,TG 18:0_18:0_18:0
Pos,NIST_Pos_01,850,850,TG 16:0_18:1_18:0
Pos,NIST_Pos_01,953,953,TG 16:0_16:0_16:0
Pos,NIST_Pos_01,900,900,TG 16:0_18:1_18:0
Pos,NIST_Pos_01,873,873,TG 16:0_18:1_18:0
Pos,NIST_Pos_01,747,747,TG 16:0_16:0_18:0
Pos,NIST_Pos_01,897,897,TG 16:0_18:1_18:0
Pos,NIST_Pos_01,687,687,TG 16:0_16:0_18:0
Pos,NIST_Pos_01,900,900,TG 18:0_18:0_18:0
Pos,NIST_Pos_01,986,986,TG 16:0_16:0_16:0
Pos,NIST_Pos_01,738,738,TG 16:0_18:1_18:0
Pos,NIST_Pos_01,949,949,TG 18:0_18:0_18:0
Pos,NIST_Pos_01,768,768,TG 16:0_18:1_18:0
Pos,NIST_Pos_01,625,625,TG 16:0_18:1_18:0
Pos,NIST_Pos_01,517,517,TG 16:0_16:0_18:1
Pos,NIST_Pos_01,925,925,LysoPC 16:0
Pos,NIST_Pos_01,958,958,PC 10:0_24:1
Pos,NIST_Pos_01,915,915,PC 10:0_26:1
Pos,NIST_Pos_01,600,600,PC 16:1_22:2
Pos,NIST_Pos_01,945,945,LysoPC 16:0
Pos,NIST_Pos_01,947,947,SM d19:0_15:1
Pos,NIST_Pos_01,667,667,SM d19:0_17:1
Pos,NIST_Pos_01,982,982,PC 10:0_24:1
Pos,NIST_Pos_01,947,947,PC 10:0_26:1
Pos,NIST_Pos_01,827,827,PC 16:1_22:2
Pos,NIST_Pos_01,951,951,LysoPC 16:0
Pos,NIST_Pos_01,978,978,PC 10:0_24:1
Pos,NIST_Pos_01,754,754,PC 10:0_26:1
Pos,NIST_Pos_01,878,878,SM d19:0_15:1
Pos,NIST_Pos_01,662,662,SM d19:0_17:1
Pos,NIST_Pos_01,936,936,LysoPC 16:0
Pos,NIST_Pos_01,737,737,PC 10:0_26:1
Pos,NIST_Pos_02,930,930,LysoPC 16:0
Pos,NIST_Pos_02,884,884,SM d19:0_15:1
Pos,NIST_Pos_02,705,705,LysoPC 18:0
Pos,NIST_Pos_02,913,913,LysoPC 16:0
Pos,NIST_Pos_02,780,780,SM d19:0_15:1
Pos,NIST_Pos_02,886,886,LysoPC 16:0
Pos,NIST_Pos_02,714,714,PC 10:0_26:1
Pos,NIST_Pos_02,737,737,LysoPC 18:0
Pos,NIST_Pos_02,868,868,SM d19:0_15:1
Pos,NIST_Pos_02,944,944,LysoPC 16:0
Pos,NIST_Pos_02,807,807,LysoPC 18:0
Pos,NIST_Pos_02,869,869,LysoPC 16:0
Pos,NIST_Pos_02,871,871,LysoPC 18:0
Pos,NIST_Pos_02,867,867,LysoPC 16:0
Pos,NIST_Pos_02,876,876,LysoPC 16:0
Pos,NIST_Pos_02,842,842,LysoPC 18:0
Pos,NIST_Pos_02,548,548,LysoPC 16:0
Pos,NIST_Pos_02,602,602,LysoPC 18:0
Pos,NIST_Pos_02,885,885,LysoPC 16:0
Pos,NIST_Pos_02,579,579,LysoPC 18:0
Pos,NIST_Pos_02,881,881,LysoPC 16:0
Pos,NIST_Pos_02,598,598,LysoPC 18:0
Pos,NIST_Pos_02,525,525,LysoPC 16:0
Pos,NIST_Pos_02,692,692,PC 10:0_26:2
Pos,NIST_Pos_02,548,548,LysoPC 16:0
Pos,NIST_Pos_02,912,912,LysoPC 16:0
Pos,NIST_Pos_02,906,906,LysoPC 16:0
Pos,NIST_Pos_02,853,853,LysoPC 16:0
Pos,NIST_Pos_02,837,837,LysoPC 16:0
Pos,NIST_Pos_02,581,581,LysoPC 18:0
Pos,NIST_Pos_02,922,922,LysoPC 16:0
Pos,NIST_Pos_02,714,714,LysoPC 16:0
Pos,NIST_Pos_02,714,714,LysoPC 16:0
Pos,NIST_Pos_02,610,610,LysoPC 16:0
Pos,NIST_Pos_02,840,840,LysoPC 16:0
Pos,NIST_Pos_02,565,565,LysoPC 16:0
Pos,NIST_Pos_02,739,739,LysoPC 16:0
Pos,NIST_Pos_02,781,781,LysoPC 16:0
Pos,NIST_Pos_02,691,691,LysoPC 16:0
Pos,NIST_Pos_02,778,778,LysoPC 16:0
Pos,NIST_Pos_02,597,597,LysoPC 16:0
Pos,NIST_Pos_02,722,722,LysoPC 16:0
Pos,NIST_Pos_02,839,839,LysoPC 16:0
Pos,NIST_Pos_02,601,601,LysoPC 16:0
Pos,NIST_Pos_02,673,673,LysoPC 16:0
Pos,NIST_Pos_02,718,718,LysoPC 20:5
Pos,NIST_Pos_02,847,847,LysoPC 20:5
Pos,NIST_Pos_02,941,941,LysoPC 18:2
Pos,NIST_Pos_02,964,964,AC 16:0
Pos,NIST_Pos_02,980,980,LysoPE 22:6
Pos,NIST_Pos_02,937,937,LysoPC 20:3
Pos,NIST_Pos_02,952,952,LysoPC 17:1
Pos,NIST_Pos_02,944,944,LysoPC 16:0
Pos,NIST_Pos_02,816,816,LysoPC 18:1
Pos,NIST_Pos_02,1000,1000,LysoPE 16:0
Pos,NIST_Pos_02,945,945,LysoPC 18:2
Pos,NIST_Pos_02,720,720,LysoPE 20:3
Pos,NIST_Pos_02,996,996,LysoPE 16:0
Pos,NIST_Pos_02,956,956,LysoPC 20:3
Pos,NIST_Pos_02,944,944,LysoPC 22:4
Pos,NIST_Pos_02,998,998,LysoPE 18:1
Pos,NIST_Pos_02,945,945,LysoPC 16:0
Pos,NIST_Pos_02,940,940,LysoPC 18:0
Pos,NIST_Pos_02,891,891,LysoPE 18:0
Pos,NIST_Pos_02,958,958,LysoPC 16:0
Pos,NIST_Pos_02,996,996,LysoPE 18:0
Pos,NIST_Pos_02,968,968,PC
Pos,NIST_Pos_02,909,909,LysoPC 20:0
Pos,NIST_Pos_02,905,905,LysoPC 16:0
Pos,NIST_Pos_02,946,946,LysoPC 18:0
Pos,NIST_Pos_02,944,944,LysoPC 18:0
Pos,NIST_Pos_02,940,940,LysoPC 16:0
Pos,NIST_Pos_02,894,894,PC
Pos,NIST_Pos_02,948,948,LysoPC 20:0
Pos,NIST_Pos_02,820,820,PC
Pos,NIST_Pos_02,994,994,PC 14:1_22:4
Pos,NIST_Pos_02,840,840,PC
Pos,NIST_Pos_02,984,984,PC 10:0_24:4
Pos,NIST_Pos_02,772,772,PC
Pos,NIST_Pos_02,865,865,PC
Pos,NIST_Pos_02,953,953,LysoPC 16:0
Pos,NIST_Pos_02,825,825,PC
Pos,NIST_Pos_02,966,966,PC 16:1_22:6
Pos,NIST_Pos_02,913,913,PC
Pos,NIST_Pos_02,757,757,PC
Pos,NIST_Pos_02,948,948,PC
Pos,NIST_Pos_02,993,993,PC
Pos,NIST_Pos_02,785,785,PC
Pos,NIST_Pos_02,792,792,PC
Pos,NIST_Pos_02,943,943,LysoPC 16:0
Pos,NIST_Pos_02,545,545,PC
Pos,NIST_Pos_02,997,997,PC 14:1_22:4
Pos,NIST_Pos_02,704,704,PC
Pos,NIST_Pos_02,932,932,LysoPC 18:0
Pos,NIST_Pos_02,550,550,PC
Pos,NIST_Pos_02,676,676,PC
Pos,NIST_Pos_02,830,830,PC
Pos,NIST_Pos_02,625,625,LysoPC 24:1
Pos,NIST_Pos_02,755,755,PC
Pos,NIST_Pos_02,979,979,PC 14:1_24:4
Pos,NIST_Pos_02,943,943,LysoPC 16:0
Pos,NIST_Pos_02,999,999,SM d18:1_14:1
Pos,NIST_Pos_02,997,997,PC
Pos,NIST_Pos_02,780,780,PC
Pos,NIST_Pos_02,863,863,PC
Pos,NIST_Pos_02,797,797,PC 14:1_22:2
Pos,NIST_Pos_02,741,741,PC 10:0_24:1
Pos,NIST_Pos_02,956,956,PI 14:0_24:4
Pos,NIST_Pos_02,945,945,PC 14:1_20:2
Pos,NIST_Pos_02,808,808,PC 10:0_26:2
Pos,NIST_Pos_02,942,942,LysoPC 16:0
Pos,NIST_Pos_02,984,984,Plasmenyl-PC P-18:0_22:6
Pos,NIST_Pos_02,926,926,PC
Pos,NIST_Pos_02,898,898,PC 10:0_26:2
Pos,NIST_Pos_02,996,996,SM d17:0_14:1
Pos,NIST_Pos_02,945,945,PC 14:1_22:2
Pos,NIST_Pos_02,921,921,LysoPC 18:0
Pos,NIST_Pos_02,558,558,PC
Pos,NIST_Pos_02,996,996,PC 10:0_24:4
Pos,NIST_Pos_02,976,976,PC 14:1_22:5
Pos,NIST_Pos_02,833,833,PC 16:1_24:4
Pos,NIST_Pos_02,854,854,PC 16:1_22:2
Pos,NIST_Pos_02,875,875,LysoPC 16:0
Pos,NIST_Pos_02,729,729,PC
Pos,NIST_Pos_02,997,997,PC 14:1_22:4
Pos,NIST_Pos_02,763,763,PC
Pos,NIST_Pos_02,748,748,PC 10:0_26:2
Pos,NIST_Pos_02,809,809,PE 18:0_20:5
Pos,NIST_Pos_02,975,975,PC
Pos,NIST_Pos_02,849,849,PC
Pos,NIST_Pos_02,972,972,SM d18:0_14:0
Pos,NIST_Pos_02,945,945,LysoPC 18:0
Pos,NIST_Pos_02,1000,1000,SM d18:0_14:1
Pos,NIST_Pos_02,675,675,PC
Pos,NIST_Pos_02,997,997,PC
Pos,NIST_Pos_02,999,999,SM d18:1_16:1
Pos,NIST_Pos_02,974,974,SM d19:0_15:1
Pos,NIST_Pos_02,870,870,PC 16:1_22:2
Pos,NIST_Pos_02,734,734,Cer
Pos,NIST_Pos_02,997,997,PC 16:1_22:5
Pos,NIST_Pos_02,953,953,PC 10:0_22:1
Pos,NIST_Pos_02,1000,1000,SM d18:1_16:1
Pos,NIST_Pos_02,997,997,PC 12:0_24:4
Pos,NIST_Pos_02,997,997,PC 12:0_24:4
Pos,NIST_Pos_02,921,921,LysoPC 16:0
Pos,NIST_Pos_02,889,889,PC
Pos,NIST_Pos_02,810,810,PC 18:4_22:2
Pos,NIST_Pos_02,936,936,PC
Pos,NIST_Pos_02,997,997,PC 12:0_24:4
Pos,NIST_Pos_02,773,773,PC 16:1_22:2
Pos,NIST_Pos_02,997,997,PC 16:1_22:5
Pos,NIST_Pos_02,943,943,PC
Pos,NIST_Pos_02,995,995,PC 15:1_22:4
Pos,NIST_Pos_02,997,997,PC 11:0_22:2
Pos,NIST_Pos_02,899,899,HexCer
Pos,NIST_Pos_02,999,999,SM d19:0_15:1
Pos,NIST_Pos_02,967,967,PI 18:4_22:2
Pos,NIST_Pos_02,996,996,PC 11:0_22:2
Pos,NIST_Pos_02,997,997,PC 12:0_24:4
Pos,NIST_Pos_02,997,997,PC 15:1_20:2
Pos,NIST_Pos_02,680,680,PC 12:0_26:2
Pos,NIST_Pos_02,937,937,Plasmanyl-PC O-16:0_18:4
Pos,NIST_Pos_02,996,996,PC 10:0_20:0
Pos,NIST_Pos_02,999,999,Plasmanyl-PC O-16:0_20:5
Pos,NIST_Pos_02,1000,1000,SM d19:0_15:1
Pos,NIST_Pos_02,989,989,PI 14:0_24:4
Pos,NIST_Pos_02,979,979,PI 14:0_24:4
Pos,NIST_Pos_02,996,996,PC 10:0_22:1
Pos,NIST_Pos_02,1000,1000,SM d19:0_15:1
Pos,NIST_Pos_02,655,655,PC 10:0_24:4
Pos,NIST_Pos_02,1000,1000,PI 10:0_24:1
Pos,NIST_Pos_02,997,997,PC 12:0_22:2
Pos,NIST_Pos_02,982,982,PC 14:0_24:4
Pos,NIST_Pos_02,949,949,Plasmenyl-PE P-16:0_22:6
Pos,NIST_Pos_02,803,803,PC 17:2_22:4
Pos,NIST_Pos_02,997,997,PC 12:0_22:2
Pos,NIST_Pos_02,960,960,PC 10:0_22:0
Pos,NIST_Pos_02,999,999,SM d19:0_15:1
Pos,NIST_Pos_02,1000,1000,PI 10:0_26:2
Pos,NIST_Pos_02,1000,1000,PE 16:0_18:2
Pos,NIST_Pos_02,993,993,Plasmenyl-PC P-18:0_22:6
Pos,NIST_Pos_02,985,985,SM d19:0_17:1
Pos,NIST_Pos_02,997,997,PC 14:0_24:4
Pos,NIST_Pos_02,996,996,PC 10:0_21:0
Pos,NIST_Pos_02,1000,1000,SM d18:0_20:3
Pos,NIST_Pos_02,982,982,PC 16:1_22:2
Pos,NIST_Pos_02,1000,1000,PI 16:1_22:2
Pos,NIST_Pos_02,997,997,PC 12:0_22:2
Pos,NIST_Pos_02,999,999,SM d19:0_17:2
Pos,NIST_Pos_02,997,997,PC 14:0_24:4
Pos,NIST_Pos_02,1000,1000,Plasmanyl-PC O-18:0_18:4
Pos,NIST_Pos_02,982,982,PC 11:0_24:1
Pos,NIST_Pos_02,1000,1000,Plasmanyl-PC O-16:0_18:3
Pos,NIST_Pos_02,1000,1000,Plasmanyl-PC O-18:0_18:4
Pos,NIST_Pos_02,986,986,Plasmanyl-PC O-20:0_18:4
Pos,NIST_Pos_02,1000,1000,Plasmanyl-PC O-18:0_20:5
Pos,NIST_Pos_02,980,980,PC 10:0_26:2
Pos,NIST_Pos_02,1000,1000,SM d19:0_16:1
Pos,NIST_Pos_02,997,997,PC 12:0_22:2
Pos,NIST_Pos_02,997,997,PC 16:1_24:4
Pos,NIST_Pos_02,997,997,PC 14:0_24:4
Pos,NIST_Pos_02,997,997,PC 13:0_22:2
Pos,NIST_Pos_02,937,937,Plasmenyl-PE P-16:0_18:2
Pos,NIST_Pos_02,998,998,SM d19:0_15:0
Pos,NIST_Pos_02,984,984,PC 11:0_26:2
Pos,NIST_Pos_02,995,995,Plasmanyl-PC O-20:0_20:5
Pos,NIST_Pos_02,1000,1000,Plasmanyl-PC O-18:0_18:4
Pos,NIST_Pos_02,917,917,PC 11:0_24:1
Pos,NIST_Pos_02,982,982,Plasmanyl-PC O-20:0_14:1
Pos,NIST_Pos_02,951,951,PC 10:0_26:2
Pos,NIST_Pos_02,993,993,Cer
Pos,NIST_Pos_02,997,997,PC 10:0_24:1
Pos,NIST_Pos_02,978,978,PC 10:0_24:0
Pos,NIST_Pos_02,996,996,Plasmanyl-PC O-18:0_20:5
Pos,NIST_Pos_02,987,987,Plasmanyl-PC O-18:0_18:2
Pos,NIST_Pos_02,999,999,PI 10:0_26:1
Pos,NIST_Pos_02,997,997,PC 10:0_24:1
Pos,NIST_Pos_02,997,997,PC 10:0_26:2
Pos,NIST_Pos_02,974,974,Plasmanyl-PC O-16:0_18:2
Pos,NIST_Pos_02,962,962,Plasmenyl-PE P-18:0_22:6
Pos,NIST_Pos_02,1000,1000,PE 16:0_18:1
Pos,NIST_Pos_02,1000,1000,Plasmanyl-PC O-20:0_18:4
Pos,NIST_Pos_02,997,997,PC 16:1_22:2
Pos,NIST_Pos_02,997,997,PC 10:0_26:2
Pos,NIST_Pos_02,997,997,PC 16:1_22:2
Pos,NIST_Pos_02,977,977,SM d19:0_17:0
Pos,NIST_Pos_02,997,997,PC 10:0_24:1
Pos,NIST_Pos_02,997,997,PC 10:0_26:2
Pos,NIST_Pos_02,978,978,PC 12:0_26:2
Pos,NIST_Pos_02,975,975,PC 10:0_24:0
Pos,NIST_Pos_02,998,998,Plasmanyl-PC O-18:0_22:6
Pos,NIST_Pos_02,965,965,Plasmenyl-PC P-18:0_18:2
Pos,NIST_Pos_02,979,979,Plasmanyl-PC O-20:0_18:3
Pos,NIST_Pos_02,996,996,PC 16:0_24:4
Pos,NIST_Pos_02,997,997,PC 16:1_22:2
Pos,NIST_Pos_02,998,998,Plasmanyl-PC O-20:0_18:4
Pos,NIST_Pos_02,999,999,SM d19:0_15:1
Pos,NIST_Pos_02,997,997,PC 10:0_26:2
Pos,NIST_Pos_02,951,951,PC 15:1_20:2
Pos,NIST_Pos_02,986,986,PC 10:0_24:0
Pos,NIST_Pos_02,997,997,PC 16:1_22:2
Pos,NIST_Pos_02,1000,1000,Plasmanyl-PC O-20:0_18:4
Pos,NIST_Pos_02,997,997,PC 16:0_24:4
Pos,NIST_Pos_02,997,997,PC 10:0_26:2
Pos,NIST_Pos_02,1000,1000,Plasmanyl-PC O-20:0_18:4
Pos,NIST_Pos_02,1000,1000,Plasmanyl-PC O-20:0_20:5
Pos,NIST_Pos_02,982,982,Plasmanyl-PC O-20:0_14:0
Pos,NIST_Pos_02,1000,1000,Plasmanyl-PC O-18:0_18:2
Pos,NIST_Pos_02,997,997,PC 11:0_26:2
Pos,NIST_Pos_02,983,983,PC 10:0_26:1
Pos,NIST_Pos_02,979,979,SM d19:0_17:1
Pos,NIST_Pos_02,998,998,SM d19:0_18:1
Pos,NIST_Pos_02,993,993,Plasmanyl-PC O-20:0_16:1
Pos,NIST_Pos_02,970,970,SM d19:0_15:1
Pos,NIST_Pos_02,996,996,Plasmanyl-PC O-20:0_18:4
Pos,NIST_Pos_02,996,996,PC 16:0_24:4
Pos,NIST_Pos_02,981,981,PC 10:0_26:0
Pos,NIST_Pos_02,970,970,PC 17:2_22:1
Pos,NIST_Pos_02,996,996,PC
Pos,NIST_Pos_02,938,938,SM d19:0_15:1
Pos,NIST_Pos_02,982,982,PC 12:0_26:1
Pos,NIST_Pos_02,996,996,Plasmanyl-PC O-20:0_18:2
Pos,NIST_Pos_02,988,988,PC 10:0_26:0
Pos,NIST_Pos_02,989,989,PC 12:0_22:2
Pos,NIST_Pos_02,855,855,Plasmanyl-PC O-20:0_22:5
Pos,NIST_Pos_02,987,987,SM d18:0_22:1
Pos,NIST_Pos_02,984,984,SM d18:0_24:2
Pos,NIST_Pos_02,995,995,PC 10:0_26:1
Pos,NIST_Pos_02,986,986,SM d19:0_19:0
Pos,NIST_Pos_02,925,925,Plasmanyl-PC O-20:0_20:4
Pos,NIST_Pos_02,1000,1000,SM d18:0_24:3
Pos,NIST_Pos_02,989,989,SM d18:0_24:2
Pos,NIST_Pos_02,993,993,PC 12:0_22:2
Pos,NIST_Pos_02,1000,1000,Plasmanyl-PC O-20:0_22:5
Pos,NIST_Pos_02,835,835,HexCer
Pos,NIST_Pos_02,1000,1000,SM d19:0_22:2
Pos,NIST_Pos_02,963,963,Plasmanyl-PC O-20:0_16:0
Pos,NIST_Pos_02,995,995,PC 10:0_26:2
Pos,NIST_Pos_02,988,988,SM d18:0_24:1
Pos,NIST_Pos_02,995,995,PC 10:0_26:1
Pos,NIST_Pos_02,991,991,PC 10:0_24:1
Pos,NIST_Pos_02,995,995,SM d19:0_24:3
Pos,NIST_Pos_02,971,971,PC 14:1_26:1
Pos,NIST_Pos_02,990,990,PC 10:0_24:1
Pos,NIST_Pos_02,984,984,SM d18:0_24:1
Pos,NIST_Pos_02,905,905,LysoPC 16:0
Pos,NIST_Pos_02,988,988,PC 10:0_24:1
Pos,NIST_Pos_02,948,948,Plasmenyl-PC P-20:0_19:0
Pos,NIST_Pos_02,952,952,SM d19:0_20:0
Pos,NIST_Pos_02,1000,1000,SM d18:0_24:2
Pos,NIST_Pos_02,979,979,SM d19:0_21:0
Pos,NIST_Pos_02,1000,1000,SM d18:0_24:2
Pos,NIST_Pos_02,1000,1000,SM d19:0_24:2
Pos,NIST_Pos_02,837,837,Plasmanyl-PC O-20:0_24:4
Pos,NIST_Pos_02,706,706,Plasmenyl-PC P-20:0_22:2
Pos,NIST_Pos_02,1000,1000,SM d19:0_22:1
Pos,NIST_Pos_02,999,999,SM d18:0_24:1
Pos,NIST_Pos_02,999,999,SM d18:0_24:1
Pos,NIST_Pos_02,881,881,LysoPC 16:0
Pos,NIST_Pos_02,999,999,SM d19:0_24:2
Pos,NIST_Pos_02,1000,1000,SM d19:0_22:1
Pos,NIST_Pos_02,958,958,SM d19:0_15:1
Pos,NIST_Pos_02,998,998,SM d18:0_24:1
Pos,NIST_Pos_02,995,995,PC 10:0_24:1
Pos,NIST_Pos_02,993,993,SM d18:0_24:2
Pos,NIST_Pos_02,1000,1000,SM d19:0_22:1
Pos,NIST_Pos_02,996,996,SM d19:0_24:2
Pos,NIST_Pos_02,981,981,SM d19:0_22:0
Pos,NIST_Pos_02,880,880,LysoPC 16:0
Pos,NIST_Pos_02,995,995,SM d18:0_24:1
Pos,NIST_Pos_02,991,991,PC 10:0_24:1
Pos,NIST_Pos_02,871,871,LysoPC 16:0
Pos,NIST_Pos_02,983,983,SM d19:0_23:0
Pos,NIST_Pos_02,1000,1000,SM d18:0_24:1
Pos,NIST_Pos_02,991,991,PC 10:0_24:1
Pos,NIST_Pos_02,1000,1000,SM d18:0_24:1
Pos,NIST_Pos_02,946,946,SM d19:0_23:0
Pos,NIST_Pos_02,703,703,Cer
Pos,NIST_Pos_02,721,721,SM d18:0_24:1
Pos,NIST_Pos_02,731,731,PC 10:0_24:1
Pos,NIST_Pos_02,684,684,PC 10:0_24:1
Pos,NIST_Pos_02,741,741,TG 16:0_16:0_18:1
Pos,NIST_Pos_02,569,569,TG 16:0_18:1_18:0
Pos,NIST_Pos_02,649,649,TG 16:0_18:1_18:0
Pos,NIST_Pos_02,503,503,TG 16:1_16:0_18:1
Pos,NIST_Pos_02,698,698,TG 16:0_18:2_18:1
Pos,NIST_Pos_02,548,548,TG 16:1_16:0_18:1
Pos,NIST_Pos_02,656,656,TG 16:0_18:2_18:1
Pos,NIST_Pos_02,638,638,TG 14:1_16:0_18:2
Pos,NIST_Pos_02,677,677,TG 16:1_16:0_18:1
Pos,NIST_Pos_02,985,985,TG 16:0_18:3_18:2
Pos,NIST_Pos_02,514,514,TG 16:0_18:2_18:2
Pos,NIST_Pos_02,585,585,TG 16:0_18:2_18:2
Pos,NIST_Pos_02,879,879,TG 16:0_16:0_18:1
Pos,NIST_Pos_02,545,545,TG 14:0_16:0_20:4
Pos,NIST_Pos_02,562,562,TG 16:0_18:2_20:4
Pos,NIST_Pos_02,519,519,TG 16:1_16:0_18:1
Pos,NIST_Pos_02,670,670,TG 16:0_16:0_18:1
Pos,NIST_Pos_02,853,853,TG 16:0_18:1_18:1
Pos,NIST_Pos_02,753,753,TG 18:2_18:1_18:1
Pos,NIST_Pos_02,587,587,TG 16:0_18:1_20:5
Pos,NIST_Pos_02,654,654,TG 16:0_16:0_16:0
Pos,NIST_Pos_02,528,528,TG 14:0_16:0_16:0
Pos,NIST_Pos_02,852,852,TG 16:0_16:0_18:1
Pos,NIST_Pos_02,557,557,TG 16:0_16:0_16:0
Pos,NIST_Pos_02,830,830,TG 16:0_18:1_18:1
Pos,NIST_Pos_02,552,552,TG 14:0_16:0_18:1
Pos,NIST_Pos_02,937,937,TG 18:1_18:1_18:1
Pos,NIST_Pos_02,671,671,TG 16:1_16:0_18:2
Pos,NIST_Pos_02,713,713,TG 16:0_18:1_18:1
Pos,NIST_Pos_02,523,523,TG 16:0_18:1_22:6
Pos,NIST_Pos_02,640,640,TG 16:0_16:0_18:1
Pos,NIST_Pos_02,662,662,TG 16:0_16:0_18:3
Pos,NIST_Pos_02,738,738,TG 18:2_18:1_18:1
Pos,NIST_Pos_02,810,810,TG 18:2_18:2_18:1
Pos,NIST_Pos_02,829,829,TG 14:1_16:0_18:1
Pos,NIST_Pos_02,994,994,CE 20:4
Pos,NIST_Pos_02,798,798,TG 18:1_18:1_18:1
Pos,NIST_Pos_02,936,936,TG 16:0_16:0_18:3
Pos,NIST_Pos_02,799,799,TG 14:0_16:0_18:1
Pos,NIST_Pos_02,706,706,TG 14:0_16:0_18:2
Pos,NIST_Pos_02,609,609,TG 18:2_18:1_18:1
Pos,NIST_Pos_02,695,695,TG 16:1_16:0_18:2
Pos,NIST_Pos_02,915,915,TG 16:0_18:2_22:4
Pos,NIST_Pos_02,923,923,TG 16:0_18:2_18:1
Pos,NIST_Pos_02,833,833,TG 18:1_18:1_18:1
Pos,NIST_Pos_02,980,980,CE 20:4
Pos,NIST_Pos_02,877,877,TG 16:0_18:1_20:4
Pos,NIST_Pos_02,863,863,TG 16:0_16:0_20:4
Pos,NIST_Pos_02,556,556,TG 16:0_18:1_20:4
Pos,NIST_Pos_02,703,703,TG 15:1_16:0_18:1
Pos,NIST_Pos_02,924,924,TG 18:2_18:1_18:1
Pos,NIST_Pos_02,624,624,TG 18:1_18:1_20:4
Pos,NIST_Pos_02,831,831,TG 16:0_16:0_16:0
Pos,NIST_Pos_02,959,959,TG 18:1_18:1_18:1
Pos,NIST_Pos_02,515,515,TG 16:0_18:1_18:0
Pos,NIST_Pos_02,509,509,TG 16:0_16:0_18:0
Pos,NIST_Pos_02,652,652,TG 16:0_16:0_18:1
Pos,NIST_Pos_02,608,608,TG 16:0_18:1_18:1
Pos,NIST_Pos_02,905,905,TG 16:0_18:2_18:1
Pos,NIST_Pos_02,605,605,TG 18:1_18:1_18:0
Pos,NIST_Pos_02,671,671,TG 18:1_18:1_18:1
Pos,NIST_Pos_02,813,813,TG 16:1_16:0_16:0
Pos,NIST_Pos_02,990,990,TG 16:0_18:2_18:1
Pos,NIST_Pos_02,683,683,TG 18:1_18:1_18:1
Pos,NIST_Pos_02,995,995,CE 18:2
Pos,NIST_Pos_02,870,870,TG 16:1_16:0_18:1
Pos,NIST_Pos_02,831,831,TG 16:0_16:0_18:1
Pos,NIST_Pos_02,580,580,TG 16:0_17:0_18:1
Pos,NIST_Pos_02,808,808,TG 16:0_18:1_18:1
Pos,NIST_Pos_02,981,981,CE 20:1
Pos,NIST_Pos_02,959,959,TG 16:0_16:0_16:0
Pos,NIST_Pos_02,796,796,TG 18:1_18:1_18:1
Pos,NIST_Pos_02,868,868,TG 16:0_16:0_18:1
Pos,NIST_Pos_02,594,594,TG 17:0_18:1_18:1
Pos,NIST_Pos_02,892,892,TG 16:0_18:1_18:1
Pos,NIST_Pos_02,908,908,TG 17:0_18:2_18:1
Pos,NIST_Pos_02,611,611,TG 18:1_18:0_20:4
Pos,NIST_Pos_02,912,912,TG 16:0_17:1_18:1
Pos,NIST_Pos_02,543,543,TG 16:0_18:1_18:0
Pos,NIST_Pos_02,895,895,TG 16:0_18:1_18:1
Pos,NIST_Pos_02,507,507,TG 18:1_18:1_18:0
Pos,NIST_Pos_02,595,595,TG 18:1_18:1_18:0
Pos,NIST_Pos_02,559,559,TG 16:0_18:1_18:0
Pos,NIST_Pos_02,981,981,TG 18:1_18:1_18:1
Pos,NIST_Pos_02,533,533,TG 16:0_17:0_18:0
Pos,NIST_Pos_02,664,664,TG 16:0_18:2_20:0
Pos,NIST_Pos_02,663,663,TG 16:0_18:1_18:0
Pos,NIST_Pos_02,720,720,TG 16:0_18:1_18:0
Pos,NIST_Pos_02,587,587,TG 16:0_18:1_18:1
Pos,NIST_Pos_02,968,968,CE 18:1
Pos,NIST_Pos_02,724,724,TG 16:0_16:0_18:0
Pos,NIST_Pos_02,689,689,TG 18:1_18:0_18:0
Pos,NIST_Pos_02,866,866,TG 16:0_18:1_19:0
Pos,NIST_Pos_02,714,714,TG 18:1_18:1_18:0
Pos,NIST_Pos_02,874,874,TG 18:1_18:1_18:0
Pos,NIST_Pos_02,997,997,TG 16:0_18:1_18:0
Pos,NIST_Pos_02,732,732,TG 18:1_18:1_18:0
Pos,NIST_Pos_02,903,903,TG 16:0_16:0_18:0
Pos,NIST_Pos_02,603,603,TG 16:0_16:0_18:0
Pos,NIST_Pos_02,904,904,TG 16:0_16:0_18:0
Pos,NIST_Pos_02,745,745,TG 18:1_18:0_18:0
Pos,NIST_Pos_02,943,943,TG 18:0_18:0_18:0
Pos,NIST_Pos_02,730,730,TG 16:0_18:0_18:0
Pos,NIST_Pos_02,966,966,TG 16:0_18:1_18:0
Pos,NIST_Pos_02,815,815,TG 16:0_16:0_16:0
Pos,NIST_Pos_02,756,756,TG 16:0_16:0_18:0
Pos,NIST_Pos_02,946,946,TG 18:0_18:0_18:0
Pos,NIST_Pos_02,708,708,TG 16:0_18:1_20:0
Pos,NIST_Pos_02,939,939,TG 16:0_18:1_18:0
Pos,NIST_Pos_02,948,948,TG 17:0_18:1_18:0
Pos,NIST_Pos_02,862,862,TG 16:0_16:0_18:0
Pos,NIST_Pos_02,995,995,CE 18:0
Pos,NIST_Pos_02,984,984,TG 16:0_16:0_16:0
Pos,NIST_Pos_02,883,883,TG 16:0_18:1_18:0
Pos,NIST_Pos_02,838,838,TG 18:1_18:1_18:0
Pos,NIST_Pos_02,892,892,TG 16:0_16:0_18:1
Pos,NIST_Pos_02,800,800,TG 18:0_18:0_18:0
Pos,NIST_Pos_02,965,965,TG 16:0_16:0_16:0
Pos,NIST_Pos_02,822,822,TG 16:0_16:0_18:0
Pos,NIST_Pos_02,849,849,TG 16:0_18:1_18:0
Pos,NIST_Pos_02,853,853,TG 18:1_18:1_18:0
Pos,NIST_Pos_02,988,988,TG 16:0_16:0_16:0
Pos,NIST_Pos_02,691,691,TG 16:0_16:0_18:0
Pos,NIST_Pos_02,772,772,TG 18:1_18:1_18:0
Pos,NIST_Pos_02,837,837,TG 16:0_18:1_18:0
Pos,NIST_Pos_02,754,754,TG 16:0_16:0_16:0
Pos,NIST_Pos_02,839,839,TG 18:1_18:1_18:0
Pos,NIST_Pos_02,882,882,TG 16:0_18:1_18:0
Pos,NIST_Pos_02,811,811,TG 16:0_16:0_18:0
Pos,NIST_Pos_02,781,781,TG 18:1_18:1_18:0
Pos,NIST_Pos_02,849,849,TG 16:0_18:1_18:0
Pos,NIST_Pos_02,904,904,TG 16:0_16:0_18:1
Pos,NIST_Pos_02,752,752,TG 16:0_16:0_18:0
Pos,NIST_Pos_02,831,831,TG 16:0_18:1_18:0
Pos,NIST_Pos_02,836,836,TG 18:1_18:1_18:0
Pos,NIST_Pos_02,982,982,TG 16:0_16:0_16:0
Pos,NIST_Pos_02,738,738,TG 16:0_16:0_18:0
Pos,NIST_Pos_02,865,865,TG 16:0_18:1_18:0
Pos,NIST_Pos_02,734,734,TG 16:0_18:0_22:0
Pos,NIST_Pos_02,815,815,TG 18:1_18:1_18:0
Pos,NIST_Pos_02,983,983,TG 16:0_18:1_24:0
Pos,NIST_Pos_02,902,902,TG 16:0_16:0_18:1
Pos,NIST_Pos_02,982,982,TG 16:0_16:0_16:0
Pos,NIST_Pos_02,738,738,TG 16:0_16:0_18:0
Pos,NIST_Pos_02,824,824,TG 16:0_18:1_18:0
Pos,NIST_Pos_02,843,843,TG 18:1_18:1_18:0
Pos,NIST_Pos_02,710,710,TG 16:0_16:0_18:0
Pos,NIST_Pos_02,989,989,TG 16:0_16:0_16:0
Pos,NIST_Pos_02,869,869,TG 16:0_18:1_18:0
Pos,NIST_Pos_02,732,732,TG 18:1_18:1_18:0
Pos,NIST_Pos_02,837,837,TG 16:0_18:1_18:0
Pos,NIST_Pos_02,726,726,TG 16:0_16:0_18:0
Pos,NIST_Pos_02,801,801,TG 18:1_18:1_18:0
Pos,NIST_Pos_02,981,981,TG 16:0_16:0_16:0
Pos,NIST_Pos_02,652,652,TG 18:0_18:0_20:0
Pos,NIST_Pos_02,807,807,TG 16:0_18:1_18:0
Pos,NIST_Pos_02,756,756,TG 18:1_18:1_18:0
Pos,NIST_Pos_02,765,765,TG 18:0_18:0_20:0
Pos,NIST_Pos_02,990,990,TG 16:0_16:0_16:0
Pos,NIST_Pos_02,868,868,TG 16:0_16:0_18:1
Pos,NIST_Pos_02,771,771,TG 18:1_18:1_18:0
Pos,NIST_Pos_02,882,882,TG 16:0_18:1_18:0
Pos,NIST_Pos_02,987,987,TG 16:0_16:0_16:0
Pos,NIST_Pos_02,796,796,TG 18:1_18:1_18:0
Pos,NIST_Pos_02,844,844,TG 16:0_18:1_18:0
Pos,NIST_Pos_02,689,689,TG 16:0_16:0_18:0
Pos,NIST_Pos_02,819,819,TG 18:1_18:1_18:0
Pos,NIST_Pos_02,822,822,TG 16:0_18:1_18:0
Pos,NIST_Pos_02,997,997,TG 18:0_18:0_18:0
Pos,NIST_Pos_02,967,967,TG 16:0_16:0_16:0
Pos,NIST_Pos_02,852,852,TG 18:1_18:1_18:0
Pos,NIST_Pos_02,838,838,TG 16:0_18:1_18:0
Pos,NIST_Pos_02,769,769,TG 16:0_16:0_18:0
Pos,NIST_Pos_02,814,814,TG 16:0_18:1_18:0
Pos,NIST_Pos_02,844,844,TG 18:1_18:1_18:0
Pos,NIST_Pos_02,912,912,TG 16:0_16:0_18:1
Pos,NIST_Pos_02,967,967,TG 16:0_16:0_16:0
Pos,NIST_Pos_02,763,763,TG 18:1_18:1_18:0
Pos,NIST_Pos_02,843,843,TG 16:0_18:1_18:0
Pos,NIST_Pos_02,819,819,TG 16:0_16:0_18:0
Pos,NIST_Pos_02,987,987,TG 16:0_16:0_16:0
Pos,NIST_Pos_02,781,781,TG 18:1_18:1_18:0
Pos,NIST_Pos_02,870,870,TG 18:1_18:1_18:0
Pos,NIST_Pos_02,985,985,TG 16:0_16:0_16:0
Pos,NIST_Pos_02,887,887,TG 16:0_18:1_18:0
Pos,NIST_Pos_02,824,824,TG 18:1_18:1_18:0
Pos,NIST_Pos_02,831,831,TG 18:1_18:1_18:0
Pos,NIST_Pos_02,866,866,TG 16:0_18:1_18:0
Pos,NIST_Pos_02,731,731,TG 16:0_16:0_18:0
Pos,NIST_Pos_02,784,784,TG 18:0_18:0_20:0
Pos,NIST_Pos_02,806,806,TG 18:1_18:1_18:0
Pos,NIST_Pos_02,804,804,TG 16:0_18:1_18:0
Pos,NIST_Pos_02,763,763,TG 18:1_18:1_18:0
Pos,NIST_Pos_02,998,998,TG 18:0_18:0_18:0
Pos,NIST_Pos_02,821,821,TG 18:1_18:1_18:0
Pos,NIST_Pos_02,771,771,TG 16:0_16:0_18:0
Pos,NIST_Pos_02,886,886,TG 16:0_18:1_18:0
Pos,NIST_Pos_02,961,961,TG 16:0_16:0_16:0
Pos,NIST_Pos_02,534,534,TG 16:0_16:0_18:0
Pos,NIST_Pos_02,802,802,TG 18:1_18:1_18:0
Pos,NIST_Pos_02,772,772,TG 18:0_18:0_20:0
Pos,NIST_Pos_02,878,878,TG 18:1_18:1_18:0
Pos,NIST_Pos_02,897,897,CE 18:1
Pos,NIST_Pos_02,659,659,TG 18:0_18:0_20:0
Pos,NIST_Pos_02,735,735,TG 18:1_18:1_18:0
Pos,NIST_Pos_02,811,811,TG 16:0_18:1_18:0
Pos,NIST_Pos_02,815,815,TG 18:1_18:1_18:0
Pos,NIST_Pos_02,718,718,TG 18:1_18:1_18:0
Pos,NIST_Pos_02,752,752,TG 18:0_18:0_20:0
Pos,NIST_Pos_02,992,992,TG 16:0_16:0_16:0
Pos,NIST_Pos_02,819,819,TG 18:1_18:1_18:0
Pos,NIST_Pos_02,998,998,TG 18:0_18:0_18:0
Pos,NIST_Pos_02,876,876,TG 16:0_16:0_18:1
Pos,NIST_Pos_02,920,920,CE 18:1
Pos,NIST_Pos_02,968,968,TG 16:0_16:0_16:0
Pos,NIST_Pos_02,607,607,TG 18:0_18:0_20:0
Pos,NIST_Pos_02,903,903,CE 18:1
Pos,NIST_Pos_02,960,960,TG 16:0_16:0_16:0
Pos,NIST_Pos_02,920,920,CE 18:1
Pos,NIST_Pos_02,991,991,TG 16:0_16:0_16:0
Pos,NIST_Pos_02,994,994,CE 18:2
Pos,NIST_Pos_02,637,637,TG 18:0_18:0_20:0
Pos,NIST_Pos_02,839,839,TG 18:1_18:1_18:0
Pos,NIST_Pos_02,903,903,CE 18:1
Pos,NIST_Pos_02,894,894,TG 16:0_16:0_18:1
Pos,NIST_Pos_02,845,845,TG 16:0_18:1_18:0
Pos,NIST_Pos_02,992,992,TG 18:1_18:1_18:1
Pos,NIST_Pos_02,989,989,TG 16:0_16:0_16:0
Pos,NIST_Pos_02,795,795,TG 18:1_18:1_18:0
Pos,NIST_Pos_02,880,880,CE 18:1
Pos,NIST_Pos_02,845,845,TG 18:0_18:0_20:0
Pos,NIST_Pos_02,994,994,CE 18:2
Pos,NIST_Pos_02,934,934,CE 18:1
Pos,NIST_Pos_02,535,535,TG 18:0_18:0_20:0
Pos,NIST_Pos_02,990,990,TG 16:0_16:0_16:0
Pos,NIST_Pos_02,994,994,CE 18:2
Pos,NIST_Pos_02,809,809,CE 18:1
Pos,NIST_Pos_02,980,980,TG 16:0_16:0_16:0
Pos,NIST_Pos_02,900,900,TG 16:0_16:0_18:1
Pos,NIST_Pos_02,939,939,CE 18:1
Pos,NIST_Pos_02,995,995,CE 18:2
Pos,NIST_Pos_02,999,999,TG 18:0_18:0_18:0
Pos,NIST_Pos_02,978,978,TG 16:0_16:0_16:0
Pos,NIST_Pos_02,802,802,CE 18:1
Pos,NIST_Pos_02,829,829,TG 18:0_18:0_20:0
Pos,NIST_Pos_02,995,995,CE 18:2
Pos,NIST_Pos_02,999,999,TG 18:0_18:0_18:0
Pos,NIST_Pos_02,924,924,CE 18:1
Pos,NIST_Pos_02,955,955,TG 16:0_16:0_16:0
Pos,NIST_Pos_02,895,895,CE 18:1
Pos,NIST_Pos_02,935,935,TG 16:0_18:0_18:0
Pos,NIST_Pos_02,994,994,CE 18:2
Pos,NIST_Pos_02,953,953,CE 18:1
Pos,NIST_Pos_02,996,996,TG 18:1_18:1_18:1
Pos,NIST_Pos_02,993,993,CE 18:2
Pos,NIST_Pos_02,876,876,TG 16:0_18:1_18:0
Pos,NIST_Pos_02,987,987,TG 16:0_16:0_16:0
Pos,NIST_Pos_02,790,790,TG 16:0_18:1_18:0
Pos,NIST_Pos_02,795,795,TG 18:1_18:1_18:0
Pos,NIST_Pos_02,773,773,TG 16:0_16:0_18:0
Pos,NIST_Pos_02,987,987,TG 16:0_16:0_16:0
Pos,NIST_Pos_02,857,857,TG 16:0_18:1_18:0
Pos,NIST_Pos_02,810,810,TG 18:1_18:1_18:0
Pos,NIST_Pos_02,859,859,TG 16:0_18:1_18:0
Pos,NIST_Pos_02,995,995,TG 18:0_18:0_18:0
Pos,NIST_Pos_02,844,844,TG 18:1_18:1_18:0
Pos,NIST_Pos_02,828,828,TG 16:0_18:1_18:0
Pos,NIST_Pos_02,987,987,TG 18:0_18:0_18:0
Pos,NIST_Pos_02,988,988,TG 16:0_16:0_16:0
Pos,NIST_Pos_02,878,878,TG 16:0_18:1_18:0
Pos,NIST_Pos_02,985,985,TG 18:0_18:0_18:0
Pos,NIST_Pos_02,981,981,TG 16:0_16:0_16:0
Pos,NIST_Pos_02,864,864,TG 16:0_18:1_18:0
Pos,NIST_Pos_02,725,725,TG 18:0_18:0_18:0
Pos,NIST_Pos_02,833,833,TG 16:0_18:1_18:0
Pos,NIST_Pos_02,762,762,TG 16:0_16:0_16:0
Pos,NIST_Pos_02,664,664,TG 16:0_18:1_18:0
Pos,NIST_Pos_02,778,778,LysoPC 16:0
Pos,NIST_Pos_02,647,647,LysoPC 16:0
Pos,NIST_Pos_02,853,853,SM d19:0_15:1
Pos,NIST_Pos_02,917,917,LysoPC 16:0
Pos,NIST_Pos_02,907,907,PC 10:0_26:1
Pos,NIST_Pos_02,974,974,PC 10:0_24:1
Pos,NIST_Pos_02,681,681,PC
Pos,NIST_Pos_02,945,945,LysoPC 16:0
Pos,NIST_Pos_02,870,870,SM d19:0_15:1
Pos,NIST_Pos_02,920,920,PC 10:0_26:1
Pos,NIST_Pos_02,988,988,PC 10:0_24:1
Pos,NIST_Pos_02,942,942,LysoPC 16:0
Pos,NIST_Pos_02,965,965,PC 10:0_26:1
Pos,NIST_Pos_02,990,990,PC 10:0_24:1
Pos,NIST_Pos_02,877,877,SM d19:0_17:1
Pos,NIST_Pos_02,993,993,SM d19:0_15:1
Pos,NIST_Pos_02,921,921,PC 10:0_26:1
Pos,NIST_Pos_02,943,943,LysoPC 16:0
Pos,NIST_Pos_02,744,744,PC 16:1_22:2
Pos,NIST_Pos_03,945,945,LysoPC 16:0
Pos,NIST_Pos_03,966,966,SM d19:0_15:1
Pos,NIST_Pos_03,545,545,PC 10:0_26:1
Pos,NIST_Pos_03,948,948,LysoPC 16:0
Pos,NIST_Pos_03,884,884,LysoPC 18:0
Pos,NIST_Pos_03,559,559,SM d19:0_15:1
Pos,NIST_Pos_03,927,927,LysoPC 16:0
Pos,NIST_Pos_03,579,579,LysoPC 18:0
Pos,NIST_Pos_03,896,896,LysoPC 16:0
Pos,NIST_Pos_03,609,609,SM d19:0_15:1
Pos,NIST_Pos_03,927,927,LysoPC 16:0
Pos,NIST_Pos_03,625,625,PC 10:0_26:1
Pos,NIST_Pos_03,822,822,SM d19:0_15:1
Pos,NIST_Pos_03,919,919,LysoPC 16:0
Pos,NIST_Pos_03,901,901,LysoPC 18:0
Pos,NIST_Pos_03,736,736,SM d19:0_15:1
Pos,NIST_Pos_03,938,938,LysoPC 16:0
Pos,NIST_Pos_03,737,737,LysoPC 16:0
Pos,NIST_Pos_03,879,879,LysoPC 18:0
Pos,NIST_Pos_03,527,527,LysoPC 18:0
Pos,NIST_Pos_03,897,897,LysoPC 16:0
Pos,NIST_Pos_03,877,877,LysoPC 16:0
Pos,NIST_Pos_03,791,791,LysoPC 16:0
Pos,NIST_Pos_03,857,857,LysoPC 16:0
Pos,NIST_Pos_03,622,622,PC 10:0_26:2
Pos,NIST_Pos_03,797,797,LysoPC 16:0
Pos,NIST_Pos_03,522,522,LysoPC 16:0
Pos,NIST_Pos_03,589,589,LysoPC 18:0
Pos,NIST_Pos_03,676,676,PC 10:0_26:2
Pos,NIST_Pos_03,852,852,LysoPC 16:0
Pos,NIST_Pos_03,817,817,LysoPC 16:0
Pos,NIST_Pos_03,602,602,LysoPC 16:0
Pos,NIST_Pos_03,765,765,PC 10:0_26:2
Pos,NIST_Pos_03,550,550,LysoPC 18:0
Pos,NIST_Pos_03,771,771,LysoPC 16:0
Pos,NIST_Pos_03,710,710,LysoPC 16:0
Pos,NIST_Pos_03,695,695,LysoPC 16:0
Pos,NIST_Pos_03,598,598,LysoPC 18:0
Pos,NIST_Pos_03,833,833,LysoPC 16:0
Pos,NIST_Pos_03,554,554,LysoPC 18:0
Pos,NIST_Pos_03,510,510,LysoPC 16:0
Pos,NIST_Pos_03,790,790,LysoPC 16:0
Pos,NIST_Pos_03,680,680,PC 10:0_26:2
Pos,NIST_Pos_03,588,588,LysoPC 18:0
Pos,NIST_Pos_03,844,844,LysoPC 16:0
Pos,NIST_Pos_03,696,696,LysoPC 16:0
Pos,NIST_Pos_03,710,710,LysoPC 16:0
Pos,NIST_Pos_03,841,841,LysoPC 16:0
Pos,NIST_Pos_03,813,813,LysoPC 16:0
Pos,NIST_Pos_03,574,574,SP d16:0
Pos,NIST_Pos_03,805,805,LysoPC 20:5
Pos,NIST_Pos_03,885,885,LysoPC 20:5
Pos,NIST_Pos_03,951,951,LysoPC 18:3
Pos,NIST_Pos_03,591,591,LysoPC 18:2
Pos,NIST_Pos_03,930,930,LysoPC 18:3
Pos,NIST_Pos_03,941,941,LysoPC 18:2
Pos,NIST_Pos_03,984,984,LysoPE 22:6
Pos,NIST_Pos_03,927,927,LysoPC 16:0
Pos,NIST_Pos_03,901,901,LysoPC 20:3
Pos,NIST_Pos_03,950,950,LysoPC 18:2
Pos,NIST_Pos_03,945,945,LysoPC 17:1
Pos,NIST_Pos_03,944,944,LysoPC 16:0
Pos,NIST_Pos_03,623,623,LysoPE 22:5
Pos,NIST_Pos_03,1000,1000,LysoPE 16:0
Pos,NIST_Pos_03,795,795,LysoPE 20:3
Pos,NIST_Pos_03,997,997,LysoPE 16:0
Pos,NIST_Pos_03,953,953,LysoPC 20:3
Pos,NIST_Pos_03,997,997,LysoPE 18:1
Pos,NIST_Pos_03,948,948,LysoPC 22:4
Pos,NIST_Pos_03,949,949,LysoPC 16:0
Pos,NIST_Pos_03,761,761,PC 10:0_14:0
Pos,NIST_Pos_03,945,945,LysoPC 16:0
Pos,NIST_Pos_03,948,948,LysoPC 18:1
Pos,NIST_Pos_03,681,681,LysoPE 18:0
Pos,NIST_Pos_03,985,985,LysoPE 18:0
Pos,NIST_Pos_03,934,934,LysoPC 16:0
Pos,NIST_Pos_03,983,983,PC
Pos,NIST_Pos_03,829,829,LysoPC 20:0
Pos,NIST_Pos_03,941,941,LysoPC 18:0
Pos,NIST_Pos_03,944,944,LysoPC 16:0
Pos,NIST_Pos_03,935,935,PC
Pos,NIST_Pos_03,945,945,LysoPC 18:0
Pos,NIST_Pos_03,942,942,LysoPC 16:0
Pos,NIST_Pos_03,874,874,PC
Pos,NIST_Pos_03,940,940,LysoPC 20:0
Pos,NIST_Pos_03,806,806,PC
Pos,NIST_Pos_03,875,875,PC
Pos,NIST_Pos_03,937,937,LysoPC 18:0
Pos,NIST_Pos_03,638,638,PC
Pos,NIST_Pos_03,739,739,PC
Pos,NIST_Pos_03,775,775,PC
Pos,NIST_Pos_03,941,941,LysoPC 16:0
Pos,NIST_Pos_03,997,997,PC 14:1_22:4
Pos,NIST_Pos_03,796,796,PC
Pos,NIST_Pos_03,814,814,PC
Pos,NIST_Pos_03,659,659,PC
Pos,NIST_Pos_03,983,983,Plasmenyl-PC P-18:1_20:5
Pos,NIST_Pos_03,938,938,LysoPC 16:0
Pos,NIST_Pos_03,993,993,PC
Pos,NIST_Pos_03,824,824,PC
Pos,NIST_Pos_03,994,994,PC 16:1_22:6
Pos,NIST_Pos_03,557,557,PC
Pos,NIST_Pos_03,731,731,PC
Pos,NIST_Pos_03,997,997,PC 14:1_22:4
Pos,NIST_Pos_03,568,568,PC
Pos,NIST_Pos_03,683,683,PC
Pos,NIST_Pos_03,944,944,PC 14:1_24:4
Pos,NIST_Pos_03,918,918,LysoPC 16:0
Pos,NIST_Pos_03,703,703,PC
Pos,NIST_Pos_03,986,986,Plasmenyl-PC P-18:1_20:5
Pos,NIST_Pos_03,685,685,LysoPC 24:1
Pos,NIST_Pos_03,928,928,PC
Pos,NIST_Pos_03,958,958,PC
Pos,NIST_Pos_03,981,981,PC 16:1_22:5
Pos,NIST_Pos_03,1000,1000,SM d18:1_14:1
Pos,NIST_Pos_03,715,715,PC
Pos,NIST_Pos_03,808,808,PC
Pos,NIST_Pos_03,916,916,Plasmenyl-PE P-16:0_20:5
Pos,NIST_Pos_03,836,836,PC 10:0_24:1
Pos,NIST_Pos_03,825,825,PC
Pos,NIST_Pos_03,937,937,LysoPC 16:0
Pos,NIST_Pos_03,983,983,PI 14:0_24:4
Pos,NIST_Pos_03,982,982,PC 14:1_20:2
Pos,NIST_Pos_03,975,975,Plasmenyl-PC P-18:0_22:6
Pos,NIST_Pos_03,818,818,PC 10:0_26:2
Pos,NIST_Pos_03,877,877,PC
Pos,NIST_Pos_03,934,934,PC
Pos,NIST_Pos_03,843,843,PC 10:0_26:2
Pos,NIST_Pos_03,709,709,PC 16:1_22:6
Pos,NIST_Pos_03,608,608,Plasmenyl-PE P-16:0_20:5
Pos,NIST_Pos_03,569,569,PC
Pos,NIST_Pos_03,818,818,Plasmenyl-PE P-18:1_20:5
Pos,NIST_Pos_03,987,987,PC 14:1_22:5
Pos,NIST_Pos_03,994,994,PC 10:0_24:4
Pos,NIST_Pos_03,821,821,PC 16:1_24:4
Pos,NIST_Pos_03,840,840,PC 16:1_22:2
Pos,NIST_Pos_03,782,782,PC
Pos,NIST_Pos_03,772,772,PC
Pos,NIST_Pos_03,919,919,LysoPC 18:0
Pos,NIST_Pos_03,922,922,LysoPC 16:0
Pos,NIST_Pos_03,917,917,PC
Pos,NIST_Pos_03,999,999,SM d18:0_14:1
Pos,NIST_Pos_03,705,705,PC
Pos,NIST_Pos_03,971,971,SM d18:0_14:0
Pos,NIST_Pos_03,807,807,PC 10:0_26:2
Pos,NIST_Pos_03,997,997,PC
Pos,NIST_Pos_03,659,659,PC
Pos,NIST_Pos_03,999,999,SM d18:1_16:1
Pos,NIST_Pos_03,884,884,PC 16:1_22:2
Pos,NIST_Pos_03,970,970,PI 12:0_24:4
Pos,NIST_Pos_03,598,598,Cer
Pos,NIST_Pos_03,997,997,PC 16:1_22:5
Pos,NIST_Pos_03,998,998,SM d18:0_14:1
Pos,NIST_Pos_03,905,905,PC 10:0_22:1
Pos,NIST_Pos_03,1000,1000,SM d18:1_16:1
Pos,NIST_Pos_03,997,997,PC 12:0_24:4
Pos,NIST_Pos_03,946,946,LysoPC 16:0
Pos,NIST_Pos_03,980,980,PC 14:1_22:2
Pos,NIST_Pos_03,997,997,PC 12:0_24:4
Pos,NIST_Pos_03,971,971,PC
Pos,NIST_Pos_03,904,904,LysoPC 18:0
Pos,NIST_Pos_03,997,997,PC 16:1_22:5
Pos,NIST_Pos_03,767,767,PC 16:1_22:2
Pos,NIST_Pos_03,949,949,PE 18:2_18:2
Pos,NIST_Pos_03,979,979,SM d18:0_14:0
Pos,NIST_Pos_03,981,981,PC
Pos,NIST_Pos_03,999,999,SM d19:0_15:1
Pos,NIST_Pos_03,910,910,HexCer
Pos,NIST_Pos_03,997,997,PC 16:1_22:5
Pos,NIST_Pos_03,997,997,PC 12:0_24:4
Pos,NIST_Pos_03,701,701,PC 12:0_26:2
Pos,NIST_Pos_03,622,622,PI 18:4_22:2
Pos,NIST_Pos_03,997,997,PC 15:1_20:2
Pos,NIST_Pos_03,997,997,PC
Pos,NIST_Pos_03,993,993,Plasmanyl-PC O-16:0_18:4
Pos,NIST_Pos_03,916,916,LysoPC 18:0
Pos,NIST_Pos_03,938,938,PC
Pos,NIST_Pos_03,1000,1000,SM d19:0_15:1
Pos,NIST_Pos_03,1000,1000,Plasmenyl-PC P-18:0_18:4
Pos,NIST_Pos_03,999,999,Plasmanyl-PC O-16:0_22:6
Pos,NIST_Pos_03,980,980,PI 14:0_24:4
Pos,NIST_Pos_03,983,983,PC 17:2_22:4
Pos,NIST_Pos_03,999,999,SM d19:0_15:1
Pos,NIST_Pos_03,997,997,PI 10:0_24:1
Pos,NIST_Pos_03,960,960,Plasmenyl-PE P-16:0_22:6
Pos,NIST_Pos_03,912,912,PE 18:1_20:4
Pos,NIST_Pos_03,1000,1000,SM d19:0_15:1
Pos,NIST_Pos_03,997,997,PC 14:1_22:2
Pos,NIST_Pos_03,1000,1000,PI 10:0_26:2
Pos,NIST_Pos_03,997,997,PC 14:1_24:4
Pos,NIST_Pos_03,978,978,SM d19:0_17:1
Pos,NIST_Pos_03,979,979,PC 10:0_26:2
Pos,NIST_Pos_03,997,997,PC 14:1_22:2
Pos,NIST_Pos_03,989,989,PC 14:0_24:4
Pos,NIST_Pos_03,1000,1000,PE 16:0_18:2
Pos,NIST_Pos_03,1000,1000,Plasmenyl-PC P-18:0_18:4
Pos,NIST_Pos_03,1000,1000,SM d18:0_20:3
Pos,NIST_Pos_03,997,997,PC 14:0_24:4
Pos,NIST_Pos_03,995,995,PC 10:0_21:0
Pos,NIST_Pos_03,999,999,SM d19:0_15:1
Pos,NIST_Pos_03,983,983,PC 16:1_22:2
Pos,NIST_Pos_03,997,997,PC 12:0_22:2
Pos,NIST_Pos_03,994,994,SM d18:0_20:3
Pos,NIST_Pos_03,997,997,PC 14:1_22:2
Pos,NIST_Pos_03,997,997,PC 14:0_24:4
Pos,NIST_Pos_03,1000,1000,Plasmanyl-PC O-18:0_18:4
Pos,NIST_Pos_03,986,986,PC 16:1_24:4
Pos,NIST_Pos_03,981,981,PC 11:0_24:1
Pos,NIST_Pos_03,1000,1000,Plasmanyl-PC O-16:0_18:3
Pos,NIST_Pos_03,987,987,Plasmanyl-PC O-20:0_18:4
Pos,NIST_Pos_03,1000,1000,Plasmanyl-PC O-18:0_18:4
Pos,NIST_Pos_03,997,997,PC 12:0_22:2
Pos,NIST_Pos_03,1000,1000,Plasmanyl-PC O-18:0_20:5
Pos,NIST_Pos_03,980,980,PC 10:0_26:2
Pos,NIST_Pos_03,997,997,PC 14:1_22:2
Pos,NIST_Pos_03,1000,1000,SM d19:0_16:1
Pos,NIST_Pos_03,997,997,PC 12:0_22:2
Pos,NIST_Pos_03,664,664,Plasmenyl-PE P-18:1_20:4
Pos,NIST_Pos_03,1000,1000,Plasmanyl-PC O-16:0_18:3
Pos,NIST_Pos_03,997,997,PC 13:0_22:2
Pos,NIST_Pos_03,934,934,PC 16:1_22:5
Pos,NIST_Pos_03,997,997,PC 14:0_24:4
Pos,NIST_Pos_03,939,939,Plasmenyl-PE P-16:0_18:2
Pos,NIST_Pos_03,996,996,SM d19:0_15:0
Pos,NIST_Pos_03,980,980,PC 11:0_26:2
Pos,NIST_Pos_03,1000,1000,Plasmanyl-PC O-18:0_18:4
Pos,NIST_Pos_03,973,973,PC 11:0_24:1
Pos,NIST_Pos_03,983,983,Plasmanyl-PC O-20:0_14:1
Pos,NIST_Pos_03,997,997,PC 14:0_24:4
Pos,NIST_Pos_03,992,992,Cer
Pos,NIST_Pos_03,900,900,Cer
Pos,NIST_Pos_03,1000,1000,Plasmanyl-PC O-16:0_18:2
Pos,NIST_Pos_03,997,997,PC 10:0_22:0
Pos,NIST_Pos_03,999,999,Plasmanyl-PC O-18:0_20:5
Pos,NIST_Pos_03,1000,1000,PI 10:0_26:1
Pos,NIST_Pos_03,984,984,Plasmanyl-PC O-18:0_18:2
Pos,NIST_Pos_03,990,990,PE 18:0_20:4
Pos,NIST_Pos_03,957,957,Plasmenyl-PE P-18:0_22:6
Pos,NIST_Pos_03,996,996,PC 16:1_22:2
Pos,NIST_Pos_03,999,999,PE 16:0_18:1
Pos,NIST_Pos_03,803,803,DG 18:2_18:2
Pos,NIST_Pos_03,979,979,SM d19:0_17:0
Pos,NIST_Pos_03,659,659,Plasmenyl-PC P-18:0_17:2
Pos,NIST_Pos_03,872,872,Plasmenyl-PE P-16:0_22:4
Pos,NIST_Pos_03,999,999,Plasmanyl-PC O-18:0_22:6
Pos,NIST_Pos_03,980,980,PC 12:0_26:2
Pos,NIST_Pos_03,979,979,PC 10:0_24:0
Pos,NIST_Pos_03,992,992,PC 16:0_24:4
Pos,NIST_Pos_03,996,996,SM d19:0_15:1
Pos,NIST_Pos_03,997,997,PC 16:1_22:2
Pos,NIST_Pos_03,997,997,PC 10:0_26:2
Pos,NIST_Pos_03,1000,1000,Plasmanyl-PC O-16:0_18:2
Pos,NIST_Pos_03,980,980,PC 10:0_24:0
Pos,NIST_Pos_03,996,996,PC 10:0_22:0
Pos,NIST_Pos_03,998,998,Plasmanyl-PC O-16:0_18:2
Pos,NIST_Pos_03,992,992,PC 10:0_24:0
Pos,NIST_Pos_03,1000,1000,Plasmanyl-PC O-20:0_18:4
Pos,NIST_Pos_03,997,997,PC 16:0_24:4
Pos,NIST_Pos_03,893,893,PC 12:0_26:2
Pos,NIST_Pos_03,1000,1000,Plasmanyl-PC O-20:0_18:4
Pos,NIST_Pos_03,973,973,PC 10:0_26:1
Pos,NIST_Pos_03,980,980,Plasmanyl-PC O-20:0_14:0
Pos,NIST_Pos_03,1000,1000,Plasmenyl-PC P-18:0_18:2
Pos,NIST_Pos_03,999,999,Plasmanyl-PC O-20:0_18:4
Pos,NIST_Pos_03,993,993,Plasmenyl-PC P-20:0_16:0
Pos,NIST_Pos_03,831,831,PC 12:0_26:2
Pos,NIST_Pos_03,847,847,DG 16:1_16:0
Pos,NIST_Pos_03,996,996,PC 10:0_26:1
Pos,NIST_Pos_03,959,959,SM d19:0_17:1
Pos,NIST_Pos_03,997,997,PC 16:0_24:4
Pos,NIST_Pos_03,999,999,SM d19:0_22:3
Pos,NIST_Pos_03,911,911,PC 16:1_22:2
Pos,NIST_Pos_03,999,999,Plasmanyl-PC O-20:0_20:4
Pos,NIST_Pos_03,996,996,PC
Pos,NIST_Pos_03,956,956,DG 18:2_18:1
Pos,NIST_Pos_03,983,983,PC 12:0_26:1
Pos,NIST_Pos_03,940,940,Plasmanyl-PC O-18:0_18:2
Pos,NIST_Pos_03,994,994,Plasmenyl-PC P-20:0_18:1
Pos,NIST_Pos_03,878,878,PC
Pos,NIST_Pos_03,846,846,Plasmanyl-PC O-20:0_22:5
Pos,NIST_Pos_03,986,986,SM d18:0_22:1
Pos,NIST_Pos_03,984,984,SM d18:0_24:2
Pos,NIST_Pos_03,994,994,PC 10:0_25:0
Pos,NIST_Pos_03,987,987,SM d18:1_24:1
Pos,NIST_Pos_03,994,994,PC 12:0_22:2
Pos,NIST_Pos_03,993,993,SM d18:0_22:1
Pos,NIST_Pos_03,838,838,HexCer
Pos,NIST_Pos_03,976,976,Plasmanyl-PC O-20:0_16:0
Pos,NIST_Pos_03,852,852,DG 18:1_18:1
Pos,NIST_Pos_03,999,999,SM d18:0_24:2
Pos,NIST_Pos_03,992,992,PC 10:0_26:1
Pos,NIST_Pos_03,737,737,DG 16:0_16:0
Pos,NIST_Pos_03,987,987,SM d18:0_24:1
Pos,NIST_Pos_03,999,999,SM d19:0_24:3
Pos,NIST_Pos_03,867,867,DG 18:1_18:1
Pos,NIST_Pos_03,994,994,PC 10:0_24:1
Pos,NIST_Pos_03,984,984,SM d18:0_24:1
Pos,NIST_Pos_03,1000,1000,SM d18:0_24:2
Pos,NIST_Pos_03,850,850,LysoPC 16:0
Pos,NIST_Pos_03,998,998,SM d19:0_22:1
Pos,NIST_Pos_03,993,993,PC 10:0_24:1
Pos,NIST_Pos_03,983,983,SM d19:0_21:0
Pos,NIST_Pos_03,991,991,PC 12:0_22:2
Pos,NIST_Pos_03,977,977,SM d19:0_20:0
Pos,NIST_Pos_03,614,614,Plasmanyl-PC O-20:0_22:4
Pos,NIST_Pos_03,1000,1000,SM d18:0_24:2
Pos,NIST_Pos_03,914,914,LysoPC 16:0
Pos,NIST_Pos_03,983,983,SM d19:0_21:0
Pos,NIST_Pos_03,1000,1000,SM d18:0_24:2
Pos,NIST_Pos_03,1000,1000,SM d19:0_24:2
Pos,NIST_Pos_03,888,888,Plasmenyl-PC P-20:0_22:2
Pos,NIST_Pos_03,948,948,Plasmanyl-PC O-20:0_24:4
Pos,NIST_Pos_03,1000,1000,SM d19:0_22:1
Pos,NIST_Pos_03,999,999,SM d18:0_24:1
Pos,NIST_Pos_03,999,999,SM d19:0_24:2
Pos,NIST_Pos_03,809,809,SM d19:0_15:1
Pos,NIST_Pos_03,939,939,SM d19:0_23:0
Pos,NIST_Pos_03,849,849,LysoPC 16:0
Pos,NIST_Pos_03,998,998,SM d18:0_24:1
Pos,NIST_Pos_03,997,997,SM d19:0_24:2
Pos,NIST_Pos_03,994,994,SM d18:0_24:1
Pos,NIST_Pos_03,993,993,PC 10:0_24:1
Pos,NIST_Pos_03,897,897,LysoPC 16:0
Pos,NIST_Pos_03,956,956,SM d19:0_22:1
Pos,NIST_Pos_03,981,981,SM d19:0_23:0
Pos,NIST_Pos_03,949,949,PC 10:0_24:1
Pos,NIST_Pos_03,1000,1000,SM d18:0_24:1
Pos,NIST_Pos_03,540,540,Plasmanyl-PC O-18:0_18:2
Pos,NIST_Pos_03,1000,1000,SM d18:0_24:1
Pos,NIST_Pos_03,852,852,LysoPC 16:0
Pos,NIST_Pos_03,525,525,TG 16:0_16:0_18:2
Pos,NIST_Pos_03,661,661,Cer
Pos,NIST_Pos_03,957,957,PC 10:0_24:1
Pos,NIST_Pos_03,802,802,PC 10:0_24:1
Pos,NIST_Pos_03,618,618,PC 10:0_24:1
Pos,NIST_Pos_03,940,940,PC 10:0_24:1
Pos,NIST_Pos_03,710,710,TG 16:0_18:1_18:0
Pos,NIST_Pos_03,650,650,TG 16:0_18:1_18:0
Pos,NIST_Pos_03,523,523,TG 16:1_16:0_18:1
Pos,NIST_Pos_03,725,725,TG 16:0_18:2_18:1
Pos,NIST_Pos_03,573,573,TG 14:0_18:2_18:1
Pos,NIST_Pos_03,779,779,TG 16:0_18:2_18:1
Pos,NIST_Pos_03,700,700,TG 14:1_16:0_18:2
Pos,NIST_Pos_03,551,551,TG 16:0_18:2_18:2
Pos,NIST_Pos_03,844,844,TG 16:0_16:0_18:1
Pos,NIST_Pos_03,578,578,TG 18:2_18:1_18:1
Pos,NIST_Pos_03,558,558,TG 14:0_16:0_20:4
Pos,NIST_Pos_03,550,550,TG 16:1_16:0_20:4
Pos,NIST_Pos_03,539,539,TG 16:0_18:2_20:4
Pos,NIST_Pos_03,862,862,TG 16:1_16:0_18:1
Pos,NIST_Pos_03,881,881,TG 16:0_16:0_18:1
Pos,NIST_Pos_03,566,566,TG 16:0_18:1_20:5
Pos,NIST_Pos_03,876,876,TG 16:0_18:1_18:1
Pos,NIST_Pos_03,575,575,TG 14:0_16:0_16:0
Pos,NIST_Pos_03,557,557,TG 16:0_16:0_16:0
Pos,NIST_Pos_03,547,547,TG 14:0_16:0_18:1
Pos,NIST_Pos_03,863,863,TG 16:0_16:0_18:1
Pos,NIST_Pos_03,879,879,TG 16:0_18:1_18:1
Pos,NIST_Pos_03,780,780,TG 14:0_16:0_18:2
Pos,NIST_Pos_03,635,635,TG 16:1_16:0_18:2
Pos,NIST_Pos_03,833,833,TG 16:1_16:0_18:2
Pos,NIST_Pos_03,840,840,TG 16:0_18:1_18:1
Pos,NIST_Pos_03,576,576,TG 16:0_18:1_22:6
Pos,NIST_Pos_03,781,781,TG 16:0_18:2_18:2
Pos,NIST_Pos_03,669,669,TG 18:1_18:1_18:1
Pos,NIST_Pos_03,732,732,TG 14:0_16:1_16:0
Pos,NIST_Pos_03,689,689,TG 16:1_16:1_16:0
Pos,NIST_Pos_03,583,583,TG 16:0_16:0_18:1
Pos,NIST_Pos_03,727,727,TG 18:2_18:1_18:1
Pos,NIST_Pos_03,736,736,TG 16:0_16:0_18:3
Pos,NIST_Pos_03,995,995,CE 20:4
Pos,NIST_Pos_03,833,833,TG 16:0_18:3_18:1
Pos,NIST_Pos_03,847,847,TG 18:1_18:1_18:1
Pos,NIST_Pos_03,698,698,TG 14:1_16:0_18:1
Pos,NIST_Pos_03,966,966,TG 16:0_16:0_18:3
Pos,NIST_Pos_03,580,580,TG 18:2_18:1_18:1
Pos,NIST_Pos_03,735,735,TG 16:0_18:3_18:1
Pos,NIST_Pos_03,827,827,TG 18:3_18:1_18:1
Pos,NIST_Pos_03,911,911,TG 16:0_18:2_22:4
Pos,NIST_Pos_03,830,830,TG 16:1_16:0_18:2
Pos,NIST_Pos_03,538,538,TG 18:2_18:1_18:1
Pos,NIST_Pos_03,940,940,TG 16:0_18:2_18:1
Pos,NIST_Pos_03,853,853,TG 16:0_16:0_20:4
Pos,NIST_Pos_03,964,964,CE 20:4
Pos,NIST_Pos_03,548,548,TG 16:0_18:1_20:4
Pos,NIST_Pos_03,678,678,TG 17:0_18:2_18:1
Pos,NIST_Pos_03,793,793,TG 15:1_16:0_18:1
Pos,NIST_Pos_03,549,549,TG 18:2_18:0_20:4
Pos,NIST_Pos_03,852,852,TG 18:2_18:1_18:1
Pos,NIST_Pos_03,861,861,TG 18:1_18:1_18:1
Pos,NIST_Pos_03,918,918,TG 16:0_16:0_16:0
Pos,NIST_Pos_03,694,694,TG 16:0_18:1_18:0
Pos,NIST_Pos_03,654,654,TG 16:0_16:0_18:1
Pos,NIST_Pos_03,632,632,TG 16:0_18:1_18:1
Pos,NIST_Pos_03,539,539,TG 16:0_16:0_16:0
Pos,NIST_Pos_03,661,661,TG 18:1_18:1_18:1
Pos,NIST_Pos_03,849,849,TG 16:0_16:0_18:2
Pos,NIST_Pos_03,758,758,TG 18:2_18:1_18:1
Pos,NIST_Pos_03,996,996,CE 20:3
Pos,NIST_Pos_03,848,848,TG 16:1_16:0_18:1
Pos,NIST_Pos_03,711,711,TG 18:1_18:1_18:1
Pos,NIST_Pos_03,586,586,TG 18:2_18:1_18:1
Pos,NIST_Pos_03,868,868,TG 16:0_16:0_18:1
Pos,NIST_Pos_03,984,984,CE 20:1
Pos,NIST_Pos_03,983,983,TG 16:0_18:2_18:1
Pos,NIST_Pos_03,606,606,TG 16:0_17:0_18:1
Pos,NIST_Pos_03,794,794,TG 16:0_17:1_18:1
Pos,NIST_Pos_03,895,895,TG 16:0_18:1_18:1
Pos,NIST_Pos_03,626,626,TG 17:0_18:1_18:1
Pos,NIST_Pos_03,844,844,TG 16:0_16:0_18:1
Pos,NIST_Pos_03,961,961,TG 17:0_18:2_18:1
Pos,NIST_Pos_03,901,901,TG 16:0_17:1_18:1
Pos,NIST_Pos_03,610,610,TG 18:1_18:0_20:4
Pos,NIST_Pos_03,576,576,TG 18:2_18:1_18:1
Pos,NIST_Pos_03,953,953,TG 18:1_18:1_18:1
Pos,NIST_Pos_03,877,877,TG 16:0_18:1_18:1
Pos,NIST_Pos_03,661,661,TG 18:1_18:1_18:0
Pos,NIST_Pos_03,560,560,TG 16:0_18:1_18:0
Pos,NIST_Pos_03,895,895,TG 16:0_18:1_18:1
Pos,NIST_Pos_03,896,896,TG 16:0_18:1_18:1
Pos,NIST_Pos_03,590,590,TG 18:1_18:1_20:1
Pos,NIST_Pos_03,515,515,TG 18:1_18:1_18:0
Pos,NIST_Pos_03,981,981,TG 18:1_18:1_18:1
Pos,NIST_Pos_03,587,587,TG 16:0_18:1_18:0
Pos,NIST_Pos_03,571,571,TG 18:1_18:0_20:2
Pos,NIST_Pos_03,982,982,TG 18:1_18:1_18:1
Pos,NIST_Pos_03,884,884,TG 17:0_18:1_18:1
Pos,NIST_Pos_03,676,676,TG 16:0_18:1_18:0
Pos,NIST_Pos_03,748,748,TG 16:0_18:2_20:0
Pos,NIST_Pos_03,516,516,TG 16:0_17:0_18:0
Pos,NIST_Pos_03,860,860,TG 17:0_18:1_18:1
Pos,NIST_Pos_03,679,679,TG 16:0_18:1_18:0
Pos,NIST_Pos_03,666,666,TG 16:0_16:0_18:0
Pos,NIST_Pos_03,966,966,CE 18:1
Pos,NIST_Pos_03,992,992,TG 16:0_18:1_18:0
Pos,NIST_Pos_03,701,701,TG 18:1_18:0_18:0
Pos,NIST_Pos_03,651,651,TG 18:1_18:1_18:0
Pos,NIST_Pos_03,918,918,CE 17:0
Pos,NIST_Pos_03,994,994,TG 16:0_18:1_18:0
Pos,NIST_Pos_03,881,881,TG 16:0_18:1_19:0
Pos,NIST_Pos_03,765,765,TG 18:1_18:1_18:0
Pos,NIST_Pos_03,771,771,TG 18:1_18:0_18:0
Pos,NIST_Pos_03,650,650,TG 16:0_18:0_18:0
Pos,NIST_Pos_03,976,976,TG 16:0_18:1_18:0
Pos,NIST_Pos_03,946,946,CE 18:1
Pos,NIST_Pos_03,869,869,TG 16:0_16:0_18:0
Pos,NIST_Pos_03,875,875,TG 18:0_18:0_18:0
Pos,NIST_Pos_03,992,992,TG 16:0_16:0_16:0
Pos,NIST_Pos_03,934,934,TG 16:0_18:1_18:0
Pos,NIST_Pos_03,600,600,TG 18:1_18:0_18:0
Pos,NIST_Pos_03,850,850,TG 17:0_18:1_18:0
Pos,NIST_Pos_03,911,911,TG 16:0_18:1_18:0
Pos,NIST_Pos_03,796,796,TG 16:0_16:0_18:0
Pos,NIST_Pos_03,985,985,TG 16:0_16:0_16:0
Pos,NIST_Pos_03,800,800,TG 18:0_18:0_18:0
Pos,NIST_Pos_03,687,687,TG 16:0_16:0_18:0
Pos,NIST_Pos_03,849,849,TG 16:0_18:1_18:0
Pos,NIST_Pos_03,983,983,TG 18:0_18:0_18:0
Pos,NIST_Pos_03,849,849,TG 18:1_18:1_18:0
Pos,NIST_Pos_03,955,955,TG 16:0_16:0_16:0
Pos,NIST_Pos_03,877,877,TG 16:0_16:0_18:1
Pos,NIST_Pos_03,719,719,TG 16:0_16:0_18:0
Pos,NIST_Pos_03,845,845,TG 18:1_18:1_18:0
Pos,NIST_Pos_03,731,731,Alkanyl-TG O-18:0_16:0_18:1
Pos,NIST_Pos_03,884,884,TG 16:0_18:1_18:0
Pos,NIST_Pos_03,987,987,TG 16:0_16:0_16:0
Pos,NIST_Pos_03,786,786,TG 16:0_16:0_18:0
Pos,NIST_Pos_03,886,886,TG 16:0_16:0_18:1
Pos,NIST_Pos_03,790,790,TG 18:1_18:1_18:0
Pos,NIST_Pos_03,855,855,TG 16:0_18:1_18:0
Pos,NIST_Pos_03,560,560,TG 18:0_18:0_18:0
Pos,NIST_Pos_03,993,993,TG 16:0_16:0_16:0
Pos,NIST_Pos_03,802,802,TG 18:1_18:1_18:0
Pos,NIST_Pos_03,873,873,TG 16:0_18:1_18:0
Pos,NIST_Pos_03,785,785,TG 16:0_16:0_18:0
Pos,NIST_Pos_03,990,990,TG 16:0_16:0_16:0
Pos,NIST_Pos_03,831,831,TG 18:1_18:1_18:0
Pos,NIST_Pos_03,851,851,TG 16:0_18:1_18:0
Pos,NIST_Pos_03,644,644,TG 16:0_16:0_18:0
Pos,NIST_Pos_03,794,794,TG 18:1_18:1_18:0
Pos,NIST_Pos_03,710,710,TG 16:0_18:0_22:0
Pos,NIST_Pos_03,867,867,TG 16:0_18:1_18:0
Pos,NIST_Pos_03,794,794,TG 16:0_16:0_18:0
Pos,NIST_Pos_03,991,991,TG 16:0_16:0_16:0
Pos,NIST_Pos_03,838,838,TG 18:1_18:1_18:0
Pos,NIST_Pos_03,591,591,TG 18:0_18:0_20:0
Pos,NIST_Pos_03,860,860,TG 16:0_18:1_18:0
Pos,NIST_Pos_03,667,667,TG 16:0_16:0_18:0
Pos,NIST_Pos_03,843,843,TG 18:1_18:1_18:0
Pos,NIST_Pos_03,984,984,TG 16:0_16:0_16:0
Pos,NIST_Pos_03,852,852,TG 16:0_18:1_18:0
Pos,NIST_Pos_03,693,693,TG 18:0_18:0_20:0
Pos,NIST_Pos_03,789,789,TG 16:0_16:0_18:0
Pos,NIST_Pos_03,794,794,TG 18:1_18:1_18:0
Pos,NIST_Pos_03,866,866,TG 16:0_18:1_18:0
Pos,NIST_Pos_03,719,719,TG 16:0_16:0_18:0
Pos,NIST_Pos_03,857,857,TG 18:1_18:1_18:0
Pos,NIST_Pos_03,870,870,TG 16:0_18:1_18:0
Pos,NIST_Pos_03,988,988,TG 16:0_16:0_16:0
Pos,NIST_Pos_03,799,799,TG 18:0_18:0_20:0
Pos,NIST_Pos_03,875,875,TG 18:1_18:1_18:0
Pos,NIST_Pos_03,874,874,TG 16:0_18:1_18:0
Pos,NIST_Pos_03,982,982,TG 16:0_16:0_16:0
Pos,NIST_Pos_03,853,853,TG 18:1_18:1_18:0
Pos,NIST_Pos_03,884,884,TG 16:0_18:1_18:0
Pos,NIST_Pos_03,757,757,TG 16:0_16:0_18:0
Pos,NIST_Pos_03,752,752,TG 18:1_18:1_18:0
Pos,NIST_Pos_03,853,853,TG 16:0_18:1_18:0
Pos,NIST_Pos_03,929,929,CE 18:1
Pos,NIST_Pos_03,967,967,TG 16:0_16:0_16:0
Pos,NIST_Pos_03,762,762,TG 16:0_16:0_18:0
Pos,NIST_Pos_03,870,870,TG 18:1_18:1_18:0
Pos,NIST_Pos_03,880,880,TG 16:0_18:1_18:0
Pos,NIST_Pos_03,942,942,TG 16:0_16:0_16:0
Pos,NIST_Pos_03,708,708,TG 16:0_16:0_18:0
Pos,NIST_Pos_03,863,863,TG 16:0_18:1_18:0
Pos,NIST_Pos_03,822,822,TG 18:1_18:1_18:0
Pos,NIST_Pos_03,977,977,TG 16:0_16:0_16:0
Pos,NIST_Pos_03,750,750,TG 16:0_16:0_18:0
Pos,NIST_Pos_03,855,855,TG 18:1_18:1_18:0
Pos,NIST_Pos_03,750,750,TG 18:0_18:0_20:0
Pos,NIST_Pos_03,887,887,TG 16:0_18:1_18:0
Pos,NIST_Pos_03,985,985,TG 16:0_16:0_16:0
Pos,NIST_Pos_03,770,770,TG 18:1_18:1_18:0
Pos,NIST_Pos_03,928,928,TG 16:0_16:0_16:0
Pos,NIST_Pos_03,842,842,TG 16:0_18:1_18:0
Pos,NIST_Pos_03,895,895,TG 18:1_18:1_18:0
Pos,NIST_Pos_03,901,901,CE 18:1
Pos,NIST_Pos_03,840,840,TG 18:1_18:1_18:0
Pos,NIST_Pos_03,877,877,TG 16:0_18:1_18:0
Pos,NIST_Pos_03,977,977,TG 16:0_16:0_16:0
Pos,NIST_Pos_03,909,909,TG 16:0_16:0_18:1
Pos,NIST_Pos_03,992,992,CE 18:2
Pos,NIST_Pos_03,884,884,TG 18:1_18:1_18:0
Pos,NIST_Pos_03,842,842,TG 16:0_18:1_18:0
Pos,NIST_Pos_03,804,804,TG 16:0_16:0_18:0
Pos,NIST_Pos_03,986,986,TG 16:0_16:0_16:0
Pos,NIST_Pos_03,822,822,TG 18:1_18:1_18:0
Pos,NIST_Pos_03,805,805,TG 16:0_16:0_18:0
Pos,NIST_Pos_03,868,868,TG 16:0_18:1_18:0
Pos,NIST_Pos_03,991,991,TG 16:0_16:0_16:0
Pos,NIST_Pos_03,815,815,TG 18:1_18:1_18:0
Pos,NIST_Pos_03,991,991,TG 16:0_16:0_16:0
Pos,NIST_Pos_03,818,818,TG 16:0_18:1_18:0
Pos,NIST_Pos_03,729,729,TG 16:0_16:0_18:0
Pos,NIST_Pos_03,851,851,TG 18:1_18:1_18:0
Pos,NIST_Pos_03,887,887,CE 18:1
Pos,NIST_Pos_03,891,891,TG 16:0_16:0_18:1
Pos,NIST_Pos_03,865,865,TG 16:0_18:1_18:0
Pos,NIST_Pos_03,988,988,TG 16:0_16:0_16:0
Pos,NIST_Pos_03,798,798,TG 18:1_18:1_18:0
Pos,NIST_Pos_03,802,802,TG 16:0_16:0_18:0
Pos,NIST_Pos_03,851,851,TG 16:0_18:1_18:0
Pos,NIST_Pos_03,862,862,TG 18:1_18:1_18:0
Pos,NIST_Pos_03,990,990,TG 16:0_16:0_16:0
Pos,NIST_Pos_03,693,693,TG 18:0_18:0_20:0
Pos,NIST_Pos_03,648,648,TG 16:0_16:0_18:0
Pos,NIST_Pos_03,707,707,CE 18:1
Pos,NIST_Pos_03,811,811,TG 18:1_18:1_18:0
Pos,NIST_Pos_03,884,884,TG 16:0_18:1_18:0
Pos,NIST_Pos_03,959,959,TG 16:0_16:0_16:0
Pos,NIST_Pos_03,865,865,CE 18:1
Pos,NIST_Pos_03,826,826,TG 18:1_18:1_18:0
Pos,NIST_Pos_03,990,990,TG 16:0_16:0_16:0
Pos,NIST_Pos_03,871,871,TG 16:0_18:1_18:0
Pos,NIST_Pos_03,825,825,TG 18:1_18:1_18:0
Pos,NIST_Pos_03,590,590,TG 18:0_18:0_20:0
Pos,NIST_Pos_03,787,787,CE 18:1
Pos,NIST_Pos_03,957,957,TG 16:0_16:0_16:0
Pos,NIST_Pos_03,805,805,TG 18:1_18:1_18:0
Pos,NIST_Pos_03,901,901,TG 16:0_18:1_18:0
Pos,NIST_Pos_03,928,928,CE 18:1
Pos,NIST_Pos_03,830,830,TG 18:1_18:1_18:0
Pos,NIST_Pos_03,999,999,TG 18:0_18:0_18:0
Pos,NIST_Pos_03,991,991,TG 16:0_16:0_16:0
Pos,NIST_Pos_03,681,681,CE 18:1
Pos,NIST_Pos_03,863,863,TG 16:0_18:1_18:0
Pos,NIST_Pos_03,869,869,TG 18:1_18:1_18:0
Pos,NIST_Pos_03,993,993,TG 16:0_16:0_16:0
Pos,NIST_Pos_03,762,762,TG 16:0_16:0_18:0
Pos,NIST_Pos_03,857,857,TG 16:0_18:1_18:0
Pos,NIST_Pos_03,805,805,TG 18:1_18:1_18:0
Pos,NIST_Pos_03,990,990,TG 16:0_16:0_16:0
Pos,NIST_Pos_03,908,908,CE 18:1
Pos,NIST_Pos_03,929,929,CE 18:1
Pos,NIST_Pos_03,992,992,TG 16:0_16:0_16:0
Pos,NIST_Pos_03,999,999,TG 18:0_18:0_18:0
Pos,NIST_Pos_03,938,938,CE 18:1
Pos,NIST_Pos_03,666,666,TG 18:1_18:1_18:0
Pos,NIST_Pos_03,999,999,TG 18:0_18:0_18:0
Pos,NIST_Pos_03,508,508,TG 18:0_18:0_20:0
Pos,NIST_Pos_03,882,882,CE 18:1
Pos,NIST_Pos_03,842,842,TG 16:0_16:0_18:0
Pos,NIST_Pos_03,980,980,CE 18:2
Pos,NIST_Pos_03,985,985,TG 16:0_16:0_16:0
Pos,NIST_Pos_03,947,947,CE 18:1
Pos,NIST_Pos_03,999,999,TG 18:0_18:0_18:0
Pos,NIST_Pos_03,854,854,TG 18:1_18:1_18:0
Pos,NIST_Pos_03,995,995,CE 18:2
Pos,NIST_Pos_03,943,943,CE 18:1
Pos,NIST_Pos_03,991,991,TG 16:0_16:0_16:0
Pos,NIST_Pos_03,953,953,CE 18:1
Pos,NIST_Pos_03,849,849,TG 18:1_18:1_18:0
Pos,NIST_Pos_03,981,981,TG 18:1_18:1_18:1
Pos,NIST_Pos_03,999,999,TG 18:0_18:0_18:0
Pos,NIST_Pos_03,993,993,CE 18:2
Pos,NIST_Pos_03,599,599,TG 18:0_18:0_20:0
Pos,NIST_Pos_03,995,995,TG 16:0_16:0_16:0
Pos,NIST_Pos_03,954,954,CE 18:1
Pos,NIST_Pos_03,945,945,CE 18:1
Pos,NIST_Pos_03,909,909,TG 16:0_18:1_18:0
Pos,NIST_Pos_03,995,995,CE 18:2
Pos,NIST_Pos_03,999,999,TG 18:0_18:0_18:0
Pos,NIST_Pos_03,905,905,CE 18:1
Pos,NIST_Pos_03,993,993,TG 16:0_16:0_16:0
Pos,NIST_Pos_03,994,994,CE 18:2
Pos,NIST_Pos_03,941,941,CE 18:1
Pos,NIST_Pos_03,732,732,TG 18:0_18:0_20:0
Pos,NIST_Pos_03,999,999,TG 18:0_18:0_18:0
Pos,NIST_Pos_03,924,924,CE 18:1
Pos,NIST_Pos_03,858,858,TG 18:1_18:1_18:0
Pos,NIST_Pos_03,983,983,TG 16:0_16:0_16:0
Pos,NIST_Pos_03,999,999,TG 18:0_18:0_18:0
Pos,NIST_Pos_03,992,992,CE 18:2
Pos,NIST_Pos_03,883,883,TG 16:0_18:1_18:0
Pos,NIST_Pos_03,911,911,CE 18:1
Pos,NIST_Pos_03,897,897,TG 16:0_18:1_18:0
Pos,NIST_Pos_03,848,848,TG 18:1_18:1_18:0
Pos,NIST_Pos_03,996,996,TG 18:0_18:0_18:0
Pos,NIST_Pos_03,988,988,TG 16:0_16:0_16:0
Pos,NIST_Pos_03,994,994,CE 18:2
Pos,NIST_Pos_03,864,864,TG 16:0_18:1_18:0
Pos,NIST_Pos_03,923,923,CE 18:1
Pos,NIST_Pos_03,868,868,TG 18:1_18:1_18:0
Pos,NIST_Pos_03,741,741,TG 16:0_16:0_18:0
Pos,NIST_Pos_03,958,958,TG 16:0_16:0_16:0
Pos,NIST_Pos_03,864,864,TG 16:0_18:1_18:0
Pos,NIST_Pos_03,779,779,TG 18:1_18:1_18:0
Pos,NIST_Pos_03,867,867,TG 16:0_18:1_18:0
Pos,NIST_Pos_03,753,753,TG 16:0_16:0_18:0
Pos,NIST_Pos_03,990,990,CE 18:2
Pos,NIST_Pos_03,989,989,TG 16:0_16:0_16:0
Pos,NIST_Pos_03,817,817,TG 18:1_18:1_18:0
Pos,NIST_Pos_03,959,959,TG 18:0_18:0_18:0
Pos,NIST_Pos_03,854,854,TG 16:0_18:1_18:0
Pos,NIST_Pos_03,989,989,TG 16:0_16:0_16:0
Pos,NIST_Pos_03,768,768,TG 18:1_18:1_18:0
Pos,NIST_Pos_03,896,896,TG 16:0_16:0_18:1
Pos,NIST_Pos_03,848,848,TG 16:0_18:1_18:0
Pos,NIST_Pos_03,733,733,TG 16:0_16:0_18:0
Pos,NIST_Pos_03,989,989,TG 18:0_18:0_18:0
Pos,NIST_Pos_03,826,826,TG 16:0_18:1_18:0
Pos,NIST_Pos_03,956,956,TG 16:0_16:0_16:0
Pos,NIST_Pos_03,709,709,TG 16:0_18:1_18:0
Pos,NIST_Pos_03,887,887,TG 16:0_16:0_16:0
Pos,NIST_Pos_03,505,505,TG 16:0_18:1_18:0
Pos,NIST_Pos_03,611,611,PC 10:0_26:2
Pos,NIST_Pos_03,562,562,CE 18:2
Pos,NIST_Pos_03,978,978,PC 10:0_24:1
Pos,NIST_Pos_03,776,776,LysoPC 16:0
Pos,NIST_Pos_03,769,769,SM d19:0_15:1
Pos,NIST_Pos_03,822,822,PC 10:0_24:1
Pos,NIST_Pos_03,944,944,LysoPC 16:0
Pos,NIST_Pos_03,781,781,SM d19:0_15:1
Pos,NIST_Pos_03,991,991,PC 10:0_24:1
Pos,NIST_Pos_03,982,982,PC 10:0_26:1
Pos,NIST_Pos_03,946,946,LysoPC 16:0
Pos,NIST_Pos_03,985,985,PC 10:0_24:1
Pos,NIST_Pos_03,922,922,PC 10:0_26:1
Pos,NIST_Pos_03,890,890,SM d19:0_17:1
Pos,NIST_Pos_03,984,984,SM d19:0_15:1
Pos,NIST_Pos_03,947,947,LysoPC 16:0
Pos,NIST_Pos_03,934,934,PC 10:0_24:1
Pos,NIST_Pos_03,950,950,PC 10:0_26:1
Pos,NIST_Pos_03,935,935,LysoPC 16:0
Pos,NIST_Pos_03,747,747,SM d19:0_17:1
Pos,NIST_Pos_03,988,988,SM d19:0_15:1
Pos,NIST_Pos_03,977,977,PC 10:0_24:1
Pos,NIST_Pos_03,971,971,PC 10:0_26:1
Neg,NIST_Neg_01,895,895,LysoPC 18:3
Neg,NIST_Neg_01,992,992,LysoPC 16:1
Neg,NIST_Neg_01,657,657,LysoPE 22:6
Neg,NIST_Neg_01,955,955,LysoPC 20:4
Neg,NIST_Neg_01,1000,1000,LysoPC 18:2
Neg,NIST_Neg_01,995,995,LysoPE 20:4
Neg,NIST_Neg_01,853,853,LysoPC 16:1
Neg,NIST_Neg_01,998,998,LysoPE 18:2
Neg,NIST_Neg_01,757,757,LysoPC 20:4
Neg,NIST_Neg_01,839,839,LysoPC 18:2
Neg,NIST_Neg_01,762,762,LysoPC 22:5
Neg,NIST_Neg_01,853,853,LysoPC 17:1
Neg,NIST_Neg_01,999,999,LysoPC 18:1
Neg,NIST_Neg_01,787,787,LysoPC 16:0
Neg,NIST_Neg_01,992,992,LysoPC 17:0
Neg,NIST_Neg_01,763,763,LysoPC 18:1
Neg,NIST_Neg_01,862,862,LysoPC 20:2
Neg,NIST_Neg_01,811,811,LysoPC 17:0
Neg,NIST_Neg_01,998,998,LysoPE 18:0
Neg,NIST_Neg_01,765,765,LysoPC 18:0
Neg,NIST_Neg_01,998,998,LysoPE 18:0
Neg,NIST_Neg_01,796,796,LysoPC 20:0
Neg,NIST_Neg_01,657,657,PI
Neg,NIST_Neg_01,914,914,PI
Neg,NIST_Neg_01,719,719,PI
Neg,NIST_Neg_01,708,708,PI
Neg,NIST_Neg_01,997,997,SM d14:1_17:0
Neg,NIST_Neg_01,999,999,SM d14:1_18:0
Neg,NIST_Neg_01,882,882,PI 16:0_20:4
Neg,NIST_Neg_01,995,995,SM d14:1_22:2
Neg,NIST_Neg_01,935,935,PI 16:0_18:2
Neg,NIST_Neg_01,655,655,PI 18:1_20:4
Neg,NIST_Neg_01,996,996,SM d14:1_19:0
Neg,NIST_Neg_01,935,935,PI 18:2_18:1
Neg,NIST_Neg_01,896,896,SM d14:0_18:0
Neg,NIST_Neg_01,976,976,PE 18:2_18:2
Neg,NIST_Neg_01,975,975,PE 16:0_22:6
Neg,NIST_Neg_01,997,997,SM d15:1_20:1
Neg,NIST_Neg_01,995,995,SM d14:1_19:0
Neg,NIST_Neg_01,900,900,PE-NMe2 16:0_20:4
Neg,NIST_Neg_01,997,997,SM d14:1_20:0
Neg,NIST_Neg_01,819,819,Plasmenyl-PC P-16:0_22:6
Neg,NIST_Neg_01,874,874,PI 18:0_20:4
Neg,NIST_Neg_01,967,967,PI 18:1_18:1
Neg,NIST_Neg_01,998,998,SM d14:1_22:1
Neg,NIST_Neg_01,1000,1000,SM d14:1_20:0
Neg,NIST_Neg_01,918,918,Plasmenyl-PC P-16:0_20:4
Neg,NIST_Neg_01,813,813,PE-NMe2 18:2_18:1
Neg,NIST_Neg_01,824,824,PE 18:2_18:1
Neg,NIST_Neg_01,992,992,SM d14:1_22:1
Neg,NIST_Neg_01,985,985,Plasmenyl-PE P-16:0_20:4
Neg,NIST_Neg_01,857,857,Plasmenyl-PC P-18:1_20:4
Neg,NIST_Neg_01,814,814,PE-NMe2 16:0_20:3
Neg,NIST_Neg_01,997,997,SM d14:1_21:0
Neg,NIST_Neg_01,858,858,PI 18:0_20:3
Neg,NIST_Neg_01,957,957,Plasmenyl-PE P-18:1_20:4
Neg,NIST_Neg_01,852,852,Plasmenyl-PC P-16:0_18:2
Neg,NIST_Neg_01,975,975,SM d14:1_21:0
Neg,NIST_Neg_01,949,949,Plasmenyl-PE P-16:0_18:2
Neg,NIST_Neg_01,933,933,Plasmenyl-PE P-18:1_18:2
Neg,NIST_Neg_01,521,521,Plasmenyl-PE P-18:0_20:4
Neg,NIST_Neg_01,918,918,Plasmenyl-PC P-18:0_18:2
Neg,NIST_Neg_01,928,928,PI 18:1_18:0
Neg,NIST_Neg_01,887,887,PE 18:0_20:4
Neg,NIST_Neg_01,780,780,PE-NMe2 16:0_18:1
Neg,NIST_Neg_01,739,739,PC 18:1_18:1
Neg,NIST_Neg_01,914,914,PE-NMe2 18:1_18:1
Neg,NIST_Neg_01,1000,1000,SM d14:1_22:0
Neg,NIST_Neg_01,682,682,PE 18:2_18:0
Neg,NIST_Neg_01,998,998,SM d18:2_20:0
Neg,NIST_Neg_01,998,998,SM d14:1_26:2
Neg,NIST_Neg_01,906,906,Plasmenyl-PC P-18:0_20:4
Neg,NIST_Neg_01,999,999,SM d18:2_24:2
Neg,NIST_Neg_01,984,984,Plasmenyl-PE P-18:0_20:4
Neg,NIST_Neg_01,840,840,Plasmenyl-PC P-16:0_18:1
Neg,NIST_Neg_01,766,766,PE 18:0_20:3
Neg,NIST_Neg_01,517,517,Plasmenyl-PC P-20:0_18:3
Neg,NIST_Neg_01,963,963,Plasmenyl-PE P-16:0_18:1
Neg,NIST_Neg_01,973,973,SM d18:4_24:0
Neg,NIST_Neg_01,914,914,Plasmenyl-PC P-20:0_20:4
Neg,NIST_Neg_01,1000,1000,SM d14:0_22:0
Neg,NIST_Neg_01,866,866,Plasmenyl-PC P-18:0_18:2
Neg,NIST_Neg_01,953,953,Plasmenyl-PE P-18:0_18:2
Neg,NIST_Neg_01,741,741,PE-NMe2 18:1_18:0
Neg,NIST_Neg_01,999,999,SM d14:1_26:1
Neg,NIST_Neg_01,1000,1000,SM d14:1_24:0
Neg,NIST_Neg_01,998,998,SM d16:1_26:2
Neg,NIST_Neg_01,999,999,SM d14:1_26:1
Neg,NIST_Neg_01,998,998,SM d16:1_26:2
Neg,NIST_Neg_01,664,664,Plasmenyl-PE P-20:0_20:4
Neg,NIST_Neg_01,990,990,SM d14:1_26:1
Neg,NIST_Neg_01,959,959,Plasmenyl-PE P-18:0_18:1
Neg,NIST_Neg_01,977,977,GlcCer
Neg,NIST_Neg_01,999,999,SM d15:1_26:1
Neg,NIST_Neg_01,997,997,SM d14:1_25:0
Neg,NIST_Neg_01,994,994,SM d17:1_26:2
Neg,NIST_Neg_01,999,999,SM d15:1_26:1
Neg,NIST_Neg_01,994,994,SM d14:1_25:0
Neg,NIST_Neg_01,592,592,Cer
Neg,NIST_Neg_01,997,997,SM d15:1_26:1
Neg,NIST_Neg_01,722,722,Cer
Neg,NIST_Neg_01,997,997,SM d16:1_26:1
Neg,NIST_Neg_01,978,978,GlcCer
Neg,NIST_Neg_01,1000,1000,SM d16:1_26:1
Neg,NIST_Neg_01,997,997,SM d18:1_22:0
Neg,NIST_Neg_01,975,975,SM d18:3_26:0
Neg,NIST_Neg_01,1000,1000,SM d14:1_26:0
Neg,NIST_Neg_01,999,999,SM d16:1_26:1
Neg,NIST_Neg_01,999,999,SM d16:1_26:1
Neg,NIST_Neg_01,998,998,SM d17:1_26:1
Neg,NIST_Neg_01,658,658,Cer
Neg,NIST_Neg_01,982,982,GlcCer
Neg,NIST_Neg_01,996,996,SM d17:1_26:1
Neg,NIST_Neg_01,999,999,SM d18:1_23:0
Neg,NIST_Neg_01,1000,1000,SM d15:1_26:0
Neg,NIST_Neg_01,780,780,Cer
Neg,NIST_Neg_01,513,513,Cer
Neg,NIST_Neg_01,762,762,Cer
Neg,NIST_Neg_01,996,996,SM d16:1_26:0
Neg,NIST_Neg_01,995,995,SM d18:2_26:0
Neg,NIST_Neg_01,644,644,Cer
Neg,NIST_Neg_01,1000,1000,SM d16:1_26:0
Neg,NIST_Neg_01,988,988,SM d15:0_26:0
Neg,NIST_Neg_01,534,534,Cer
Neg,NIST_Neg_01,745,745,Cer
Neg,NIST_Neg_01,1000,1000,SM d16:1_26:0
Neg,NIST_Neg_01,899,899,Cer
Neg,NIST_Neg_01,994,994,SM d17:1_26:0
Neg,NIST_Neg_01,994,994,SM d17:1_26:0
Neg,NIST_Neg_01,701,701,Cer
Neg,NIST_Neg_01,763,763,Cer
Neg,NIST_Neg_01,826,826,Cer
Neg,NIST_Neg_01,665,665,Cer
Neg,NIST_Neg_01,646,646,Cer
Neg,NIST_Neg_02,717,717,LysoPC 20:5
Neg,NIST_Neg_02,956,956,LysoPC 18:3
Neg,NIST_Neg_02,995,995,LysoPC 16:1
Neg,NIST_Neg_02,948,948,LysoPC 20:4
Neg,NIST_Neg_02,998,998,LysoPC 18:2
Neg,NIST_Neg_02,902,902,LysoPE 22:6
Neg,NIST_Neg_02,876,876,LysoPC 16:1
Neg,NIST_Neg_02,998,998,LysoPE 18:2
Neg,NIST_Neg_02,841,841,LysoPC 18:2
Neg,NIST_Neg_02,948,948,LysoPC 16:0
Neg,NIST_Neg_02,999,999,LysoPC 18:1
Neg,NIST_Neg_02,725,725,LysoPC 16:0
Neg,NIST_Neg_02,776,776,LysoPC 18:1
Neg,NIST_Neg_02,892,892,LysoPC 17:0
Neg,NIST_Neg_02,810,810,LysoPI 18:0
Neg,NIST_Neg_02,998,998,LysoPE 18:0
Neg,NIST_Neg_02,816,816,LysoPI 18:0
Neg,NIST_Neg_02,774,774,LysoPC 18:0
Neg,NIST_Neg_02,998,998,LysoPE 18:0
Neg,NIST_Neg_02,896,896,LysoPC 19:0
Neg,NIST_Neg_02,777,777,LysoPC 20:0
Neg,NIST_Neg_02,645,645,PI
Neg,NIST_Neg_02,937,937,PI
Neg,NIST_Neg_02,713,713,PI
Neg,NIST_Neg_02,790,790,PI
Neg,NIST_Neg_02,966,966,SM d14:1_17:0
Neg,NIST_Neg_02,999,999,SM d14:1_18:0
Neg,NIST_Neg_02,999,999,SM d18:2_16:0
Neg,NIST_Neg_02,873,873,PI 16:0_20:4
Neg,NIST_Neg_02,900,900,PI 16:1_16:0
Neg,NIST_Neg_02,942,942,PI 16:0_18:2
Neg,NIST_Neg_02,997,997,SM d14:1_22:2
Neg,NIST_Neg_02,941,941,PI 18:2_18:1
Neg,NIST_Neg_02,996,996,SM d14:1_19:0
Neg,NIST_Neg_02,720,720,PC 18:2_18:2
Neg,NIST_Neg_02,692,692,SM d19:0_13:0
Neg,NIST_Neg_02,640,640,PE-NMe2 16:0_18:3
Neg,NIST_Neg_02,973,973,PE 16:0_22:6
Neg,NIST_Neg_02,997,997,SM d15:1_20:1
Neg,NIST_Neg_02,899,899,PE-NMe2 16:0_20:4
Neg,NIST_Neg_02,813,813,PI 18:0_20:4
Neg,NIST_Neg_02,647,647,PE 18:1_20:4
Neg,NIST_Neg_02,786,786,PI 18:1_18:1
Neg,NIST_Neg_02,998,998,SM d14:1_22:1
Neg,NIST_Neg_02,778,778,PE-NMe2 16:0_18:2
Neg,NIST_Neg_02,783,783,PE-NMe2 16:0_18:2
Neg,NIST_Neg_02,933,933,Plasmenyl-PC P-16:0_20:4
Neg,NIST_Neg_02,779,779,PE-NMe2 18:2_18:1
Neg,NIST_Neg_02,821,821,PE 18:2_18:1
Neg,NIST_Neg_02,815,815,PI 18:0_20:3
Neg,NIST_Neg_02,995,995,SM d14:1_22:1
Neg,NIST_Neg_02,985,985,Plasmenyl-PE P-16:0_20:4
Neg,NIST_Neg_02,993,993,SM d14:1_21:0
Neg,NIST_Neg_02,957,957,Plasmenyl-PE P-18:1_20:4
Neg,NIST_Neg_02,838,838,Plasmenyl-PC P-16:0_18:2
Neg,NIST_Neg_02,954,954,Plasmenyl-PE P-16:0_18:2
Neg,NIST_Neg_02,935,935,Plasmenyl-PE P-18:1_18:2
Neg,NIST_Neg_02,895,895,Plasmenyl-PC P-18:0_18:2
Neg,NIST_Neg_02,749,749,PC 16:0_16:0
Neg,NIST_Neg_02,953,953,PI 18:1_18:0
Neg,NIST_Neg_02,871,871,PE 18:0_20:4
Neg,NIST_Neg_02,791,791,PE-NMe2 16:0_18:1
Neg,NIST_Neg_02,730,730,Plasmenyl-PE P-16:0_20:3
Neg,NIST_Neg_02,1000,1000,SM d14:1_22:0
Neg,NIST_Neg_02,983,983,PE 18:1_18:1
Neg,NIST_Neg_02,997,997,SM d14:1_24:1
Neg,NIST_Neg_02,994,994,SM d14:1_26:2
Neg,NIST_Neg_02,944,944,Plasmenyl-PC P-18:0_20:4
Neg,NIST_Neg_02,997,997,SM d18:2_24:2
Neg,NIST_Neg_02,981,981,Plasmenyl-PE P-18:0_20:4
Neg,NIST_Neg_02,820,820,Plasmenyl-PC P-16:0_16:0
Neg,NIST_Neg_02,846,846,Plasmenyl-PC P-16:0_18:1
Neg,NIST_Neg_02,999,999,SM d14:1_24:1
Neg,NIST_Neg_02,779,779,PE 18:0_20:3
Neg,NIST_Neg_02,981,981,SM d18:4_24:0
Neg,NIST_Neg_02,949,949,Plasmenyl-PE P-16:0_18:1
Neg,NIST_Neg_02,998,998,SM d14:0_22:0
Neg,NIST_Neg_02,885,885,Plasmenyl-PC P-18:0_18:2
Neg,NIST_Neg_02,943,943,Plasmenyl-PE P-18:0_18:2
Neg,NIST_Neg_02,810,810,Plasmanyl-PE O-16:0_18:1
Neg,NIST_Neg_02,764,764,PE-NMe2 18:1_18:0
Neg,NIST_Neg_02,996,996,SM d14:1_24:0
Neg,NIST_Neg_02,999,999,SM d14:1_26:1
Neg,NIST_Neg_02,1000,1000,SM d16:1_26:2
Neg,NIST_Neg_02,999,999,SM d14:1_24:0
Neg,NIST_Neg_02,999,999,SM d18:2_22:0
Neg,NIST_Neg_02,999,999,SM d16:1_26:2
Neg,NIST_Neg_02,676,676,Plasmenyl-PE P-20:0_20:4
Neg,NIST_Neg_02,998,998,SM d14:1_26:1
Neg,NIST_Neg_02,958,958,Plasmenyl-PE P-18:0_18:1
Neg,NIST_Neg_02,989,989,SM d14:1_25:0
Neg,NIST_Neg_02,977,977,GlcCer
Neg,NIST_Neg_02,1000,1000,SM d14:1_25:0
Neg,NIST_Neg_02,996,996,SM d17:1_26:2
Neg,NIST_Neg_02,999,999,SM d18:2_23:0
Neg,NIST_Neg_02,565,565,Cer
Neg,NIST_Neg_02,844,844,SM d14:1_25:0
Neg,NIST_Neg_02,998,998,SM d15:1_26:1
Neg,NIST_Neg_02,735,735,Cer
Neg,NIST_Neg_02,975,975,GlcCer
Neg,NIST_Neg_02,999,999,SM d18:1_22:0
Neg,NIST_Neg_02,985,985,SM d18:3_26:0
Neg,NIST_Neg_02,999,999,SM d14:1_26:0
Neg,NIST_Neg_02,635,635,Cer
Neg,NIST_Neg_02,998,998,SM d17:1_26:1
Neg,NIST_Neg_02,997,997,SM d17:1_26:1
Neg,NIST_Neg_02,1000,1000,SM d18:1_23:0
Neg,NIST_Neg_02,814,814,Cer
Neg,NIST_Neg_02,999,999,SM d15:1_26:0
Neg,NIST_Neg_02,726,726,Cer
Neg,NIST_Neg_02,534,534,Cer
Neg,NIST_Neg_02,733,733,Cer
Neg,NIST_Neg_02,770,770,Cer
Neg,NIST_Neg_02,977,977,SM d18:2_26:0
Neg,NIST_Neg_02,999,999,SM d16:1_26:0
Neg,NIST_Neg_02,639,639,Cer
Neg,NIST_Neg_02,1000,1000,SM d16:1_26:0
Neg,NIST_Neg_02,689,689,Cer
Neg,NIST_Neg_02,998,998,SM d16:1_26:0
Neg,NIST_Neg_02,730,730,Cer
Neg,NIST_Neg_02,996,996,SM d17:1_26:0
Neg,NIST_Neg_02,994,994,SM d17:1_26:0
Neg,NIST_Neg_02,807,807,Cer
Neg,NIST_Neg_02,829,829,Cer
Neg,NIST_Neg_02,903,903,Cer
Neg,NIST_Neg_02,669,669,Cer
Neg,NIST_Neg_02,595,595,Cer
Neg,NIST_Neg_03,669,669,LysoPC 20:5
Neg,NIST_Neg_03,905,905,LysoPC 18:3
Neg,NIST_Neg_03,892,892,LysoPC 16:1
Neg,NIST_Neg_03,934,934,LysoPC 20:4
Neg,NIST_Neg_03,899,899,LysoPE 22:6
Neg,NIST_Neg_03,996,996,LysoPE 20:4
Neg,NIST_Neg_03,835,835,LysoPC 16:1
Neg,NIST_Neg_03,998,998,LysoPE 18:2
Neg,NIST_Neg_03,826,826,LysoPC 18:2
Neg,NIST_Neg_03,801,801,LysoPC 20:4
Neg,NIST_Neg_03,784,784,LysoPC 22:5
Neg,NIST_Neg_03,906,906,LysoPC 17:1
Neg,NIST_Neg_03,793,793,LysoPC 16:0
Neg,NIST_Neg_03,1000,1000,LysoPC 18:1
Neg,NIST_Neg_03,979,979,LysoPC 17:0
Neg,NIST_Neg_03,764,764,LysoPC 18:1
Neg,NIST_Neg_03,917,917,LysoPC 20:2
Neg,NIST_Neg_03,825,825,LysoPC 17:0
Neg,NIST_Neg_03,887,887,LysoPI 18:0
Neg,NIST_Neg_03,998,998,LysoPE 18:0
Neg,NIST_Neg_03,824,824,LysoPI 18:0
Neg,NIST_Neg_03,765,765,LysoPC 18:0
Neg,NIST_Neg_03,998,998,LysoPE 18:0
Neg,NIST_Neg_03,889,889,LysoPC 19:0
Neg,NIST_Neg_03,843,843,LysoPC 20:0
Neg,NIST_Neg_03,758,758,PI
Neg,NIST_Neg_03,904,904,PI
Neg,NIST_Neg_03,673,673,PI
Neg,NIST_Neg_03,658,658,PI
Neg,NIST_Neg_03,1000,1000,SM d14:1_18:0
Neg,NIST_Neg_03,829,829,PI 16:0_20:4
Neg,NIST_Neg_03,945,945,PI 16:0_18:2
Neg,NIST_Neg_03,996,996,SM d14:1_22:2
Neg,NIST_Neg_03,943,943,PI 18:2_18:1
Neg,NIST_Neg_03,998,998,SM d17:1_16:0
Neg,NIST_Neg_03,991,991,PE 18:2_18:2
Neg,NIST_Neg_03,996,996,SM d15:1_20:1
Neg,NIST_Neg_03,905,905,PE-NMe2 16:0_20:4
Neg,NIST_Neg_03,885,885,PI 18:0_20:4
Neg,NIST_Neg_03,998,998,SM d18:1_16:0
Neg,NIST_Neg_03,578,578,PE 18:1_20:4
Neg,NIST_Neg_03,772,772,PI 16:0_18:1
Neg,NIST_Neg_03,775,775,PI 18:1_18:1
Neg,NIST_Neg_03,997,997,SM d18:2_18:0
Neg,NIST_Neg_03,775,775,PE-NMe2 16:0_18:2
Neg,NIST_Neg_03,998,998,SM d14:1_20:0
Neg,NIST_Neg_03,934,934,Plasmenyl-PC P-16:0_20:4
Neg,NIST_Neg_03,817,817,PE-NMe2 18:2_18:1
Neg,NIST_Neg_03,998,998,SM d14:1_22:1
Neg,NIST_Neg_03,845,845,PE 18:2_18:1
Neg,NIST_Neg_03,733,733,PI 18:2_18:0
Neg,NIST_Neg_03,979,979,Plasmenyl-PE P-16:0_20:4
Neg,NIST_Neg_03,704,704,PI 18:0_20:3
Neg,NIST_Neg_03,996,996,SM d14:1_21:0
Neg,NIST_Neg_03,914,914,Plasmenyl-PC P-18:1_20:4
Neg,NIST_Neg_03,966,966,Plasmenyl-PE P-18:1_20:4
Neg,NIST_Neg_03,842,842,Plasmenyl-PC P-16:0_18:2
Neg,NIST_Neg_03,948,948,SM d14:1_21:0
Neg,NIST_Neg_03,959,959,Plasmenyl-PE P-16:0_18:2
Neg,NIST_Neg_03,721,721,Plasmenyl-PE P-18:1_18:2
Neg,NIST_Neg_03,738,738,PC 16:0_16:0
Neg,NIST_Neg_03,917,917,PI 18:1_18:0
Neg,NIST_Neg_03,871,871,PE 18:0_20:4
Neg,NIST_Neg_03,793,793,PE-NMe2 16:0_18:1
Neg,NIST_Neg_03,629,629,Plasmenyl-PE P-16:0_20:3
Neg,NIST_Neg_03,743,743,PC 18:1_18:1
Neg,NIST_Neg_03,535,535,Plasmenyl-PC P-18:0_18:2
Neg,NIST_Neg_03,741,741,PE-NMe2 18:2_18:0
Neg,NIST_Neg_03,1000,1000,SM d14:1_22:0
Neg,NIST_Neg_03,968,968,PE 18:1_18:1
Neg,NIST_Neg_03,996,996,SM d14:1_24:1
Neg,NIST_Neg_03,996,996,SM d14:1_26:2
Neg,NIST_Neg_03,939,939,Plasmenyl-PC P-18:0_20:4
Neg,NIST_Neg_03,998,998,SM d18:4_24:0
Neg,NIST_Neg_03,982,982,Plasmenyl-PE P-18:0_20:4
Neg,NIST_Neg_03,817,817,Plasmenyl-PC P-16:0_18:1
Neg,NIST_Neg_03,852,852,Plasmenyl-PC P-16:0_16:0
Neg,NIST_Neg_03,586,586,PE 18:0_20:3
Neg,NIST_Neg_03,963,963,SM d18:4_24:0
Neg,NIST_Neg_03,963,963,Plasmenyl-PE P-16:0_18:1
Neg,NIST_Neg_03,892,892,Plasmenyl-PC P-20:0_20:4
Neg,NIST_Neg_03,997,997,SM d14:0_22:0
Neg,NIST_Neg_03,853,853,Plasmenyl-PC P-18:0_18:2
Neg,NIST_Neg_03,696,696,Plasmenyl-PE P-18:0_18:2
Neg,NIST_Neg_03,942,942,Plasmenyl-PC P-18:0_18:1
Neg,NIST_Neg_03,639,639,Plasmenyl-PE P-18:0_18:2
Neg,NIST_Neg_03,745,745,PE-NMe2 18:1_18:0
Neg,NIST_Neg_03,999,999,SM d14:1_24:0
Neg,NIST_Neg_03,999,999,SM d16:1_24:1
Neg,NIST_Neg_03,998,998,SM d16:1_26:2
Neg,NIST_Neg_03,1000,1000,SM d14:1_26:1
Neg,NIST_Neg_03,998,998,SM d18:2_24:1
Neg,NIST_Neg_03,925,925,Plasmenyl-PE P-20:0_20:4
Neg,NIST_Neg_03,948,948,Plasmenyl-PE P-18:0_18:1
Neg,NIST_Neg_03,982,982,GlcCer
Neg,NIST_Neg_03,997,997,SM d15:1_26:1
Neg,NIST_Neg_03,997,997,SM d14:1_25:0
Neg,NIST_Neg_03,969,969,SM d17:1_26:2
Neg,NIST_Neg_03,999,999,SM d15:1_26:1
Neg,NIST_Neg_03,996,996,SM d14:1_25:0
Neg,NIST_Neg_03,998,998,SM d15:1_26:1
Neg,NIST_Neg_03,697,697,Cer
Neg,NIST_Neg_03,996,996,SM d16:1_26:1
Neg,NIST_Neg_03,977,977,GlcCer
Neg,NIST_Neg_03,1000,1000,SM d16:1_26:1
Neg,NIST_Neg_03,998,998,SM d14:1_26:0
Neg,NIST_Neg_03,994,994,SM d18:3_26:0
Neg,NIST_Neg_03,999,999,SM d14:1_26:0
Neg,NIST_Neg_03,999,999,SM d16:1_26:1
Neg,NIST_Neg_03,997,997,SM d17:1_26:1
Neg,NIST_Neg_03,755,755,Cer
Neg,NIST_Neg_03,981,981,GlcCer
Neg,NIST_Neg_03,996,996,SM d17:1_26:1
Neg,NIST_Neg_03,997,997,SM d14:0_26:0
Neg,NIST_Neg_03,1000,1000,SM d15:1_26:0
Neg,NIST_Neg_03,999,999,SM d15:1_26:0
Neg,NIST_Neg_03,783,783,Cer
Neg,NIST_Neg_03,818,818,Cer
Neg,NIST_Neg_03,687,687,Cer
Neg,NIST_Neg_03,655,655,Cer
Neg,NIST_Neg_03,522,522,Cer
Neg,NIST_Neg_03,997,997,SM d16:1_26:0
Neg,NIST_Neg_03,996,996,SM d18:2_26:0
Neg,NIST_Neg_03,999,999,SM d16:1_26:0
Neg,NIST_Neg_03,582,582,Cer
Neg,NIST_Neg_03,543,543,Cer
Neg,NIST_Neg_03,998,998,SM d16:1_26:0
Neg,NIST_Neg_03,901,901,Cer
Neg,NIST_Neg_03,997,997,SM d17:1_26:0
Neg,NIST_Neg_03,996,996,SM d17:1_26:0
Neg,NIST_Neg_03,778,778,Cer
Neg,NIST_Neg_03,736,736,Cer
Neg,NIST_Neg_03,830,830,Cer
Neg,NIST_Neg_03,669,669,Cer
Neg,NIST_Neg_03,663,663,Cer
Neg,NIST_Neg_03,740,740,Cer
Neg,Blank_Neg,722,722,GlcCer
Neg,Blank_Neg,667,667,GlcCer
Neg,Blank_Neg,942,942,GlcCer
Neg,Blank_Neg,626,626,Cer
Neg,Blank_Neg,713,713,PE 16:0_17:1
Neg,Blank_Neg,702,702,PC 18:1_18:1
Neg,Blank_Neg,900,900,PE 18:1_18:1
Neg,Blank_Neg,927,927,PE-NMe2 17:1_17:1
Neg,NIST_Neg_01,567,567,LysoPC 20:5
Neg,NIST_Neg_01,916,916,LysoPC 14:0
Neg,NIST_Neg_01,579,579,LysoPC 22:6
Neg,NIST_Neg_01,871,871,LysoPI 20:4
Neg,NIST_Neg_01,996,996,LysoPC 16:0
Neg,NIST_Neg_01,997,997,LysoPE 16:0
Neg,NIST_Neg_01,831,831,LysoPC 20:3
Neg,NIST_Neg_01,871,871,LysoPI 16:0
Neg,NIST_Neg_01,824,824,LysoPE 20:3
Neg,NIST_Neg_01,869,869,LysoPI 18:1
Neg,NIST_Neg_01,994,994,LysoPE 16:0
Neg,NIST_Neg_01,832,832,LysoPC 22:4
Neg,NIST_Neg_01,844,844,LysoPE 22:4
Neg,NIST_Neg_01,998,998,LysoPE 18:1
Neg,NIST_Neg_01,855,855,LysoPC 16:0
Neg,NIST_Neg_01,904,904,LysoPC 18:1
Neg,NIST_Neg_01,904,904,LysoPI 18:0
Neg,NIST_Neg_01,837,837,LysoPC 16:0
Neg,NIST_Neg_01,990,990,LysoPC 18:0
Neg,NIST_Neg_01,795,795,LysoPI 18:0
Neg,NIST_Neg_01,848,848,LysoPC 20:1
Neg,NIST_Neg_01,819,819,LysoPC 18:0
Neg,NIST_Neg_01,849,849,LysoPC 16:0
Neg,NIST_Neg_01,818,818,LysoPC 18:0
Neg,NIST_Neg_01,816,816,LysoPC 16:0
Neg,NIST_Neg_01,710,710,GlcCer
Neg,NIST_Neg_01,992,992,SM d14:1_16:0
Neg,NIST_Neg_01,998,998,SM d14:1_18:1
Neg,NIST_Neg_01,771,771,PA 20:6_26:1
Neg,NIST_Neg_01,575,575,PC 18:3_18:2
Neg,NIST_Neg_01,999,999,SM d18:2_16:0
Neg,NIST_Neg_01,508,508,PC 16:1_18:2
Neg,NIST_Neg_01,995,995,SM d14:1_20:1
Neg,NIST_Neg_01,689,689,PC 18:2_18:2
Neg,NIST_Neg_01,984,984,GlcCer
Neg,NIST_Neg_01,557,557,BMP 18:2_18:2
Neg,NIST_Neg_01,576,576,PI 18:0_22:6
Neg,NIST_Neg_01,899,899,PE 16:0_20:4
Neg,NIST_Neg_01,642,642,Plasmenyl-PC P-16:0_20:4
Neg,NIST_Neg_01,775,775,PE-NMe2 16:0_18:2
Neg,NIST_Neg_01,805,805,PA 22:3_24:4
Neg,NIST_Neg_01,994,994,SM d14:1_24:2
Neg,NIST_Neg_01,526,526,PI 18:0_20:4
Neg,NIST_Neg_01,998,998,SM d14:1_20:0
Neg,NIST_Neg_01,817,817,Plasmenyl-PC P-16:0_16:1
Neg,NIST_Neg_01,954,954,Plasmenyl-PC P-18:0_20:4
Neg,NIST_Neg_01,926,926,Plasmenyl-PC P-16:0_20:3
Neg,NIST_Neg_01,711,711,Cer
Neg,NIST_Neg_01,990,990,SM d14:1_20:0
Neg,NIST_Neg_01,605,605,Plasmanyl-PC O-16:0_18:2
Neg,NIST_Neg_01,676,676,PC 16:0_16:0
Neg,NIST_Neg_01,814,814,PE 16:0_18:1
Neg,NIST_Neg_01,921,921,Plasmenyl-PC P-16:0_22:4
Neg,NIST_Neg_01,566,566,Plasmenyl-PE P-18:0_22:6
Neg,NIST_Neg_01,691,691,Plasmenyl-PE P-16:0_22:4
Neg,NIST_Neg_01,713,713,Plasmenyl-PC P-18:0_20:3
Neg,NIST_Neg_01,986,986,SM d14:1_22:0
Neg,NIST_Neg_01,828,828,Plasmenyl-PC P-16:0_16:0
Neg,NIST_Neg_01,958,958,SM d14:1_24:1
Neg,NIST_Neg_01,620,620,Plasmanyl-PC O-16:0_16:0
Neg,NIST_Neg_01,999,999,SM d14:1_23:0
Neg,NIST_Neg_01,903,903,GlcCer
Neg,NIST_Neg_01,996,996,SM d18:2_21:0
Neg,NIST_Neg_01,751,751,PE 18:1_18:0
Neg,NIST_Neg_01,584,584,Plasmanyl-PC O-18:0_22:4
Neg,NIST_Neg_01,867,867,Plasmenyl-PC P-18:0_18:1
Neg,NIST_Neg_01,977,977,GlcCer
Neg,NIST_Neg_01,638,638,Plasmenyl-PE P-20:0_18:2
Neg,NIST_Neg_01,940,940,GlcCer
Neg,NIST_Neg_01,503,503,SM d16:1_26:1
Neg,NIST_Neg_01,997,997,SM d15:1_26:0
Neg,NIST_Neg_01,829,829,Cer
Neg,NIST_Neg_01,992,992,SM d17:1_26:1
Neg,NIST_Neg_01,565,565,Cer
Neg,NIST_Neg_01,979,979,SM d15:1_26:0
Neg,NIST_Neg_01,998,998,SM d16:1_26:0
Neg,NIST_Neg_01,567,567,Cer
Neg,NIST_Neg_01,587,587,Cer
Neg,NIST_Neg_01,863,863,LysoPC 16:0
Neg,NIST_Neg_01,770,770,LysoPC 16:0
Neg,NIST_Neg_01,801,801,LysoPC 16:0
Neg,NIST_Neg_01,858,858,LysoPC 16:0
Neg,NIST_Neg_01,797,797,LysoPC 18:0
Neg,NIST_Neg_01,778,778,LysoPC 16:0
Neg,NIST_Neg_02,747,747,LysoPC 14:0
Neg,NIST_Neg_02,608,608,LysoPC 22:6
Neg,NIST_Neg_02,995,995,LysoPE 20:4
Neg,NIST_Neg_02,853,853,LysoPI 20:4
Neg,NIST_Neg_02,697,697,LysoPC 20:4
Neg,NIST_Neg_02,605,605,LysoPC 22:5
Neg,NIST_Neg_02,904,904,LysoPC 17:1
Neg,NIST_Neg_02,995,995,LysoPE 16:0
Neg,NIST_Neg_02,885,885,LysoPC 20:3
Neg,NIST_Neg_02,872,872,LysoPI 16:0
Neg,NIST_Neg_02,712,712,LysoPE 20:3
Neg,NIST_Neg_02,996,996,LysoPE 16:0
Neg,NIST_Neg_02,891,891,LysoPI 18:1
Neg,NIST_Neg_02,828,828,LysoPC 22:4
Neg,NIST_Neg_02,998,998,LysoPE 18:1
Neg,NIST_Neg_02,748,748,LysoPC 16:0
Neg,NIST_Neg_02,855,855,LysoPC 20:2
Neg,NIST_Neg_02,896,896,LysoPC 18:1
Neg,NIST_Neg_02,988,988,LysoPC 18:0
Neg,NIST_Neg_02,778,778,LysoPC 20:1
Neg,NIST_Neg_02,889,889,LysoPC 18:0
Neg,NIST_Neg_02,901,901,LysoPC 16:0
Neg,NIST_Neg_02,756,756,LysoPC 18:0
Neg,NIST_Neg_02,702,702,GlcCer
Neg,NIST_Neg_02,886,886,LysoPC 16:0
Neg,NIST_Neg_02,776,776,PI
Neg,NIST_Neg_02,998,998,SM d14:1_16:0
Neg,NIST_Neg_02,997,997,SM d18:2_14:0
Neg,NIST_Neg_02,731,731,PI
Neg,NIST_Neg_02,864,864,PA 22:3_24:4
Neg,NIST_Neg_02,996,996,SM d14:1_20:1
Neg,NIST_Neg_02,988,988,GlcCer
Neg,NIST_Neg_02,563,563,PI 18:3_18:0
Neg,NIST_Neg_02,567,567,BMP 18:2_18:2
Neg,NIST_Neg_02,978,978,SM d14:1_19:0
Neg,NIST_Neg_02,658,658,Plasmenyl-PC P-16:0_20:4
Neg,NIST_Neg_02,998,998,SM d14:1_20:0
Neg,NIST_Neg_02,901,901,PE 16:0_20:4
Neg,NIST_Neg_02,849,849,PA 18:1_24:4
Neg,NIST_Neg_02,999,999,SM d14:1_20:0
Neg,NIST_Neg_02,806,806,PA 22:3_22:3
Neg,NIST_Neg_02,992,992,SM d14:1_24:2
Neg,NIST_Neg_02,998,998,SM d14:1_20:0
Neg,NIST_Neg_02,996,996,CerP d18:2_26:2
Neg,NIST_Neg_02,503,503,PC 16:0_18:2
Neg,NIST_Neg_02,953,953,Plasmenyl-PC P-18:0_20:4
Neg,NIST_Neg_02,922,922,Plasmenyl-PC P-16:0_20:3
Neg,NIST_Neg_02,799,799,Cer
Neg,NIST_Neg_02,569,569,Plasmanyl-PC O-16:0_18:2
Neg,NIST_Neg_02,718,718,PE-NMe2 18:0_20:4
Neg,NIST_Neg_02,737,737,PE-NMe2 16:0_16:0
Neg,NIST_Neg_02,718,718,PC 18:1_18:1
Neg,NIST_Neg_02,871,871,Plasmenyl-PE P-18:0_22:6
Neg,NIST_Neg_02,822,822,PE 16:0_18:1
Neg,NIST_Neg_02,927,927,Plasmenyl-PC P-16:0_22:4
Neg,NIST_Neg_02,824,824,PA 22:3_22:2
Neg,NIST_Neg_02,849,849,PE-NMe2 18:1_18:1
Neg,NIST_Neg_02,862,862,Plasmenyl-PC P-18:0_20:3
Neg,NIST_Neg_02,769,769,PE-NMe2 18:2_18:0
Neg,NIST_Neg_02,657,657,Plasmenyl-PC P-18:0_20:3
Neg,NIST_Neg_02,997,997,SM d14:1_22:0
Neg,NIST_Neg_02,1000,1000,SM d14:1_23:0
Neg,NIST_Neg_02,879,879,GlcCer
Neg,NIST_Neg_02,585,585,GlcCer
Neg,NIST_Neg_02,700,700,Cer
Neg,NIST_Neg_02,745,745,PE 18:1_18:0
Neg,NIST_Neg_02,980,980,GlcCer
Neg,NIST_Neg_02,998,998,SM d15:1_26:1
Neg,NIST_Neg_02,946,946,GlcCer
Neg,NIST_Neg_02,997,997,SM d18:1_24:1
Neg,NIST_Neg_02,1000,1000,SM d16:1_26:1
Neg,NIST_Neg_02,999,999,SM d16:1_26:1
Neg,NIST_Neg_02,999,999,SM d18:2_24:0
Neg,NIST_Neg_02,1000,1000,SM d15:1_26:0
Neg,NIST_Neg_02,983,983,SM d16:1_26:1
Neg,NIST_Neg_02,990,990,SM d17:1_26:1
Neg,NIST_Neg_02,991,991,SM d15:1_26:0
Neg,NIST_Neg_02,981,981,SM d16:1_26:1
Neg,NIST_Neg_02,980,980,SM d15:1_26:0
Neg,NIST_Neg_02,574,574,Cer
Neg,NIST_Neg_02,525,525,Cer
Neg,NIST_Neg_02,924,924,LysoPC 16:0
Neg,NIST_Neg_02,858,858,LysoPC 16:0
Neg,NIST_Neg_02,817,817,LysoPC 18:0
Neg,NIST_Neg_02,850,850,LysoPC 16:0
Neg,NIST_Neg_02,811,811,LysoPC 16:0
Neg,NIST_Neg_03,910,910,LysoPC 14:0
Neg,NIST_Neg_03,686,686,LysoPC 22:6
Neg,NIST_Neg_03,998,998,LysoPC 18:2
Neg,NIST_Neg_03,844,844,LysoPI 20:4
Neg,NIST_Neg_03,996,996,LysoPC 16:0
Neg,NIST_Neg_03,997,997,LysoPE 16:0
Neg,NIST_Neg_03,842,842,LysoPC 20:3
Neg,NIST_Neg_03,867,867,LysoPI 16:0
Neg,NIST_Neg_03,931,931,LysoPE 20:3
Neg,NIST_Neg_03,998,998,LysoPE 16:0
Neg,NIST_Neg_03,889,889,LysoPI 18:1
Neg,NIST_Neg_03,646,646,LysoPC 20:3
Neg,NIST_Neg_03,842,842,LysoPC 22:4
Neg,NIST_Neg_03,998,998,LysoPE 18:1
Neg,NIST_Neg_03,815,815,LysoPC 16:0
Neg,NIST_Neg_03,848,848,LysoPC 16:0
Neg,NIST_Neg_03,998,998,LysoPC 18:0
Neg,NIST_Neg_03,782,782,LysoPC 20:1
Neg,NIST_Neg_03,903,903,LysoPC 16:0
Neg,NIST_Neg_03,867,867,LysoPC 18:0
Neg,NIST_Neg_03,861,861,LysoPC 18:0
Neg,NIST_Neg_03,721,721,GlcCer
Neg,NIST_Neg_03,917,917,LysoPC 16:0
Neg,NIST_Neg_03,994,994,SM d14:1_16:0
Neg,NIST_Neg_03,996,996,SM d14:1_18:1
Neg,NIST_Neg_03,758,758,PI
Neg,NIST_Neg_03,961,961,SM d14:1_17:0
Neg,NIST_Neg_03,999,999,SM d18:2_16:0
Neg,NIST_Neg_03,996,996,SM d14:1_20:1
Neg,NIST_Neg_03,683,683,PC 18:2_18:2
Neg,NIST_Neg_03,892,892,SM d14:0_18:0
Neg,NIST_Neg_03,985,985,GlcCer
Neg,NIST_Neg_03,558,558,BMP 18:2_18:2
Neg,NIST_Neg_03,991,991,SM d14:1_19:0
Neg,NIST_Neg_03,909,909,PE 16:0_20:4
Neg,NIST_Neg_03,974,974,SM d14:1_24:2
Neg,NIST_Neg_03,512,512,PA 22:3_22:2
Neg,NIST_Neg_03,818,818,PA 24:4_24:4
Neg,NIST_Neg_03,997,997,SM d14:1_20:0
Neg,NIST_Neg_03,997,997,CerP d18:2_26:2
Neg,NIST_Neg_03,736,736,Plasmenyl-PC P-16:0_16:1
Neg,NIST_Neg_03,955,955,Plasmenyl-PC P-18:0_20:4
Neg,NIST_Neg_03,914,914,Plasmenyl-PC P-16:0_20:3
Neg,NIST_Neg_03,579,579,Plasmanyl-PC O-16:0_18:2
Neg,NIST_Neg_03,672,672,Cer
Neg,NIST_Neg_03,900,900,PA 24:4_24:4
Neg,NIST_Neg_03,816,816,PE 16:0_18:1
Neg,NIST_Neg_03,784,784,Plasmenyl-PE P-18:0_22:6
Neg,NIST_Neg_03,550,550,Plasmenyl-PC P-18:0_20:3
Neg,NIST_Neg_03,993,993,SM d14:1_22:0
Neg,NIST_Neg_03,993,993,SM d14:1_24:1
Neg,NIST_Neg_03,590,590,Plasmanyl-PC O-16:0_16:0
Neg,NIST_Neg_03,985,985,SM d14:1_20:0
Neg,NIST_Neg_03,999,999,SM d14:1_23:0
Neg,NIST_Neg_03,926,926,GlcCer
Neg,NIST_Neg_03,996,996,SM d15:1_24:1
Neg,NIST_Neg_03,707,707,GlcCer
Neg,NIST_Neg_03,899,899,Plasmenyl-PE P-18:0_20:3
Neg,NIST_Neg_03,764,764,PE 18:1_18:0
Neg,NIST_Neg_03,763,763,Plasmenyl-PC P-18:0_18:1
Neg,NIST_Neg_03,976,976,SM d16:1_26:2
Neg,NIST_Neg_03,982,982,GlcCer
Neg,NIST_Neg_03,592,592,Plasmenyl-PE P-20:0_18:2
Neg,NIST_Neg_03,844,844,GlcCer
Neg,NIST_Neg_03,999,999,SM d16:1_26:1
Neg,NIST_Neg_03,997,997,SM d15:1_26:0
Neg,NIST_Neg_03,995,995,SM d16:1_26:0
Neg,NIST_Neg_03,996,996,SM d17:1_26:1
Neg,NIST_Neg_03,944,944,SM d16:1_26:1
Neg,NIST_Neg_03,989,989,SM d17:1_26:1
Neg,NIST_Neg_03,568,568,Cer
Neg,NIST_Neg_03,989,989,SM d18:1_24:1
Neg,NIST_Neg_03,994,994,SM d15:1_26:0
Neg,NIST_Neg_03,983,983,SM d15:1_26:0
Neg,NIST_Neg_03,998,998,SM d16:1_26:0
Neg,NIST_Neg_03,557,557,Cer
Neg,NIST_Neg_03,843,843,LysoPC 16:0
Neg,NIST_Neg_03,729,729,LysoPC 16:0
Neg,NIST_Neg_03,704,704,LysoPC 18:0
Neg,NIST_Neg_03,856,856,LysoPC 16:0
Neg,NIST_Neg_03,848,848,LysoPC 16:0
Neg,NIST_Neg_03,860,860,LysoPC 16:0
