set,polarity,kind,dot
Set 1,Pos,target,987
Set 1,Pos,target,10
Set 1,Pos,target,952
Set 1,Pos,target,956
Set 1,Pos,target,962
Set 1,Pos,target,926
Set 1,Pos,target,690
Set 1,Pos,target,80
Set 1,Pos,target,646
Set 1,Pos,target,775
Set 1,Pos,target,910
Set 1,Pos,target,239
Set 1,Pos,target,465
Set 1,Pos,target,398
Set 1,Pos,target,109
Set 1,Pos,target,999
Set 1,Pos,target,425
Set 1,Pos,target,749
Set 1,Pos,target,796
Set 1,Pos,target,124
Set 1,Pos,target,994
Set 1,Pos,target,771
Set 1,Pos,target,204
Set 1,Pos,decoy,2
Set 1,Pos,target,689
Set 1,Pos,target,802
Set 1,Pos,target,931
Set 1,Pos,target,298
Set 1,Pos,target,158
Set 1,Pos,target,415
Set 1,Pos,target,1
Set 1,Pos,target,853
Set 1,Pos,target,405
Set 1,Pos,target,484
Set 1,Pos,target,177
Set 1,Pos,target,774
Set 1,Pos,target,626
Set 1,Pos,target,930
Set 1,Pos,target,892
Set 1,Pos,target,181
Set 1,Pos,target,984
Set 1,Pos,target,880
Set 1,Pos,target,486
Set 1,Pos,target,293
Set 1,Pos,target,898
Set 1,Pos,target,19
Set 1,Pos,target,306
Set 1,Pos,target,964
Set 1,Pos,target,725
Set 1,Pos,target,859
Set 1,Pos,target,965
Set 1,Pos,target,991
Set 1,Pos,target,945
Set 1,Pos,target,654
Set 1,Pos,target,991
Set 1,Pos,target,816
Set 1,Pos,target,998
Set 1,Pos,target,828
Set 1,Pos,target,993
Set 1,Pos,target,77
Set 1,Pos,target,906
Set 1,Pos,target,83
Set 1,Pos,target,267
Set 1,Pos,target,933
Set 1,Pos,target,9
Set 1,Pos,target,907
Set 1,Pos,target,893
Set 1,Pos,target,946
Set 1,Pos,target,943
Set 1,Pos,target,95
Set 1,Pos,target,995
Set 1,Pos,target,940
Set 1,Pos,target,1000
Set 1,Pos,target,822
Set 1,Pos,target,996
Set 1,Pos,target,139
Set 1,Pos,target,965
Set 1,Pos,target,25
Set 1,Pos,target,937
Set 1,Pos,target,942
Set 1,Pos,target,942
Set 1,Pos,target,997
Set 1,Pos,target,945
Set 1,Pos,target,908
Set 1,Pos,target,826
Set 1,Pos,target,955
Set 1,Pos,target,972
Set 1,Pos,target,10
Set 1,Pos,target,993
Set 1,Pos,target,975
Set 1,Pos,target,951
Set 1,Pos,target,976
Set 1,Pos,target,944
Set 1,Pos,target,897
Set 1,Pos,target,908
Set 1,Pos,target,986
Set 1,Pos,target,978
Set 1,Pos,target,993
Set 1,Pos,target,995
Set 1,Pos,target,986
Set 1,Pos,target,987
Set 1,Pos,target,1
Set 1,Pos,target,983
Set 1,Pos,target,3
Set 1,Pos,target,992
Set 1,Pos,target,986
Set 1,Pos,target,971
Set 1,Pos,target,975
Set 1,Pos,target,995
Set 1,Pos,target,985
Set 1,Pos,target,987
Set 1,Pos,target,990
Set 1,Pos,target,995
Set 1,Pos,target,833
Set 1,Pos,target,995
Set 1,Pos,target,994
Set 1,Pos,target,996
Set 1,Pos,target,894
Set 1,Pos,target,940
Set 1,Pos,target,995
Set 1,Pos,target,899
Set 1,Pos,target,955
Set 1,Pos,target,996
Set 1,Pos,target,852
Set 1,Pos,target,1000
Set 1,Pos,target,996
Set 1,Pos,target,62
Set 1,Pos,target,912
Set 1,Pos,target,999
Set 1,Pos,target,910
Set 1,Pos,target,996
Set 1,Pos,target,603
Set 1,Pos,target,114
Set 1,Pos,target,917
Set 1,Pos,target,992
Set 1,Pos,target,946
Set 1,Pos,target,215
Set 1,Pos,target,978
Set 1,Pos,target,982
Set 1,Pos,target,999
Set 1,Pos,target,996
Set 1,Pos,target,980
Set 1,Pos,target,993
Set 1,Pos,target,7
Set 1,Pos,target,996
Set 1,Pos,target,999
Set 1,Pos,target,1
Set 1,Pos,target,1000
Set 1,Pos,target,788
Set 1,Pos,target,996
Set 1,Pos,target,985
Set 1,Pos,target,996
Set 1,Pos,target,999
Set 1,Pos,target,996
Set 1,Pos,target,992
Set 1,Pos,target,995
Set 1,Pos,target,995
Set 1,Pos,target,995
Set 1,Pos,target,999
Set 1,Pos,target,613
Set 1,Pos,target,987
Set 1,Pos,target,997
Set 1,Pos,target,999
Set 1,Pos,target,705
Set 1,Pos,target,996
Set 1,Pos,target,999
Set 1,Pos,target,996
Set 1,Pos,target,679
Set 1,Pos,target,986
Set 1,Pos,target,853
Set 1,Pos,target,974
Set 1,Pos,target,999
Set 1,Pos,target,996
Set 1,Pos,target,996
Set 1,Pos,target,999
Set 1,Pos,target,770
Set 1,Pos,target,999
Set 1,Pos,target,1000
Set 1,Pos,target,979
Set 1,Pos,target,997
Set 1,Pos,target,811
Set 1,Pos,target,801
Set 1,Pos,target,487
Set 1,Pos,target,950
Set 1,Pos,target,996
Set 1,Pos,target,922
Set 1,Pos,target,780
Set 1,Pos,target,999
Set 1,Pos,target,994
Set 1,Pos,target,607
Set 1,Pos,target,761
Set 1,Pos,target,20
Set 1,Pos,target,43
Set 1,Pos,target,828
Set 1,Pos,target,772
Set 1,Pos,target,999
Set 1,Pos,target,996
Set 1,Pos,target,996
Set 1,Pos,target,959
Set 1,Pos,target,996
Set 1,Pos,target,993
Set 1,Pos,target,987
Set 1,Pos,target,989
Set 1,Pos,target,968
Set 1,Pos,target,384
Set 1,Pos,target,999
Set 1,Pos,target,999
Set 1,Pos,target,996
Set 1,Pos,target,996
Set 1,Pos,target,994
Set 1,Pos,target,955
Set 1,Pos,target,997
Set 1,Pos,target,996
Set 1,Pos,target,996
Set 1,Pos,target,956
Set 1,Pos,target,1000
Set 1,Pos,target,995
Set 1,Pos,target,996
Set 1,Pos,target,983
Set 1,Pos,target,958
Set 1,Pos,target,883
Set 1,Pos,target,965
Set 1,Pos,target,996
Set 1,Pos,target,905
Set 1,Pos,target,991
Set 1,Pos,target,996
Set 1,Pos,target,996
Set 1,Pos,target,950
Set 1,Pos,target,999
Set 1,Pos,target,996
Set 1,Pos,target,907
Set 1,Pos,target,996
Set 1,Pos,target,883
Set 1,Pos,target,999
Set 1,Pos,target,999
Set 1,Pos,target,1000
Set 1,Pos,target,1000
Set 1,Pos,target,1000
Set 1,Pos,target,996
Set 1,Pos,target,1000
Set 1,Pos,target,540
Set 1,Pos,target,382
Set 1,Pos,target,4
Set 1,Pos,target,989
Set 1,Pos,target,996
Set 1,Pos,target,996
Set 1,Pos,target,725
Set 1,Pos,target,990
Set 1,Pos,target,997
Set 1,Pos,target,992
Set 1,Pos,target,996
Set 1,Pos,target,993
Set 1,Pos,target,996
Set 1,Pos,target,560
Set 1,Pos,target,996
Set 1,Pos,target,996
Set 1,Pos,target,996
Set 1,Pos,target,19
Set 1,Pos,target,889
Set 1,Pos,target,999
Set 1,Pos,target,996
Set 1,Pos,target,996
Set 1,Pos,target,944
Set 1,Pos,target,996
Set 1,Pos,target,996
Set 1,Pos,target,1000
Set 1,Pos,target,1000
Set 1,Pos,target,997
Set 1,Pos,target,114
Set 1,Pos,target,839
Set 1,Pos,target,996
Set 1,Pos,target,922
Set 1,Pos,target,998
Set 1,Pos,target,996
Set 1,Pos,target,996
Set 1,Pos,target,1000
Set 1,Pos,target,889
Set 1,Pos,target,996
Set 1,Pos,target,994
Set 1,Pos,target,624
Set 1,Pos,target,944
Set 1,Pos,target,980
Set 1,Pos,target,996
Set 1,Pos,target,995
Set 1,Pos,target,989
Set 1,Pos,target,992
Set 1,Pos,target,939
Set 1,Pos,target,991
Set 1,Pos,target,634
Set 1,Pos,target,996
Set 1,Pos,target,576
Set 1,Pos,target,993
Set 1,Pos,target,996
Set 1,Pos,target,996
Set 1,Pos,target,180
Set 1,Pos,target,962
Set 1,Pos,target,996
Set 1,Pos,target,2
Set 1,Pos,target,795
Set 1,Pos,target,994
Set 1,Pos,target,373
Set 1,Pos,target,992
Set 1,Pos,target,996
Set 1,Pos,target,1000
Set 1,Pos,target,982
Set 1,Pos,target,59
Set 1,Pos,target,26
Set 1,Pos,target,996
Set 1,Pos,target,676
Set 1,Pos,target,987
Set 1,Pos,target,1000
Set 1,Pos,target,1000
Set 1,Pos,target,997
Set 1,Pos,target,996
Set 1,Pos,target,1000
Set 1,Pos,target,889
Set 1,Pos,target,923
Set 1,Pos,target,989
Set 1,Pos,target,985
Set 1,Pos,target,895
Set 1,Pos,target,899
Set 1,Pos,target,996
Set 1,Pos,target,999
Set 1,Pos,target,999
Set 1,Pos,target,996
Set 1,Pos,target,1000
Set 1,Pos,target,995
Set 1,Pos,target,995
Set 1,Pos,target,996
Set 1,Pos,target,989
Set 1,Pos,target,991
Set 1,Pos,target,863
Set 1,Pos,target,993
Set 1,Pos,target,990
Set 1,Pos,target,1000
Set 1,Pos,target,1000
Set 1,Pos,target,670
Set 1,Pos,target,996
Set 1,Pos,target,1000
Set 1,Pos,target,996
Set 1,Pos,target,606
Set 1,Pos,target,804
Set 1,Pos,target,984
Set 1,Pos,target,999
Set 1,Pos,target,17
Set 1,Pos,target,955
Set 1,Pos,target,23
Set 1,Pos,target,949
Set 1,Pos,target,999
Set 1,Pos,target,960
Set 1,Pos,target,886
Set 1,Pos,target,917
Set 1,Pos,target,994
Set 1,Pos,target,998
Set 1,Pos,target,13
Set 1,Pos,target,20
Set 1,Pos,target,995
Set 1,Pos,target,999
Set 1,Pos,target,144
Set 1,Pos,target,795
Set 1,Pos,target,1000
Set 1,Pos,target,746
Set 1,Pos,target,1000
Set 1,Pos,target,872
Set 1,Pos,target,932
Set 1,Pos,target,888
Set 1,Pos,target,996
Set 1,Pos,target,995
Set 1,Pos,target,999
Set 1,Pos,target,999
Set 1,Pos,target,1
Set 1,Pos,target,995
Set 1,Pos,target,989
Set 1,Pos,target,983
Set 1,Pos,target,1000
Set 1,Pos,target,996
Set 1,Pos,target,832
Set 1,Pos,target,996
Set 1,Pos,target,833
Set 1,Pos,target,993
Set 1,Pos,target,700
Set 1,Pos,target,996
Set 1,Pos,target,1000
Set 1,Pos,target,994
Set 1,Pos,target,164
Set 1,Pos,target,996
Set 1,Pos,target,999
Set 1,Pos,target,28
Set 1,Pos,target,842
Set 1,Pos,target,699
Set 1,Pos,target,858
Set 1,Pos,target,870
Set 1,Pos,target,999
Set 1,Pos,target,991
Set 1,Pos,target,442
Set 1,Pos,target,720
Set 1,Pos,target,829
Set 1,Pos,target,587
Set 1,Pos,target,901
Set 1,Pos,target,488
Set 1,Pos,target,296
Set 1,Pos,target,593
Set 1,Pos,target,45
Set 1,Pos,target,2
Set 1,Pos,target,644
Set 1,Pos,target,778
Set 1,Pos,target,639
Set 1,Pos,target,727
Set 1,Pos,target,524
Set 1,Pos,target,318
Set 1,Pos,target,51
Set 1,Pos,target,928
Set 1,Pos,target,722
Set 1,Pos,target,1000
Set 1,Pos,target,179
Set 1,Pos,target,996
Set 1,Pos,target,783
Set 1,Pos,target,984
Set 1,Pos,target,996
Set 1,Pos,target,996
Set 1,Pos,target,886
Set 1,Pos,target,684
Set 1,Pos,target,938
Set 1,Pos,target,977
Set 1,Pos,target,365
Set 1,Pos,target,994
Set 1,Pos,target,385
Set 1,Pos,target,491
Set 1,Pos,target,796
Set 1,Pos,target,528
Set 1,Pos,target,844
Set 1,Pos,target,447
Set 1,Pos,target,778
Set 1,Pos,target,876
Set 1,Pos,target,840
Set 1,Pos,target,865
Set 1,Pos,target,288
Set 1,Pos,target,513
Set 1,Pos,target,523
Set 1,Pos,target,817
Set 1,Pos,target,956
Set 1,Pos,target,996
Set 1,Pos,target,208
Set 1,Pos,target,855
Set 1,Pos,target,950
Set 1,Pos,target,796
Set 1,Pos,target,457
Set 1,Pos,target,675
Set 1,Pos,target,996
Set 1,Pos,target,603
Set 1,Pos,target,1000
Set 1,Pos,target,819
Set 1,Pos,target,495
Set 1,Pos,target,909
Set 1,Pos,target,635
Set 1,Pos,target,999
Set 1,Pos,target,993
Set 1,Pos,target,560
Set 1,Pos,target,569
Set 1,Pos,target,993
Set 1,Pos,target,364
Set 1,Pos,target,992
Set 1,Pos,target,798
Set 1,Pos,target,885
Set 1,Pos,target,996
Set 1,Pos,target,801
Set 1,Pos,target,601
Set 1,Pos,target,981
Set 1,Pos,target,943
Set 1,Pos,target,184
Set 1,Pos,target,996
Set 1,Pos,target,640
Set 1,Pos,target,533
Set 1,Pos,target,636
Set 1,Pos,target,347
Set 1,Pos,target,996
Set 1,Pos,target,547
Set 1,Pos,target,798
Set 1,Pos,target,996
Set 1,Pos,target,973
Set 1,Pos,target,947
Set 1,Pos,target,552
Set 1,Pos,target,984
Set 1,Pos,target,610
Set 1,Pos,target,902
Set 1,Pos,target,325
Set 1,Pos,target,852
Set 1,Pos,target,856
Set 1,Pos,target,820
Set 1,Pos,target,426
Set 1,Pos,target,996
Set 1,Pos,decoy,40
Set 1,Pos,target,996
Set 1,Pos,target,285
Set 1,Pos,target,863
Set 1,Pos,target,849
Set 1,Pos,target,997
Set 1,Pos,target,802
Set 1,Pos,target,52
Set 1,Pos,target,921
Set 1,Pos,target,999
Set 1,Pos,target,509
Set 1,Pos,target,397
Set 1,Pos,target,986
Set 1,Pos,target,561
Set 1,Pos,target,996
Set 1,Pos,target,768
Set 1,Pos,target,996
Set 1,Pos,target,977
Set 1,Pos,target,619
Set 1,Pos,target,584
Set 1,Pos,target,704
Set 1,Pos,target,758
Set 1,Pos,target,887
Set 1,Pos,target,995
Set 1,Pos,target,824
Set 1,Pos,target,913
Set 1,Pos,target,999
Set 1,Pos,target,886
Set 1,Pos,target,632
Set 1,Pos,decoy,34
Set 1,Pos,target,897
Set 1,Pos,target,792
Set 1,Pos,decoy,82
Set 1,Pos,target,220
Set 1,Pos,target,759
Set 1,Pos,target,810
Set 1,Pos,target,619
Set 1,Pos,target,669
Set 1,Pos,target,876
Set 1,Pos,target,984
Set 1,Pos,target,996
Set 1,Pos,target,241
Set 1,Pos,target,626
Set 1,Pos,target,995
Set 1,Pos,decoy,109
Set 1,Pos,target,783
Set 1,Pos,target,995
Set 1,Pos,target,290
Set 1,Pos,target,218
Set 1,Pos,target,994
Set 1,Pos,target,744
Set 1,Pos,target,836
Set 1,Pos,decoy,656
Set 1,Pos,target,831
Set 1,Pos,target,996
Set 1,Pos,target,958
Set 1,Pos,target,722
Set 1,Pos,target,987
Set 1,Pos,target,996
Set 1,Pos,target,994
Set 1,Pos,target,991
Set 1,Pos,target,827
Set 1,Pos,target,707
Set 1,Pos,target,721
Set 1,Pos,target,614
Set 1,Pos,target,555
Set 1,Pos,target,933
Set 1,Pos,target,924
Set 1,Pos,target,620
Set 1,Pos,target,998
Set 1,Pos,target,945
Set 1,Pos,target,566
Set 1,Pos,target,925
Set 1,Pos,target,739
Set 1,Pos,target,810
Set 1,Pos,target,998
Set 1,Pos,target,973
Set 1,Pos,target,776
Set 1,Pos,target,998
Set 1,Pos,target,542
Set 1,Pos,target,876
Set 1,Pos,target,860
Set 1,Pos,target,976
Set 1,Pos,target,40
Set 1,Pos,target,687
Set 1,Pos,target,876
Set 1,Pos,target,977
Set 1,Pos,target,994
Set 1,Pos,target,994
Set 1,Pos,target,964
Set 1,Pos,target,848
Set 1,Pos,target,987
Set 1,Pos,target,991
Set 1,Pos,target,896
Set 1,Pos,target,987
Set 1,Pos,target,996
Set 1,Pos,target,661
Set 1,Pos,target,994
Set 1,Pos,target,262
Set 1,Pos,target,990
Set 1,Pos,target,632
Set 1,Pos,target,581
Set 1,Pos,target,675
Set 1,Pos,target,209
Set 1,Pos,target,906
Set 1,Pos,target,628
Set 1,Pos,target,919
Set 1,Pos,target,854
Set 1,Pos,target,866
Set 1,Pos,target,222
Set 1,Pos,target,996
Set 1,Pos,target,743
Set 1,Pos,target,833
Set 1,Pos,target,8
Set 1,Pos,target,892
Set 1,Pos,target,958
Set 1,Pos,target,995
Set 1,Pos,target,988
Set 1,Pos,target,997
Set 1,Pos,target,825
Set 1,Pos,target,987
Set 1,Pos,target,986
Set 1,Pos,target,996
Set 1,Pos,target,885
Set 1,Pos,target,966
Set 1,Pos,target,241
Set 1,Pos,target,997
Set 1,Pos,target,991
Set 1,Pos,target,731
Set 1,Pos,target,551
Set 1,Pos,target,811
Set 1,Pos,target,715
Set 1,Pos,target,913
Set 1,Pos,target,992
Set 1,Pos,target,80
Set 1,Pos,target,113
Set 1,Pos,target,748
Set 1,Pos,target,3
Set 1,Pos,target,599
Set 1,Pos,target,774
Set 1,Pos,target,965
Set 1,Pos,target,995
Set 1,Pos,target,988
Set 1,Pos,target,795
Set 1,Pos,target,796
Set 1,Pos,target,990
Set 1,Pos,target,983
Set 1,Pos,target,984
Set 1,Pos,target,995
Set 1,Pos,target,970
Set 1,Pos,target,656
Set 1,Pos,target,956
Set 1,Pos,target,790
Set 1,Pos,target,935
Set 1,Pos,target,333
Set 1,Pos,target,967
Set 1,Pos,target,669
Set 1,Pos,target,920
Set 1,Pos,target,25
Set 1,Pos,target,989
Set 1,Pos,target,858
Set 1,Pos,target,630
Set 1,Pos,target,1
Set 1,Pos,target,915
Set 1,Pos,target,217
Set 1,Pos,target,996
Set 1,Pos,target,559
Set 1,Pos,target,988
Set 1,Pos,target,890
Set 1,Pos,target,992
Set 1,Pos,target,979
Set 1,Pos,target,990
Set 1,Pos,target,761
Set 1,Pos,target,995
Set 1,Pos,target,544
Set 1,Pos,target,541
Set 1,Pos,target,603
Set 1,Pos,target,858
Set 1,Pos,target,648
Set 1,Pos,target,177
Set 1,Pos,target,136
Set 1,Pos,target,993
Set 1,Pos,target,709
Set 1,Pos,target,972
Set 1,Pos,target,565
Set 1,Pos,target,4
Set 1,Pos,target,910
Set 1,Pos,target,983
Set 1,Pos,target,996
Set 1,Pos,target,978
Set 1,Pos,target,746
Set 1,Pos,target,136
Set 1,Pos,target,962
Set 1,Pos,target,973
Set 1,Pos,target,986
Set 1,Pos,target,996
Set 1,Pos,target,655
Set 1,Pos,target,691
Set 1,Pos,target,491
Set 1,Pos,target,194
Set 1,Pos,target,75
Set 1,Pos,target,989
Set 1,Pos,target,922
Set 1,Pos,target,681
Set 1,Pos,target,925
Set 1,Pos,target,241
Set 1,Pos,target,996
Set 1,Pos,target,966
Set 1,Pos,target,817
Set 1,Pos,target,981
Set 1,Pos,target,706
Set 1,Pos,target,99
Set 1,Pos,target,965
Set 1,Pos,target,981
Set 1,Pos,target,995
Set 1,Pos,target,821
Set 1,Pos,target,434
Set 1,Pos,target,845
Set 1,Pos,target,78
Set 1,Pos,target,978
Set 1,Pos,target,991
Set 1,Pos,target,294
Set 1,Pos,target,8
Set 1,Pos,target,823
Set 1,Pos,target,995
Set 1,Pos,target,958
Set 1,Pos,target,960
Set 1,Pos,target,728
Set 1,Pos,target,974
Set 1,Pos,target,758
Set 1,Pos,target,989
Set 1,Pos,target,967
Set 1,Pos,target,988
Set 1,Pos,target,986
Set 1,Pos,target,932
Set 1,Pos,target,692
Set 1,Pos,target,115
Set 1,Pos,target,578
Set 1,Pos,target,601
Set 1,Pos,target,163
Set 1,Pos,target,84
Set 1,Pos,target,994
Set 1,Pos,target,3
Set 1,Pos,target,151
Set 1,Pos,target,995
Set 1,Pos,target,993
Set 1,Pos,target,127
Set 1,Pos,target,969
Set 1,Pos,target,815
Set 1,Pos,target,961
Set 1,Pos,target,988
Set 1,Pos,target,867
Set 1,Pos,target,274
Set 1,Pos,target,965
Set 1,Pos,target,680
Set 1,Pos,target,69
Set 1,Pos,target,859
Set 1,Pos,target,982
Set 1,Pos,target,288
Set 1,Pos,target,202
Set 1,Pos,target,995
Set 1,Pos,target,948
Set 1,Pos,target,974
Set 1,Pos,target,983
Set 1,Pos,target,139
Set 1,Pos,target,218
Set 1,Pos,target,994
Set 1,Pos,target,873
Set 1,Pos,target,976
Set 1,Pos,target,849
Set 1,Pos,target,695
Set 1,Pos,target,204
Set 1,Pos,target,90
Set 1,Pos,target,1
Set 1,Pos,target,180
Set 1,Pos,target,731
Set 1,Pos,target,995
Set 1,Pos,target,970
Set 1,Pos,target,987
Set 1,Pos,target,276
Set 1,Pos,target,971
Set 1,Pos,target,768
Set 1,Pos,target,897
Set 1,Pos,target,968
Set 1,Pos,target,996
Set 1,Pos,target,171
Set 1,Pos,target,990
Set 1,Pos,target,843
Set 1,Pos,target,967
Set 1,Pos,target,887
Set 1,Pos,target,977
Set 1,Pos,target,975
Set 1,Pos,target,5
Set 1,Pos,target,311
Set 1,Pos,target,995
Set 1,Pos,target,995
Set 1,Pos,target,894
Set 1,Pos,target,993
Set 1,Pos,target,996
Set 1,Pos,target,126
Set 1,Pos,target,999
Set 1,Pos,target,987
Set 1,Pos,target,990
Set 1,Pos,target,995
Set 1,Pos,target,15
Set 1,Pos,target,987
Set 1,Pos,target,465
Set 1,Pos,target,988
Set 1,Pos,target,995
Set 1,Pos,target,995
Set 1,Pos,target,999
Set 1,Pos,target,984
Set 1,Pos,target,994
Set 1,Pos,target,996
Set 1,Pos,target,991
Set 1,Pos,target,989
Set 1,Pos,target,584
Set 1,Pos,target,988
Set 1,Pos,target,993
Set 1,Pos,target,965
Set 1,Pos,target,719
Set 1,Pos,target,613
Set 1,Pos,target,944
Set 1,Pos,target,909
Set 1,Pos,target,155
Set 1,Pos,target,774
Set 1,Pos,target,402
Set 1,Pos,target,599
Set 1,Pos,target,749
Set 1,Pos,target,231
Set 1,Pos,target,755
Set 1,Pos,target,931
Set 1,Pos,target,693
Set 1,Pos,target,968
Set 1,Pos,target,994
Set 1,Pos,target,997
Set 1,Pos,target,999
Set 1,Pos,target,355
Set 1,Pos,target,994
Set 1,Pos,target,893
Set 1,Pos,target,996
Set 1,Pos,target,969
Set 1,Pos,target,706
Set 1,Pos,target,992
Set 1,Pos,target,987
Set 1,Pos,target,79
Set 1,Pos,target,933
Set 1,Pos,target,963
Set 1,Pos,target,428
Set 1,Pos,target,757
Set 1,Pos,target,631
Set 1,Pos,target,697
Set 1,Pos,target,155
Set 1,Pos,target,964
Set 1,Pos,target,503
Set 1,Pos,target,990
Set 1,Pos,target,998
Set 1,Pos,target,290
Set 1,Pos,target,971
Set 1,Pos,target,873
Set 1,Pos,target,937
Set 1,Pos,target,881
Set 1,Pos,target,429
Set 1,Pos,target,907
Set 1,Pos,target,427
Set 1,Pos,target,526
Set 1,Pos,target,806
Set 1,Pos,target,559
Set 1,Pos,target,531
Set 1,Pos,target,364
Set 1,Pos,target,103
Set 1,Pos,target,156
Set 1,Pos,target,320
Set 1,Pos,target,438
Set 1,Pos,target,142
Set 1,Pos,target,211
Set 1,Pos,target,414
Set 1,Pos,target,50
Set 1,Pos,target,276
Set 1,Pos,target,788
Set 1,Pos,target,838
Set 1,Pos,target,346
Set 1,Pos,target,720
Set 1,Pos,target,171
Set 1,Pos,target,990
Set 1,Pos,target,565
Set 1,Pos,target,538
Set 1,Pos,target,440
Set 1,Pos,target,461
Set 1,Pos,target,306
Set 1,Pos,target,735
Set 1,Pos,target,856
Set 1,Pos,target,939
Set 1,Pos,target,986
Set 1,Pos,target,979
Set 1,Pos,target,831
Set 1,Pos,target,957
Set 1,Pos,target,208
Set 1,Pos,target,986
Set 1,Pos,target,697
Set 1,Pos,target,978
Set 1,Pos,target,673
Set 1,Pos,target,733
Set 1,Pos,target,904
Set 1,Pos,target,100
Set 1,Pos,target,901
Set 1,Pos,target,977
Set 1,Pos,target,923
Set 1,Pos,target,307
Set 1,Pos,target,122
Set 1,Pos,target,5
Set 1,Pos,target,982
Set 1,Pos,target,761
Set 1,Pos,target,866
Set 1,Pos,target,69
Set 1,Pos,target,29
Set 1,Pos,target,422
Set 1,Pos,target,943
Set 1,Pos,target,58
Set 1,Pos,target,751
Set 1,Pos,target,996
Set 1,Pos,target,808
Set 1,Pos,target,817
Set 1,Pos,target,997
Set 1,Pos,target,830
Set 1,Pos,target,993
Set 1,Pos,target,938
Set 1,Pos,target,93
Set 1,Pos,target,816
Set 1,Pos,target,961
Set 1,Pos,target,151
Set 1,Pos,target,84
Set 1,Pos,target,949
Set 1,Pos,target,5
Set 1,Pos,target,845
Set 1,Pos,target,960
Set 1,Pos,target,945
Set 1,Pos,target,56
Set 1,Pos,target,82
Set 1,Pos,target,11
Set 1,Pos,target,992
Set 1,Pos,target,938
Set 1,Pos,target,824
Set 1,Pos,target,1000
Set 1,Pos,target,1
Set 1,Pos,target,11
Set 1,Pos,target,997
Set 1,Pos,target,773
Set 1,Pos,target,968
Set 1,Pos,target,2
Set 1,Pos,target,508
Set 1,Pos,target,920
Set 1,Pos,target,34
Set 1,Pos,target,931
Set 1,Pos,target,997
Set 1,Pos,target,965
Set 1,Pos,target,823
Set 1,Pos,target,945
Set 1,Pos,target,235
Set 1,Pos,decoy,2
Set 1,Pos,target,949
Set 1,Pos,target,988
Set 1,Pos,decoy,1
Set 1,Pos,target,981
Set 1,Pos,target,16
Set 1,Pos,target,826
Set 1,Pos,target,17
Set 1,Pos,decoy,10
Set 1,Pos,target,992
Set 1,Pos,target,956
Set 1,Pos,target,978
Set 1,Pos,target,15
Set 1,Pos,decoy,41
Set 1,Pos,target,325
Set 1,Pos,target,49
Set 1,Pos,target,411
Set 1,Pos,target,986
Set 1,Pos,target,995
Set 1,Pos,target,277
Set 1,Pos,target,989
Set 1,Pos,target,415
Set 1,Pos,target,830
Set 1,Pos,target,996
Set 1,Pos,target,938
Set 1,Pos,target,935
Set 1,Pos,target,984
Set 1,Pos,target,3
Set 1,Pos,target,944
Set 1,Pos,target,989
Set 1,Pos,target,993
Set 1,Pos,target,996
Set 1,Pos,target,989
Set 1,Pos,target,993
Set 1,Pos,target,993
Set 1,Pos,target,994
Set 1,Pos,target,991
Set 1,Pos,target,990
Set 1,Pos,target,971
Set 1,Pos,target,999
Set 1,Pos,target,988
Set 1,Pos,target,10
Set 1,Pos,target,955
Set 1,Pos,target,47
Set 1,Pos,target,976
Set 1,Pos,target,998
Set 1,Pos,target,988
Set 1,Pos,target,989
Set 1,Pos,target,995
Set 1,Pos,target,996
Set 1,Pos,target,826
Set 1,Pos,target,996
Set 1,Pos,target,996
Set 1,Pos,target,996
Set 1,Pos,target,868
Set 1,Pos,target,949
Set 1,Pos,target,866
Set 1,Pos,target,996
Set 1,Pos,target,952
Set 1,Pos,target,996
Set 1,Pos,target,996
Set 1,Pos,target,1000
Set 1,Pos,target,912
Set 1,Pos,target,996
Set 1,Pos,target,996
Set 1,Pos,target,999
Set 1,Pos,target,496
Set 1,Pos,target,996
Set 1,Pos,target,993
Set 1,Pos,target,992
Set 1,Pos,target,804
Set 1,Pos,target,933
Set 1,Pos,target,890
Set 1,Pos,target,179
Set 1,Pos,target,953
Set 1,Pos,target,268
Set 1,Pos,target,986
Set 1,Pos,target,999
Set 1,Pos,target,997
Set 1,Pos,target,5
Set 1,Pos,target,979
Set 1,Pos,target,958
Set 1,Pos,target,996
Set 1,Pos,target,999
Set 1,Pos,target,5
Set 1,Pos,target,983
Set 1,Pos,target,1
Set 1,Pos,target,995
Set 1,Pos,target,814
Set 1,Pos,target,996
Set 1,Pos,target,999
Set 1,Pos,target,996
Set 1,Pos,target,996
Set 1,Pos,target,979
Set 1,Pos,target,999
Set 1,Pos,target,999
Set 1,Pos,target,996
Set 1,Pos,target,999
Set 1,Pos,target,888
Set 1,Pos,target,754
Set 1,Pos,target,996
Set 1,Pos,target,996
Set 1,Pos,target,673
Set 1,Pos,target,981
Set 1,Pos,target,997
Set 1,Pos,target,996
Set 1,Pos,target,804
Set 1,Pos,target,974
Set 1,Pos,target,999
Set 1,Pos,target,999
Set 1,Pos,target,996
Set 1,Pos,target,996
Set 1,Pos,target,996
Set 1,Pos,target,1000
Set 1,Pos,target,999
Set 1,Pos,target,979
Set 1,Pos,target,793
Set 1,Pos,target,734
Set 1,Pos,target,995
Set 1,Pos,target,996
Set 1,Pos,target,987
Set 1,Pos,target,996
Set 1,Pos,target,996
Set 1,Pos,target,988
Set 1,Pos,target,837
Set 1,Pos,target,661
Set 1,Pos,target,950
Set 1,Pos,target,883
Set 1,Pos,target,42
Set 1,Pos,target,904
Set 1,Pos,target,32
Set 1,Pos,target,941
Set 1,Pos,target,999
Set 1,Pos,target,995
Set 1,Pos,target,45
Set 1,Pos,target,993
Set 1,Pos,target,1000
Set 1,Pos,target,123
Set 1,Pos,target,996
Set 1,Pos,target,996
Set 1,Pos,target,996
Set 1,Pos,target,378
Set 1,Pos,target,994
Set 1,Pos,target,999
Set 1,Pos,target,992
Set 1,Pos,target,999
Set 1,Pos,target,993
Set 1,Pos,target,895
Set 1,Pos,target,974
Set 1,Pos,target,999
Set 1,Pos,target,902
Set 1,Pos,target,996
Set 1,Pos,target,995
Set 1,Pos,target,933
Set 1,Pos,target,996
Set 1,Pos,target,949
Set 1,Pos,target,995
Set 1,Pos,target,1000
Set 1,Pos,target,665
Set 1,Pos,target,977
Set 1,Pos,target,999
Set 1,Pos,target,950
Set 1,Pos,target,944
Set 1,Pos,target,995
Set 1,Pos,target,996
Set 1,Pos,target,998
Set 1,Pos,target,996
Set 1,Pos,target,996
Set 1,Pos,target,996
Set 1,Pos,target,999
Set 1,Pos,target,997
Set 1,Pos,target,894
Set 1,Pos,target,877
Set 1,Pos,target,943
Set 1,Pos,target,996
Set 1,Pos,target,994
Set 1,Pos,target,1000
Set 1,Pos,target,996
Set 1,Pos,target,1000
Set 1,Pos,target,600
Set 1,Pos,target,841
Set 1,Pos,target,5
Set 1,Pos,target,313
Set 1,Pos,target,999
Set 1,Pos,target,999
Set 1,Pos,target,870
Set 1,Pos,target,720
Set 1,Pos,target,996
Set 1,Pos,target,996
Set 1,Pos,target,990
Set 1,Pos,target,996
Set 1,Pos,target,692
Set 1,Pos,target,994
Set 1,Pos,target,996
Set 1,Pos,target,996
Set 1,Pos,target,996
Set 1,Pos,target,979
Set 1,Pos,target,996
Set 1,Pos,target,24
Set 1,Pos,target,999
Set 1,Pos,target,996
Set 1,Pos,target,943
Set 1,Pos,target,887
Set 1,Pos,target,996
Set 1,Pos,target,994
Set 1,Pos,target,1000
Set 1,Pos,target,996
Set 1,Pos,target,996
Set 1,Pos,target,788
Set 1,Pos,target,999
Set 1,Pos,target,996
Set 1,Pos,target,924
Set 1,Pos,target,996
Set 1,Pos,target,996
Set 1,Pos,target,1000
Set 1,Pos,target,996
Set 1,Pos,target,886
Set 1,Pos,target,624
Set 1,Pos,target,1000
Set 1,Pos,target,996
Set 1,Pos,target,655
Set 1,Pos,target,981
Set 1,Pos,target,996
Set 1,Pos,target,941
Set 1,Pos,target,996
Set 1,Pos,target,999
Set 1,Pos,target,998
Set 1,Pos,target,995
Set 1,Pos,target,988
Set 1,Pos,target,994
Set 1,Pos,target,917
Set 1,Pos,target,622
Set 1,Pos,target,680
Set 1,Pos,target,996
Set 1,Pos,target,766
Set 1,Pos,target,996
Set 1,Pos,target,999
Set 1,Pos,target,1000
Set 1,Pos,target,1000
Set 1,Pos,target,1
Set 1,Pos,target,993
Set 1,Pos,target,697
Set 1,Pos,target,999
Set 1,Pos,target,992
Set 1,Pos,target,991
Set 1,Pos,target,57
Set 1,Pos,target,996
Set 1,Pos,target,974
Set 1,Pos,target,996
Set 1,Pos,target,922
Set 1,Pos,target,929
Set 1,Pos,target,23
Set 1,Pos,target,996
Set 1,Pos,target,988
Set 1,Pos,target,731
Set 1,Pos,target,1000
Set 1,Pos,target,996
Set 1,Pos,target,987
Set 1,Pos,target,952
Set 1,Pos,target,995
Set 1,Pos,target,695
Set 1,Pos,target,907
Set 1,Pos,target,2
Set 1,Pos,target,999
Set 1,Pos,target,987
Set 1,Pos,target,998
Set 1,Pos,target,6
Set 1,Pos,target,999
Set 1,Pos,target,994
Set 1,Pos,target,994
Set 1,Pos,target,996
Set 1,Pos,target,995
Set 1,Pos,target,926
Set 1,Pos,target,996
Set 1,Pos,target,992
Set 1,Pos,target,992
Set 1,Pos,target,991
Set 1,Pos,target,1000
Set 1,Pos,target,1000
Set 1,Pos,target,847
Set 1,Pos,target,1000
Set 1,Pos,target,1000
Set 1,Pos,target,996
Set 1,Pos,target,702
Set 1,Pos,target,962
Set 1,Pos,target,693
Set 1,Pos,decoy,30
Set 1,Pos,target,996
Set 1,Pos,target,773
Set 1,Pos,target,982
Set 1,Pos,target,952
Set 1,Pos,target,999
Set 1,Pos,target,775
Set 1,Pos,target,954
Set 1,Pos,target,947
Set 1,Pos,target,971
Set 1,Pos,target,880
Set 1,Pos,target,965
Set 1,Pos,target,999
Set 1,Pos,target,1000
Set 1,Pos,target,10
Set 1,Pos,target,1000
Set 1,Pos,target,17
Set 1,Pos,target,996
Set 1,Pos,target,999
Set 1,Pos,target,23
Set 1,Pos,target,126
Set 1,Pos,target,996
Set 1,Pos,target,995
Set 1,Pos,target,639
Set 1,Pos,target,1000
Set 1,Pos,target,992
Set 1,Pos,target,999
Set 1,Pos,target,749
Set 1,Pos,target,995
Set 1,Pos,target,845
Set 1,Pos,target,920
Set 1,Pos,target,996
Set 1,Pos,target,999
Set 1,Pos,target,997
Set 1,Pos,target,7
Set 1,Pos,target,999
Set 1,Pos,target,2
Set 1,Pos,target,549
Set 1,Pos,target,4
Set 1,Pos,target,995
Set 1,Pos,target,994
Set 1,Pos,target,996
Set 1,Pos,target,851
Set 1,Pos,target,996
Set 1,Pos,target,676
Set 1,Pos,target,827
Set 1,Pos,target,995
Set 1,Pos,target,713
Set 1,Pos,target,996
Set 1,Pos,target,465
Set 1,Pos,target,830
Set 1,Pos,target,750
Set 1,Pos,target,996
Set 1,Pos,decoy,2
Set 1,Pos,target,557
Set 1,Pos,target,474
Set 1,Pos,target,902
Set 1,Pos,target,394
Set 1,Pos,target,999
Set 1,Pos,target,38
Set 1,Pos,target,686
Set 1,Pos,target,649
Set 1,Pos,target,832
Set 1,Pos,target,999
Set 1,Pos,target,999
Set 1,Pos,target,496
Set 1,Pos,target,744
Set 1,Pos,target,234
Set 1,Pos,target,1000
Set 1,Pos,target,1000
Set 1,Pos,target,987
Set 1,Pos,target,384
Set 1,Pos,target,141
Set 1,Pos,target,992
Set 1,Pos,target,109
Set 1,Pos,target,677
Set 1,Pos,target,1
Set 1,Pos,target,565
Set 1,Pos,target,1000
Set 1,Pos,target,639
Set 1,Pos,target,895
Set 1,Pos,target,507
Set 1,Pos,target,122
Set 1,Pos,target,459
Set 1,Pos,target,847
Set 1,Pos,target,586
Set 1,Pos,target,910
Set 1,Pos,target,911
Set 1,Pos,target,194
Set 1,Pos,target,847
Set 1,Pos,target,832
Set 1,Pos,target,489
Set 1,Pos,target,996
Set 1,Pos,target,21
Set 1,Pos,target,995
Set 1,Pos,target,805
Set 1,Pos,target,387
Set 1,Pos,target,958
Set 1,Pos,target,278
Set 1,Pos,target,961
Set 1,Pos,target,522
Set 1,Pos,target,995
Set 1,Pos,target,995
Set 1,Pos,target,336
Set 1,Pos,target,991
Set 1,Pos,target,451
Set 1,Pos,target,528
Set 1,Pos,target,793
Set 1,Pos,target,817
Set 1,Pos,target,871
Set 1,Pos,target,750
Set 1,Pos,target,842
Set 1,Pos,target,844
Set 1,Pos,target,999
Set 1,Pos,target,932
Set 1,Pos,target,848
Set 1,Pos,target,845
Set 1,Pos,target,145
Set 1,Pos,target,216
Set 1,Pos,target,845
Set 1,Pos,target,952
Set 1,Pos,target,996
Set 1,Pos,target,425
Set 1,Pos,target,998
Set 1,Pos,target,167
Set 1,Pos,target,635
Set 1,Pos,target,995
Set 1,Pos,target,999
Set 1,Pos,target,611
Set 1,Pos,target,794
Set 1,Pos,target,995
Set 1,Pos,target,839
Set 1,Pos,target,473
Set 1,Pos,target,553
Set 1,Pos,target,999
Set 1,Pos,target,591
Set 1,Pos,target,990
Set 1,Pos,target,706
Set 1,Pos,target,994
Set 1,Pos,target,342
Set 1,Pos,target,996
Set 1,Pos,target,583
Set 1,Pos,target,526
Set 1,Pos,target,887
Set 1,Pos,target,764
Set 1,Pos,target,374
Set 1,Pos,target,884
Set 1,Pos,target,793
Set 1,Pos,target,777
Set 1,Pos,target,920
Set 1,Pos,target,944
Set 1,Pos,target,996
Set 1,Pos,target,556
Set 1,Pos,target,996
Set 1,Pos,target,552
Set 1,Pos,target,996
Set 1,Pos,target,603
Set 1,Pos,target,548
Set 1,Pos,target,423
Set 1,Pos,target,972
Set 1,Pos,target,586
Set 1,Pos,target,987
Set 1,Pos,target,713
Set 1,Pos,target,856
Set 1,Pos,target,877
Set 1,Pos,target,637
Set 1,Pos,decoy,110
Set 1,Pos,target,995
Set 1,Pos,target,991
Set 1,Pos,target,977
Set 1,Pos,target,296
Set 1,Pos,decoy,39
Set 1,Pos,target,995
Set 1,Pos,target,702
Set 1,Pos,target,591
Set 1,Pos,target,754
Set 1,Pos,target,814
Set 1,Pos,target,711
Set 1,Pos,target,840
Set 1,Pos,target,971
Set 1,Pos,target,997
Set 1,Pos,target,386
Set 1,Pos,target,999
Set 1,Pos,target,743
Set 1,Pos,target,559
Set 1,Pos,target,389
Set 1,Pos,target,541
Set 1,Pos,target,996
Set 1,Pos,target,613
Set 1,Pos,target,798
Set 1,Pos,target,990
Set 1,Pos,target,995
Set 1,Pos,target,232
Set 1,Pos,target,682
Set 1,Pos,target,913
Set 1,Pos,target,829
Set 1,Pos,target,662
Set 1,Pos,target,996
Set 1,Pos,target,722
Set 1,Pos,target,936
Set 1,Pos,target,791
Set 1,Pos,target,994
Set 1,Pos,target,844
Set 1,Pos,target,918
Set 1,Pos,decoy,38
Set 1,Pos,target,937
Set 1,Pos,target,994
Set 1,Pos,decoy,72
Set 1,Pos,target,440
Set 1,Pos,target,616
Set 1,Pos,target,825
Set 1,Pos,target,991
Set 1,Pos,target,670
Set 1,Pos,target,994
Set 1,Pos,target,982
Set 1,Pos,target,671
Set 1,Pos,target,817
Set 1,Pos,target,812
Set 1,Pos,target,700
Set 1,Pos,decoy,100
Set 1,Pos,target,708
Set 1,Pos,target,790
Set 1,Pos,target,995
Set 1,Pos,target,797
Set 1,Pos,target,663
Set 1,Pos,target,656
Set 1,Pos,target,999
Set 1,Pos,target,780
Set 1,Pos,target,688
Set 1,Pos,target,996
Set 1,Pos,target,950
Set 1,Pos,target,800
Set 1,Pos,target,919
Set 1,Pos,target,667
Set 1,Pos,target,6
Set 1,Pos,target,996
Set 1,Pos,target,841
Set 1,Pos,target,928
Set 1,Pos,target,675
Set 1,Pos,target,912
Set 1,Pos,target,761
Set 1,Pos,target,947
Set 1,Pos,target,621
Set 1,Pos,target,784
Set 1,Pos,target,995
Set 1,Pos,target,926
Set 1,Pos,target,994
Set 1,Pos,target,72
Set 1,Pos,target,991
Set 1,Pos,target,995
Set 1,Pos,target,627
Set 1,Pos,target,991
Set 1,Pos,target,904
Set 1,Pos,target,735
Set 1,Pos,target,998
Set 1,Pos,target,495
Set 1,Pos,target,990
Set 1,Pos,target,522
Set 1,Pos,target,502
Set 1,Pos,target,984
Set 1,Pos,target,991
Set 1,Pos,target,994
Set 1,Pos,target,957
Set 1,Pos,target,995
Set 1,Pos,target,997
Set 1,Pos,target,606
Set 1,Pos,target,964
Set 1,Pos,target,996
Set 1,Pos,target,632
Set 1,Pos,target,939
Set 1,Pos,target,227
Set 1,Pos,target,925
Set 1,Pos,target,949
Set 1,Pos,target,707
Set 1,Pos,target,251
Set 1,Pos,target,416
Set 1,Pos,target,266
Set 1,Pos,target,843
Set 1,Pos,target,663
Set 1,Pos,target,768
Set 1,Pos,target,994
Set 1,Pos,target,991
Set 1,Pos,target,14
Set 1,Pos,target,997
Set 1,Pos,target,883
Set 1,Pos,target,791
Set 1,Pos,target,824
Set 1,Pos,target,413
Set 1,Pos,target,993
Set 1,Pos,target,962
Set 1,Pos,target,994
Set 1,Pos,target,877
Set 1,Pos,target,995
Set 1,Pos,target,998
Set 1,Pos,target,991
Set 1,Pos,target,996
Set 1,Pos,target,978
Set 1,Pos,target,526
Set 1,Pos,target,880
Set 1,Pos,target,834
Set 1,Pos,target,685
Set 1,Pos,target,926
Set 1,Pos,target,725
Set 1,Pos,target,893
Set 1,Pos,target,990
Set 1,Pos,target,992
Set 1,Pos,target,6
Set 1,Pos,target,996
Set 1,Pos,target,336
Set 1,Pos,target,984
Set 1,Pos,target,676
Set 1,Pos,target,572
Set 1,Pos,target,995
Set 1,Pos,decoy,6
Set 1,Pos,target,969
Set 1,Pos,target,981
Set 1,Pos,target,995
Set 1,Pos,target,756
Set 1,Pos,target,988
Set 1,Pos,target,987
Set 1,Pos,target,967
Set 1,Pos,target,994
Set 1,Pos,target,813
Set 1,Pos,target,694
Set 1,Pos,target,678
Set 1,Pos,target,899
Set 1,Pos,target,734
Set 1,Pos,target,919
Set 1,Pos,target,986
Set 1,Pos,target,6
Set 1,Pos,target,994
Set 1,Pos,target,994
Set 1,Pos,target,459
Set 1,Pos,target,92
Set 1,Pos,target,218
Set 1,Pos,target,63
Set 1,Pos,target,990
Set 1,Pos,target,633
Set 1,Pos,target,993
Set 1,Pos,target,803
Set 1,Pos,target,989
Set 1,Pos,target,948
Set 1,Pos,target,988
Set 1,Pos,target,995
Set 1,Pos,target,993
Set 1,Pos,target,922
Set 1,Pos,target,974
Set 1,Pos,target,702
Set 1,Pos,target,732
Set 1,Pos,target,721
Set 1,Pos,target,787
Set 1,Pos,target,943
Set 1,Pos,target,985
Set 1,Pos,target,992
Set 1,Pos,target,2
Set 1,Pos,target,994
Set 1,Pos,target,519
Set 1,Pos,target,816
Set 1,Pos,target,979
Set 1,Pos,target,557
Set 1,Pos,target,993
Set 1,Pos,target,991
Set 1,Pos,target,955
Set 1,Pos,target,933
Set 1,Pos,target,995
Set 1,Pos,target,49
Set 1,Pos,target,479
Set 1,Pos,target,946
Set 1,Pos,target,950
Set 1,Pos,target,814
Set 1,Pos,target,869
Set 1,Pos,target,976
Set 1,Pos,target,991
Set 1,Pos,target,217
Set 1,Pos,target,2
Set 1,Pos,target,991
Set 1,Pos,target,414
Set 1,Pos,target,410
Set 1,Pos,target,173
Set 1,Pos,target,865
Set 1,Pos,target,688
Set 1,Pos,target,994
Set 1,Pos,target,992
Set 1,Pos,target,398
Set 1,Pos,target,981
Set 1,Pos,target,986
Set 1,Pos,target,868
Set 1,Pos,target,996
Set 1,Pos,target,979
Set 1,Pos,target,105
Set 1,Pos,target,989
Set 1,Pos,target,843
Set 1,Pos,target,803
Set 1,Pos,target,977
Set 1,Pos,target,4
Set 1,Pos,target,985
Set 1,Pos,target,988
Set 1,Pos,target,643
Set 1,Pos,target,338
Set 1,Pos,target,943
Set 1,Pos,target,289
Set 1,Pos,target,994
Set 1,Pos,target,134
Set 1,Pos,target,407
Set 1,Pos,target,970
Set 1,Pos,target,977
Set 1,Pos,target,995
Set 1,Pos,target,910
Set 1,Pos,target,935
Set 1,Pos,target,917
Set 1,Pos,target,895
Set 1,Pos,target,104
Set 1,Pos,target,974
Set 1,Pos,target,882
Set 1,Pos,target,988
Set 1,Pos,target,993
Set 1,Pos,target,689
Set 1,Pos,target,455
Set 1,Pos,target,622
Set 1,Pos,target,994
Set 1,Pos,target,150
Set 1,Pos,target,115
Set 1,Pos,target,977
Set 1,Pos,target,994
Set 1,Pos,target,971
Set 1,Pos,target,994
Set 1,Pos,target,192
Set 1,Pos,target,653
Set 1,Pos,target,972
Set 1,Pos,target,670
Set 1,Pos,target,985
Set 1,Pos,target,979
Set 1,Pos,target,1
Set 1,Pos,target,706
Set 1,Pos,target,945
Set 1,Pos,target,66
Set 1,Pos,target,75
Set 1,Pos,target,992
Set 1,Pos,target,970
Set 1,Pos,target,975
Set 1,Pos,target,974
Set 1,Pos,target,47
Set 1,Pos,target,995
Set 1,Pos,target,735
Set 1,Pos,target,175
Set 1,Pos,decoy,9
Set 1,Pos,target,851
Set 1,Pos,target,986
Set 1,Pos,target,961
Set 1,Pos,target,824
Set 1,Pos,target,987
Set 1,Pos,target,38
Set 1,Pos,target,766
Set 1,Pos,target,988
Set 1,Pos,target,416
Set 1,Pos,target,185
Set 1,Pos,target,284
Set 1,Pos,target,989
Set 1,Pos,target,983
Set 1,Pos,target,949
Set 1,Pos,target,655
Set 1,Pos,target,989
Set 1,Pos,target,995
Set 1,Pos,target,387
Set 1,Pos,target,957
Set 1,Pos,target,927
Set 1,Pos,target,729
Set 1,Pos,target,995
Set 1,Pos,target,975
Set 1,Pos,target,912
Set 1,Pos,target,991
Set 1,Pos,target,2
Set 1,Pos,target,921
Set 1,Pos,target,995
Set 1,Pos,target,997
Set 1,Pos,target,128
Set 1,Pos,target,996
Set 1,Pos,target,809
Set 1,Pos,target,996
Set 1,Pos,target,996
Set 1,Pos,target,516
Set 1,Pos,target,995
Set 1,Pos,target,999
Set 1,Pos,target,995
Set 1,Pos,target,38
Set 1,Pos,target,585
Set 1,Pos,target,995
Set 1,Pos,target,985
Set 1,Pos,target,982
Set 1,Pos,target,686
Set 1,Pos,target,988
Set 1,Pos,target,994
Set 1,Pos,target,973
Set 1,Pos,target,988
Set 1,Pos,target,996
Set 1,Pos,target,979
Set 1,Pos,target,878
Set 1,Pos,target,956
Set 1,Pos,target,918
Set 1,Pos,target,310
Set 1,Pos,target,615
Set 1,Pos,target,854
Set 1,Pos,target,310
Set 1,Pos,target,847
Set 1,Pos,target,191
Set 1,Pos,target,742
Set 1,Pos,target,447
Set 1,Pos,target,191
Set 1,Pos,target,992
Set 1,Pos,target,999
Set 1,Pos,target,975
Set 1,Pos,target,987
Set 1,Pos,target,310
Set 1,Pos,target,538
Set 1,Pos,target,920
Set 1,Pos,target,126
Set 1,Pos,target,611
Set 1,Pos,target,956
Set 1,Pos,target,915
Set 1,Pos,target,992
Set 1,Pos,target,615
Set 1,Pos,target,339
Set 1,Pos,target,108
Set 1,Pos,target,50
Set 1,Pos,target,943
Set 1,Pos,target,946
Set 1,Pos,target,936
Set 1,Pos,target,607
Set 1,Pos,target,717
Set 1,Pos,target,155
Set 1,Pos,target,51
Set 1,Pos,target,486
Set 1,Pos,target,95
Set 1,Pos,target,319
Set 1,Pos,target,144
Set 1,Pos,target,431
Set 1,Pos,target,560
Set 1,Pos,target,710
Set 1,Pos,target,147
Set 1,Pos,target,853
Set 1,Pos,target,127
Set 1,Pos,target,515
Set 1,Pos,target,293
Set 1,Pos,target,459
Set 1,Pos,target,18
Set 1,Pos,target,949
Set 1,Pos,target,829
Set 1,Pos,target,637
Set 1,Pos,target,589
Set 1,Pos,target,982
Set 1,Pos,target,345
Set 1,Pos,target,537
Set 1,Pos,target,886
Set 1,Pos,target,919
Set 1,Pos,target,61
Set 1,Pos,target,452
Set 1,Pos,target,971
Set 1,Pos,target,306
Set 1,Pos,target,729
Set 1,Pos,target,864
Set 1,Pos,target,976
Set 1,Pos,target,855
Set 1,Pos,target,1000
Set 1,Pos,target,733
Set 1,Pos,target,816
Set 1,Pos,target,999
Set 1,Pos,target,829
Set 1,Pos,target,996
Set 1,Pos,target,66
Set 1,Pos,target,816
Set 1,Pos,target,993
Set 1,Pos,target,969
Set 1,Pos,target,53
Set 1,Pos,target,301
Set 1,Pos,target,928
Set 1,Pos,target,944
Set 1,Pos,target,986
Set 1,Pos,target,882
Set 1,Pos,target,891
Set 1,Pos,target,937
Set 1,Pos,target,495
Set 1,Pos,target,995
Set 1,Pos,target,841
Set 1,Pos,target,999
Set 1,Pos,target,825
Set 1,Pos,target,997
Set 1,Pos,target,487
Set 1,Pos,target,64
Set 1,Pos,target,968
Set 1,Pos,target,291
Set 1,Pos,target,943
Set 1,Pos,target,935
Set 1,Pos,target,999
Set 1,Pos,target,966
Set 1,Pos,target,936
Set 1,Pos,target,837
Set 1,Pos,target,953
Set 1,Pos,target,932
Set 1,Pos,target,978
Set 1,Pos,target,945
Set 1,Pos,target,984
Set 1,Pos,target,937
Set 1,Pos,target,980
Set 1,Pos,target,15
Set 1,Pos,target,995
Set 1,Pos,target,832
Set 1,Pos,target,129
Set 1,Pos,target,922
Set 1,Pos,target,989
Set 1,Pos,target,914
Set 1,Pos,target,983
Set 1,Pos,target,939
Set 1,Pos,target,971
Set 1,Pos,target,994
Set 1,Pos,target,797
Set 1,Pos,target,994
Set 1,Pos,target,939
Set 1,Pos,target,993
Set 1,Pos,target,985
Set 1,Pos,target,750
Set 1,Pos,target,984
Set 1,Pos,target,968
Set 1,Pos,target,995
Set 1,Pos,target,996
Set 1,Pos,target,992
Set 1,Pos,target,983
Set 1,Pos,target,985
Set 1,Pos,target,995
Set 1,Pos,target,988
Set 1,Pos,target,813
Set 1,Pos,target,973
Set 1,Pos,target,967
Set 1,Pos,target,983
Set 1,Pos,target,995
Set 1,Pos,target,987
Set 1,Pos,target,996
Set 1,Pos,target,845
Set 1,Pos,target,996
Set 1,Pos,target,996
Set 1,Pos,target,996
Set 1,Pos,target,996
Set 1,Pos,target,899
Set 1,Pos,target,936
Set 1,Pos,target,960
Set 1,Pos,target,996
Set 1,Pos,target,923
Set 1,Pos,target,996
Set 1,Pos,target,996
Set 1,Pos,target,1000
Set 1,Pos,target,911
Set 1,Pos,target,996
Set 1,Pos,target,813
Set 1,Pos,target,78
Set 1,Pos,target,999
Set 1,Pos,target,904
Set 1,Pos,target,996
Set 1,Pos,target,862
Set 1,Pos,target,90
Set 1,Pos,target,993
Set 1,Pos,target,962
Set 1,Pos,target,246
Set 1,Pos,target,195
Set 1,Pos,target,969
Set 1,Pos,target,901
Set 1,Pos,target,999
Set 1,Pos,target,984
Set 1,Pos,target,974
Set 1,Pos,target,996
Set 1,Pos,target,9
Set 1,Pos,target,984
Set 1,Pos,target,996
Set 1,Pos,target,999
Set 1,Pos,target,1000
Set 1,Pos,target,985
Set 1,Pos,target,994
Set 1,Pos,target,779
Set 1,Pos,target,999
Set 1,Pos,target,997
Set 1,Pos,target,995
Set 1,Pos,target,996
Set 1,Pos,target,995
Set 1,Pos,target,996
Set 1,Pos,target,957
Set 1,Pos,target,995
Set 1,Pos,target,999
Set 1,Pos,target,996
Set 1,Pos,target,1
Set 1,Pos,target,999
Set 1,Pos,target,991
Set 1,Pos,target,996
Set 1,Pos,target,994
Set 1,Pos,target,999
Set 1,Pos,target,802
Set 1,Pos,target,994
Set 1,Pos,target,996
Set 1,Pos,target,699
Set 1,Pos,target,974
Set 1,Pos,target,895
Set 1,Pos,target,970
Set 1,Pos,target,2
Set 1,Pos,target,995
Set 1,Pos,target,999
Set 1,Pos,target,999
Set 1,Pos,target,996
Set 1,Pos,target,1000
Set 1,Pos,target,993
Set 1,Pos,target,996
Set 1,Pos,target,996
Set 1,Pos,target,1000
Set 1,Pos,target,573
Set 1,Pos,target,996
Set 1,Pos,target,951
Set 1,Pos,target,978
Set 1,Pos,target,803
Set 1,Pos,target,953
Set 1,Pos,target,996
Set 1,Pos,target,996
Set 1,Pos,target,889
Set 1,Pos,target,775
Set 1,Pos,target,922
Set 1,Pos,target,739
Set 1,Pos,target,999
Set 1,Pos,target,231
Set 1,Pos,target,48
Set 1,Pos,target,32
Set 1,Pos,target,998
Set 1,Pos,target,999
Set 1,Pos,target,267
Set 1,Pos,target,996
Set 1,Pos,target,461
Set 1,Pos,target,978
Set 1,Pos,target,996
Set 1,Pos,target,992
Set 1,Pos,target,930
Set 1,Pos,target,992
Set 1,Pos,target,996
Set 1,Pos,target,999
Set 1,Pos,target,911
Set 1,Pos,target,1000
Set 1,Pos,target,995
Set 1,Pos,target,996
Set 1,Pos,target,954
Set 1,Pos,target,996
Set 1,Pos,target,979
Set 1,Pos,target,1000
Set 1,Pos,target,1000
Set 1,Pos,target,965
Set 1,Pos,target,477
Set 1,Pos,target,999
Set 1,Pos,target,1000
Set 1,Pos,target,996
Set 1,Pos,target,995
Set 1,Pos,target,960
Set 1,Pos,target,997
Set 1,Pos,target,996
Set 1,Pos,target,952
Set 1,Pos,target,996
Set 1,Pos,target,996
Set 1,Pos,target,962
Set 1,Pos,target,996
Set 1,Pos,target,976
Set 1,Pos,target,901
Set 1,Pos,target,875
Set 1,Pos,target,999
Set 1,Pos,target,999
Set 1,Pos,target,994
Set 1,Pos,target,1000
Set 1,Pos,target,1000
Set 1,Pos,target,895
Set 1,Pos,target,309
Set 1,Pos,target,996
Set 1,Pos,target,996
Set 1,Pos,target,996
Set 1,Pos,target,598
Set 1,Pos,target,991
Set 1,Pos,target,776
Set 1,Pos,target,996
Set 1,Pos,target,995
Set 1,Pos,target,993
Set 1,Pos,target,996
Set 1,Pos,target,996
Set 1,Pos,target,996
Set 1,Pos,target,904
Set 1,Pos,target,975
Set 1,Pos,target,996
Set 1,Pos,target,996
Set 1,Pos,target,22
Set 1,Pos,target,997
Set 1,Pos,target,1000
Set 1,Pos,target,1000
Set 1,Pos,target,461
Set 1,Pos,target,996
Set 1,Pos,target,936
Set 1,Pos,target,1000
Set 1,Pos,target,1000
Set 1,Pos,target,996
Set 1,Pos,target,996
Set 1,Pos,target,924
Set 1,Pos,target,796
Set 1,Pos,target,999
Set 1,Pos,target,996
Set 1,Pos,target,743
Set 1,Pos,target,996
Set 1,Pos,target,995
Set 1,Pos,target,996
Set 1,Pos,target,996
Set 1,Pos,target,661
Set 1,Pos,target,996
Set 1,Pos,target,978
Set 1,Pos,target,999
Set 1,Pos,target,966
Set 1,Pos,target,999
Set 1,Pos,target,995
Set 1,Pos,target,996
Set 1,Pos,target,995
Set 1,Pos,target,648
Set 1,Pos,target,990
Set 1,Pos,target,634
Set 1,Pos,target,636
Set 1,Pos,target,860
Set 1,Pos,target,994
Set 1,Pos,target,999
Set 1,Pos,target,892
Set 1,Pos,target,997
Set 1,Pos,target,996
Set 1,Pos,target,6
Set 1,Pos,target,999
Set 1,Pos,target,1000
Set 1,Pos,target,993
Set 1,Pos,target,636
Set 1,Pos,target,1000
Set 1,Pos,target,999
Set 1,Pos,target,996
Set 1,Pos,target,868
Set 1,Pos,target,996
Set 1,Pos,target,993
Set 1,Pos,target,996
Set 1,Pos,target,80
Set 1,Pos,target,991
Set 1,Pos,target,996
Set 1,Pos,target,20
Set 1,Pos,target,9
Set 1,Pos,target,996
Set 1,Pos,target,988
Set 1,Pos,target,998
Set 1,Pos,target,987
Set 1,Pos,target,964
Set 1,Pos,target,1000
Set 1,Pos,target,911
Set 1,Pos,target,905
Set 1,Pos,target,999
Set 1,Pos,target,998
Set 1,Pos,target,7
Set 1,Pos,target,999
Set 1,Pos,target,986
Set 1,Pos,target,995
Set 1,Pos,target,912
Set 1,Pos,target,996
Set 1,Pos,target,996
Set 1,Pos,target,995
Set 1,Pos,target,996
Set 1,Pos,target,1000
Set 1,Pos,target,1000
Set 1,Pos,target,985
Set 1,Pos,target,550
Set 1,Pos,target,1000
Set 1,Pos,target,996
Set 1,Pos,decoy,2
Set 1,Pos,target,996
Set 1,Pos,target,678
Set 1,Pos,target,10
Set 1,Pos,target,999
Set 1,Pos,target,817
Set 1,Pos,target,1000
Set 1,Pos,target,21
Set 1,Pos,target,955
Set 1,Pos,target,953
Set 1,Pos,target,845
Set 1,Pos,target,945
Set 1,Pos,target,999
Set 1,Pos,target,995
Set 1,Pos,target,13
Set 1,Pos,target,1000
Set 1,Pos,target,996
Set 1,Pos,target,996
Set 1,Pos,target,999
Set 1,Pos,target,994
Set 1,Pos,target,980
Set 1,Pos,target,995
Set 1,Pos,target,208
Set 1,Pos,target,1000
Set 1,Pos,target,990
Set 1,Pos,target,989
Set 1,Pos,target,995
Set 1,Pos,target,996
Set 1,Pos,target,992
Set 1,Pos,target,300
Set 1,Pos,target,872
Set 1,Pos,target,1000
Set 1,Pos,target,896
Set 1,Pos,target,999
Set 1,Pos,target,5
Set 1,Pos,target,999
Set 1,Pos,target,997
Set 1,Pos,target,2
Set 1,Pos,target,995
Set 1,Pos,target,4
Set 1,Pos,target,832
Set 1,Pos,target,1000
Set 1,Pos,target,939
Set 1,Pos,target,835
Set 1,Pos,target,433
Set 1,Pos,target,677
Set 1,Pos,target,361
Set 1,Pos,target,996
Set 1,Pos,target,510
Set 1,Pos,target,895
Set 1,Pos,target,991
Set 1,Pos,target,901
Set 1,Pos,target,999
Set 1,Pos,target,566
Set 1,Pos,target,683
Set 1,Pos,target,452
Set 1,Pos,target,873
Set 1,Pos,target,651
Set 1,Pos,target,999
Set 1,Pos,target,1000
Set 1,Pos,target,704
Set 1,Pos,target,990
Set 1,Pos,target,573
Set 1,Pos,target,1000
Set 1,Pos,target,883
Set 1,Pos,target,993
Set 1,Pos,target,998
Set 1,Pos,target,380
Set 1,Pos,target,996
Set 1,Pos,target,995
Set 1,Pos,target,50
Set 1,Pos,target,343
Set 1,Pos,target,1000
Set 1,Pos,target,995
Set 1,Pos,target,601
Set 1,Pos,target,640
Set 1,Pos,target,734
Set 1,Pos,target,639
Set 1,Pos,target,223
Set 1,Pos,target,1
Set 1,Pos,target,895
Set 1,Pos,target,75
Set 1,Pos,target,996
Set 1,Pos,target,901
Set 1,Pos,target,167
Set 1,Pos,target,471
Set 1,Pos,target,947
Set 1,Pos,target,835
Set 1,Pos,target,193
Set 1,Pos,target,986
Set 1,Pos,target,781
Set 1,Pos,target,997
Set 1,Pos,target,343
Set 1,Pos,target,654
Set 1,Pos,target,730
Set 1,Pos,target,992
Set 1,Pos,target,3
Set 1,Pos,target,999
Set 1,Pos,target,250
Set 1,Pos,target,916
Set 1,Pos,target,642
Set 1,Pos,target,546
Set 1,Pos,target,842
Set 1,Pos,target,732
Set 1,Pos,target,996
Set 1,Pos,target,849
Set 1,Pos,target,772
Set 1,Pos,target,472
Set 1,Pos,target,852
Set 1,Pos,target,854
Set 1,Pos,target,999
Set 1,Pos,target,647
Set 1,Pos,target,170
Set 1,Pos,target,518
Set 1,Pos,target,839
Set 1,Pos,target,513
Set 1,Pos,target,218
Set 1,Pos,target,775
Set 1,Pos,target,799
Set 1,Pos,target,996
Set 1,Pos,target,999
Set 1,Pos,target,945
Set 1,Pos,target,58
Set 1,Pos,target,790
Set 1,Pos,target,640
Set 1,Pos,target,490
Set 1,Pos,target,995
Set 1,Pos,target,996
Set 1,Pos,target,801
Set 1,Pos,target,622
Set 1,Pos,target,999
Set 1,Pos,target,995
Set 1,Pos,target,906
Set 1,Pos,target,982
Set 1,Pos,target,993
Set 1,Pos,target,994
Set 1,Pos,target,519
Set 1,Pos,target,550
Set 1,Pos,target,475
Set 1,Pos,target,996
Set 1,Pos,target,660
Set 1,Pos,target,727
Set 1,Pos,target,207
Set 1,Pos,target,275
Set 1,Pos,target,856
Set 1,Pos,target,785
Set 1,Pos,target,984
Set 1,Pos,target,744
Set 1,Pos,target,942
Set 1,Pos,target,688
Set 1,Pos,target,489
Set 1,Pos,target,819
Set 1,Pos,target,623
Set 1,Pos,target,351
Set 1,Pos,target,995
Set 1,Pos,target,572
Set 1,Pos,target,995
Set 1,Pos,target,763
Set 1,Pos,target,947
Set 1,Pos,target,426
Set 1,Pos,target,999
Set 1,Pos,target,850
Set 1,Pos,target,864
Set 1,Pos,target,772
Set 1,Pos,target,867
Set 1,Pos,target,910
Set 1,Pos,target,468
Set 1,Pos,target,668
Set 1,Pos,target,996
Set 1,Pos,target,314
Set 1,Pos,target,993
Set 1,Pos,decoy,29
Set 1,Pos,target,996
Set 1,Pos,target,654
Set 1,Pos,target,705
Set 1,Pos,target,996
Set 1,Pos,target,442
Set 1,Pos,target,251
Set 1,Pos,target,575
Set 1,Pos,decoy,997
Set 1,Pos,target,511
Set 1,Pos,target,960
Set 1,Pos,target,999
Set 1,Pos,decoy,254
Set 1,Pos,target,642
Set 1,Pos,decoy,114
Set 1,Pos,target,517
Set 1,Pos,target,556
Set 1,Pos,target,704
Set 1,Pos,target,978
Set 1,Pos,target,996
Set 1,Pos,target,563
Set 1,Pos,target,677
Set 1,Pos,target,681
Set 1,Pos,target,784
Set 1,Pos,target,646
Set 1,Pos,target,918
Set 1,Pos,target,393
Set 1,Pos,target,748
Set 1,Pos,target,937
Set 1,Pos,target,838
Set 1,Pos,target,995
Set 1,Pos,target,664
Set 1,Pos,target,863
Set 1,Pos,target,989
Set 1,Pos,target,670
Set 1,Pos,target,999
Set 1,Pos,target,50
Set 1,Pos,target,921
Set 1,Pos,decoy,37
Set 1,Pos,target,917
Set 1,Pos,target,663
Set 1,Pos,target,235
Set 1,Pos,target,980
Set 1,Pos,target,996
Set 1,Pos,target,991
Set 1,Pos,target,670
Set 1,Pos,target,799
Set 1,Pos,target,191
Set 1,Pos,target,995
Set 1,Pos,target,11
Set 1,Pos,target,999
Set 1,Pos,target,997
Set 1,Pos,target,245
Set 1,Pos,target,678
Set 1,Pos,target,995
Set 1,Pos,target,619
Set 1,Pos,target,797
Set 1,Pos,target,722
Set 1,Pos,target,837
Set 1,Pos,target,751
Set 1,Pos,target,642
Set 1,Pos,target,872
Set 1,Pos,target,951
Set 1,Pos,target,996
Set 1,Pos,target,981
Set 1,Pos,target,800
Set 1,Pos,target,994
Set 1,Pos,target,800
Set 1,Pos,target,914
Set 1,Pos,target,642
Set 1,Pos,target,998
Set 1,Pos,target,604
Set 1,Pos,target,718
Set 1,Pos,target,933
Set 1,Pos,target,941
Set 1,Pos,target,760
Set 1,Pos,target,964
Set 1,Pos,target,699
Set 1,Pos,target,855
Set 1,Pos,target,936
Set 1,Pos,target,994
Set 1,Pos,target,781
Set 1,Pos,target,995
Set 1,Pos,target,603
Set 1,Pos,target,895
Set 1,Pos,target,993
Set 1,Pos,target,992
Set 1,Pos,target,987
Set 1,Pos,target,14
Set 1,Pos,target,601
Set 1,Pos,target,299
Set 1,Pos,target,997
Set 1,Pos,target,994
Set 1,Pos,target,998
Set 1,Pos,target,993
Set 1,Pos,target,986
Set 1,Pos,target,994
Set 1,Pos,target,988
Set 1,Pos,target,941
Set 1,Pos,target,928
Set 1,Pos,target,591
Set 1,Pos,target,993
Set 1,Pos,target,700
Set 1,Pos,target,996
Set 1,Pos,target,562
Set 1,Pos,target,925
Set 1,Pos,target,311
Set 1,Pos,target,264
Set 1,Pos,target,226
Set 1,Pos,target,793
Set 1,Pos,target,423
Set 1,Pos,target,542
Set 1,Pos,target,670
Set 1,Pos,target,784
Set 1,Pos,target,856
Set 1,Pos,target,165
Set 1,Pos,target,890
Set 1,Pos,target,809
Set 1,Pos,target,997
Set 1,Pos,target,993
Set 1,Pos,target,14
Set 1,Pos,target,959
Set 1,Pos,target,993
Set 1,Pos,target,996
Set 1,Pos,target,997
Set 1,Pos,target,994
Set 1,Pos,target,966
Set 1,Pos,target,980
Set 1,Pos,target,992
Set 1,Pos,target,872
Set 1,Pos,target,581
Set 1,Pos,target,994
Set 1,Pos,target,995
Set 1,Pos,target,744
Set 1,Pos,target,782
Set 1,Pos,target,261
Set 1,Pos,target,843
Set 1,Pos,target,832
Set 1,Pos,target,692
Set 1,Pos,target,757
Set 1,Pos,target,737
Set 1,Pos,target,831
Set 1,Pos,target,990
Set 1,Pos,target,14
Set 1,Pos,target,848
Set 1,Pos,target,990
Set 1,Pos,target,795
Set 1,Pos,target,994
Set 1,Pos,target,997
Set 1,Pos,target,989
Set 1,Pos,target,995
Set 1,Pos,target,993
Set 1,Pos,target,987
Set 1,Pos,target,947
Set 1,Pos,target,645
Set 1,Pos,target,799
Set 1,Pos,target,996
Set 1,Pos,target,971
Set 1,Pos,target,996
Set 1,Pos,target,709
Set 1,Pos,target,453
Set 1,Pos,target,143
Set 1,Pos,target,775
Set 1,Pos,target,860
Set 1,Pos,target,379
Set 1,Pos,target,599
Set 1,Pos,target,623
Set 1,Pos,target,989
Set 1,Pos,target,5
Set 1,Pos,target,997
Set 1,Pos,target,995
Set 1,Pos,target,772
Set 1,Pos,target,738
Set 1,Pos,target,990
Set 1,Pos,target,996
Set 1,Pos,target,947
Set 1,Pos,target,928
Set 1,Pos,target,574
Set 1,Pos,target,953
Set 1,Pos,target,984
Set 1,Pos,target,994
Set 1,Pos,target,725
Set 1,Pos,target,995
Set 1,Pos,target,990
Set 1,Pos,target,186
Set 1,Pos,target,420
Set 1,Pos,target,608
Set 1,Pos,target,404
Set 1,Pos,target,625
Set 1,Pos,target,985
Set 1,Pos,target,2
Set 1,Pos,target,875
Set 1,Pos,target,93
Set 1,Pos,target,996
Set 1,Pos,target,997
Set 1,Pos,target,993
Set 1,Pos,target,699
Set 1,Pos,target,928
Set 1,Pos,target,961
Set 1,Pos,target,871
Set 1,Pos,target,953
Set 1,Pos,target,795
Set 1,Pos,target,994
Set 1,Pos,target,994
Set 1,Pos,target,552
Set 1,Pos,target,603
Set 1,Pos,target,32
Set 1,Pos,target,795
Set 1,Pos,target,953
Set 1,Pos,target,477
Set 1,Pos,target,956
Set 1,Pos,target,985
Set 1,Pos,target,2
Set 1,Pos,target,698
Set 1,Pos,target,996
Set 1,Pos,target,967
Set 1,Pos,target,980
Set 1,Pos,target,774
Set 1,Pos,target,935
Set 1,Pos,target,790
Set 1,Pos,target,83
Set 1,Pos,target,887
Set 1,Pos,target,683
Set 1,Pos,target,988
Set 1,Pos,target,966
Set 1,Pos,target,152
Set 1,Pos,target,992
Set 1,Pos,target,548
Set 1,Pos,target,606
Set 1,Pos,target,874
Set 1,Pos,target,684
Set 1,Pos,target,464
Set 1,Pos,target,231
Set 1,Pos,target,996
Set 1,Pos,target,981
Set 1,Pos,target,844
Set 1,Pos,target,994
Set 1,Pos,target,979
Set 1,Pos,target,989
Set 1,Pos,target,927
Set 1,Pos,target,963
Set 1,Pos,target,636
Set 1,Pos,target,990
Set 1,Pos,target,795
Set 1,Pos,target,973
Set 1,Pos,target,995
Set 1,Pos,target,985
Set 1,Pos,target,355
Set 1,Pos,target,978
Set 1,Pos,target,170
Set 1,Pos,target,3
Set 1,Pos,target,993
Set 1,Pos,target,995
Set 1,Pos,target,776
Set 1,Pos,target,685
Set 1,Pos,target,991
Set 1,Pos,target,984
Set 1,Pos,target,966
Set 1,Pos,target,938
Set 1,Pos,target,84
Set 1,Pos,target,989
Set 1,Pos,target,182
Set 1,Pos,target,948
Set 1,Pos,target,352
Set 1,Pos,target,885
Set 1,Pos,target,995
Set 1,Pos,target,218
Set 1,Pos,target,307
Set 1,Pos,target,979
Set 1,Pos,target,108
Set 1,Pos,target,996
Set 1,Pos,target,807
Set 1,Pos,target,987
Set 1,Pos,target,741
Set 1,Pos,target,956
Set 1,Pos,target,990
Set 1,Pos,target,988
Set 1,Pos,target,32
Set 1,Pos,target,990
Set 1,Pos,target,990
Set 1,Pos,target,966
Set 1,Pos,target,843
Set 1,Pos,target,638
Set 1,Pos,target,150
Set 1,Pos,target,993
Set 1,Pos,target,178
Set 1,Pos,target,269
Set 1,Pos,target,969
Set 1,Pos,target,432
Set 1,Pos,target,4
Set 1,Pos,target,991
Set 1,Pos,target,983
Set 1,Pos,target,980
Set 1,Pos,target,154
Set 1,Pos,target,224
Set 1,Pos,target,983
Set 1,Pos,target,436
Set 1,Pos,target,993
Set 1,Pos,target,925
Set 1,Pos,target,986
Set 1,Pos,target,975
Set 1,Pos,target,826
Set 1,Pos,target,801
Set 1,Pos,target,995
Set 1,Pos,target,15
Set 1,Pos,target,975
Set 1,Pos,target,258
Set 1,Pos,target,986
Set 1,Pos,target,227
Set 1,Pos,target,1
Set 1,Pos,target,996
Set 1,Pos,decoy,2
Set 1,Pos,target,994
Set 1,Pos,target,776
Set 1,Pos,target,993
Set 1,Pos,target,999
Set 1,Pos,target,995
Set 1,Pos,target,983
Set 1,Pos,target,552
Set 1,Pos,target,996
Set 1,Pos,target,165
Set 1,Pos,target,990
Set 1,Pos,target,995
Set 1,Pos,target,29
Set 1,Pos,target,990
Set 1,Pos,target,994
Set 1,Pos,target,187
Set 1,Pos,target,996
Set 1,Pos,target,996
Set 1,Pos,target,994
Set 1,Pos,target,998
Set 1,Pos,target,996
Set 1,Pos,target,991
Set 1,Pos,target,980
Set 1,Pos,target,584
Set 1,Pos,target,980
Set 1,Pos,target,989
Set 1,Pos,target,965
Set 1,Pos,target,222
Set 1,Pos,target,488
Set 1,Pos,target,854
Set 1,Pos,target,396
Set 1,Pos,target,788
Set 1,Pos,target,529
Set 1,Pos,target,421
Set 1,Pos,target,822
Set 1,Pos,target,641
Set 1,Pos,target,336
Set 1,Pos,target,847
Set 1,Pos,target,956
Set 1,Pos,target,682
Set 1,Pos,target,832
Set 1,Pos,target,679
Set 1,Pos,target,923
Set 1,Pos,target,995
Set 1,Pos,target,57
Set 1,Pos,target,426
Set 1,Pos,target,999
Set 1,Pos,target,996
Set 1,Pos,target,994
Set 1,Pos,target,908
Set 1,Pos,target,453
Set 1,Pos,target,436
Set 1,Pos,target,996
Set 1,Pos,target,983
Set 1,Pos,target,960
Set 1,Pos,target,79
Set 1,Pos,target,2
Set 1,Pos,target,988
Set 1,Pos,target,982
Set 1,Pos,target,365
Set 1,Pos,target,548
Set 1,Pos,target,948
Set 1,Pos,target,973
Set 1,Pos,target,840
Set 1,Pos,target,857
Set 1,Pos,target,465
Set 1,Pos,target,769
Set 1,Pos,target,626
Set 1,Pos,target,993
Set 1,Pos,target,991
Set 1,Pos,target,999
Set 1,Pos,target,985
Set 1,Pos,target,927
Set 1,Pos,target,508
Set 1,Pos,target,839
Set 1,Pos,target,770
Set 1,Pos,target,547
Set 1,Pos,target,748
Set 1,Pos,target,84
Set 1,Pos,target,841
Set 1,Pos,target,943
Set 1,Pos,target,635
Set 1,Pos,target,616
Set 1,Pos,target,493
Set 1,Pos,target,440
Set 1,Pos,target,2
Set 1,Pos,target,703
Set 1,Pos,target,179
Set 1,Pos,target,478
Set 1,Pos,target,64
Set 1,Pos,target,49
Set 1,Pos,target,89
Set 1,Pos,target,93
Set 1,Pos,target,104
Set 1,Pos,target,305
Set 1,Pos,target,589
Set 1,Pos,target,476
Set 1,Pos,target,639
Set 1,Pos,target,248
Set 1,Pos,target,769
Set 1,Pos,target,981
Set 1,Pos,target,126
Set 1,Pos,target,728
Set 1,Pos,target,297
Set 1,Pos,target,997
Set 1,Pos,target,591
Set 1,Pos,target,787
Set 1,Pos,target,924
Set 1,Pos,target,981
Set 1,Pos,target,961
Set 1,Pos,target,642
Set 1,Pos,target,150
Set 1,Pos,target,983
Set 1,Pos,target,957
Set 1,Pos,target,665
Set 1,Pos,target,947
Set 1,Pos,target,932
Set 1,Pos,target,968
Set 1,Pos,decoy,3
Set 1,Pos,target,23
Set 1,Pos,target,306
Set 1,Pos,target,649
Set 1,Pos,target,988
Set 1,Pos,target,965
Set 1,Pos,target,942
Set 1,Pos,target,864
Set 1,Pos,target,133
Set 1,Pos,target,991
Set 1,Pos,target,855
Set 1,Pos,target,981
Set 1,Pos,target,817
Set 1,Pos,target,999
Set 1,Pos,target,828
Set 1,Pos,target,48
Set 1,Pos,target,958
Set 1,Pos,target,70
Set 1,Pos,target,102
Set 1,Pos,target,948
Set 1,Pos,target,905
Set 1,Pos,target,903
Set 1,Pos,target,953
Set 1,Pos,target,944
Set 1,Pos,target,3
Set 1,Pos,decoy,7
Set 1,Pos,target,213
Set 1,Pos,target,841
Set 1,Pos,target,999
Set 1,Pos,target,826
Set 1,Pos,target,747
Set 1,Pos,target,13
Set 1,Pos,decoy,6
Set 1,Pos,target,13
Set 1,Pos,target,4
Set 1,Pos,target,670
Set 1,Pos,target,966
Set 1,Pos,target,953
Set 1,Pos,target,944
Set 1,Pos,target,921
Set 1,Pos,target,20
Set 1,Pos,target,993
Set 1,Pos,target,926
Set 1,Pos,target,976
Set 1,Pos,target,76
Set 1,Pos,target,980
Set 1,Pos,target,826
Set 1,Pos,target,994
Set 1,Pos,target,953
Set 1,Pos,target,872
Set 1,Pos,target,13
Set 1,Pos,target,984
Set 1,Pos,decoy,44
Set 1,Pos,target,993
Set 1,Pos,target,54
Set 1,Pos,target,656
Set 1,Pos,target,276
Set 1,Pos,decoy,82
Set 1,Pos,target,975
Set 1,Pos,target,920
Set 1,Pos,target,992
Set 1,Pos,target,997
Set 1,Pos,decoy,3
Set 1,Pos,target,947
Set 1,Pos,decoy,48
Set 1,Pos,target,901
Set 1,Pos,target,992
Set 1,Pos,target,936
Set 1,Pos,target,995
Set 1,Pos,target,994
Set 1,Pos,target,964
Set 1,Pos,target,854
Set 1,Pos,target,995
Set 1,Pos,target,807
Set 1,Pos,target,999
Set 1,Pos,target,995
Set 1,Pos,target,985
Set 1,Pos,target,991
Set 1,Pos,target,99
Set 1,Pos,target,958
Set 1,Pos,target,986
Set 1,Pos,target,994
Set 1,Pos,target,986
Set 1,Pos,target,113
Set 1,Pos,target,941
Set 1,Pos,target,678
Set 1,Pos,target,953
Set 1,Pos,target,990
Set 1,Pos,target,996
Set 1,Pos,target,996
Set 1,Pos,target,996
Set 1,Pos,target,995
Set 1,Pos,target,995
Set 1,Pos,target,905
Set 1,Pos,target,943
Set 1,Pos,target,913
Set 1,Pos,target,705
Set 1,Pos,target,1000
Set 1,Pos,target,996
Set 1,Pos,target,983
Set 1,Pos,target,992
Set 1,Pos,target,999
Set 1,Pos,target,989
Set 1,Pos,target,993
Set 1,Pos,target,996
Set 1,Pos,target,842
Set 1,Pos,target,996
Set 1,Pos,target,996
Set 1,Pos,target,937
Set 1,Pos,target,956
Set 1,Pos,target,110
Set 1,Pos,target,994
Set 1,Pos,target,222
Set 1,Pos,target,986
Set 1,Pos,target,996
Set 1,Pos,target,963
Set 1,Pos,target,999
Set 1,Pos,target,996
Set 1,Pos,target,996
Set 1,Pos,target,1
Set 1,Pos,target,887
Set 1,Pos,target,1000
Set 1,Pos,target,949
Set 1,Pos,target,996
Set 1,Pos,target,1
Set 1,Pos,target,990
Set 1,Pos,target,999
Set 1,Pos,target,996
Set 1,Pos,target,993
Set 1,Pos,target,995
Set 1,Pos,target,999
Set 1,Pos,target,996
Set 1,Pos,target,441
Set 1,Pos,target,1000
Set 1,Pos,target,748
Set 1,Pos,target,965
Set 1,Pos,target,996
Set 1,Pos,target,967
Set 1,Pos,target,995
Set 1,Pos,target,998
Set 1,Pos,target,996
Set 1,Pos,target,958
Set 1,Pos,target,982
Set 1,Pos,target,996
Set 1,Pos,target,996
Set 1,Pos,target,1000
Set 1,Pos,target,999
Set 1,Pos,target,996
Set 1,Pos,target,959
Set 1,Pos,target,251
Set 1,Pos,target,949
Set 1,Pos,target,999
Set 1,Pos,target,1000
Set 1,Pos,target,996
Set 1,Pos,target,996
Set 1,Pos,target,975
Set 1,Pos,target,996
Set 1,Pos,target,982
Set 1,Pos,target,996
Set 1,Pos,target,996
Set 1,Pos,target,922
Set 1,Pos,target,983
Set 1,Pos,target,996
Set 1,Pos,target,962
Set 1,Pos,target,899
Set 1,Pos,target,999
Set 1,Pos,target,989
Set 1,Pos,target,994
Set 1,Pos,target,996
Set 1,Pos,target,969
Set 1,Pos,target,996
Set 1,Pos,target,996
Set 1,Pos,target,212
Set 1,Pos,target,994
Set 1,Pos,target,652
Set 1,Pos,target,979
Set 1,Pos,target,999
Set 1,Pos,target,321
Set 1,Pos,target,713
Set 1,Pos,target,999
Set 1,Pos,target,996
Set 1,Pos,target,998
Set 1,Pos,target,995
Set 1,Pos,target,985
Set 1,Pos,target,929
Set 1,Pos,target,949
Set 1,Pos,target,1000
Set 1,Pos,target,986
Set 1,Pos,target,996
Set 1,Pos,target,996
Set 1,Pos,target,988
Set 1,Pos,target,999
Set 1,Pos,target,996
Set 1,Pos,target,975
Set 1,Pos,target,965
Set 1,Pos,target,980
Set 1,Pos,target,996
Set 1,Pos,target,1000
Set 1,Pos,target,996
Set 1,Pos,target,818
Set 1,Pos,target,999
Set 1,Pos,target,900
Set 1,Pos,target,1000
Set 1,Pos,target,997
Set 1,Pos,target,999
Set 1,Pos,target,825
Set 1,Pos,target,1000
Set 1,Pos,target,871
Set 1,Pos,target,1000
Set 1,Pos,target,1000
Set 1,Pos,target,1000
Set 1,Pos,target,999
Set 1,Pos,target,996
Set 1,Pos,target,546
Set 1,Pos,target,996
Set 1,Pos,target,996
Set 1,Pos,target,989
Set 1,Pos,target,808
Set 1,Pos,target,996
Set 1,Pos,target,996
Set 1,Pos,target,708
Set 1,Pos,target,992
Set 1,Pos,target,995
Set 1,Pos,target,2
Set 1,Pos,target,996
Set 1,Pos,target,996
Set 1,Pos,target,939
Set 1,Pos,target,897
Set 1,Pos,target,3
Set 1,Pos,target,23
Set 1,Pos,target,999
Set 1,Pos,target,996
Set 1,Pos,target,996
Set 1,Pos,target,887
Set 1,Pos,target,996
Set 1,Pos,target,996
Set 1,Pos,target,860
Set 1,Pos,target,996
Set 1,Pos,target,1000
Set 1,Pos,target,1000
Set 1,Pos,target,996
Set 1,Pos,target,996
Set 1,Pos,target,928
Set 1,Pos,target,999
Set 1,Pos,target,1000
Set 1,Pos,target,910
Set 1,Pos,target,624
Set 1,Pos,target,996
Set 1,Pos,target,1000
Set 1,Pos,target,994
Set 1,Pos,target,996
Set 1,Pos,target,935
Set 1,Pos,target,990
Set 1,Pos,target,994
Set 1,Pos,target,651
Set 1,Pos,target,157
Set 1,Pos,target,996
Set 1,Pos,target,996
Set 1,Pos,target,999
Set 1,Pos,target,973
Set 1,Pos,target,992
Set 1,Pos,target,995
Set 1,Pos,target,991
Set 1,Pos,target,888
Set 1,Pos,target,996
Set 1,Pos,target,996
Set 1,Pos,target,591
Set 1,Pos,target,654
Set 1,Pos,target,996
Set 1,Pos,target,995
Set 1,Pos,target,30
Set 1,Pos,target,302
Set 1,Pos,target,987
Set 1,Pos,target,997
Set 1,Pos,target,992
Set 1,Pos,target,996
Set 1,Pos,target,3
Set 1,Pos,target,877
Set 1,Pos,target,1000
Set 1,Pos,target,992
Set 1,Pos,target,991
Set 1,Pos,target,889
Set 1,Pos,target,996
Set 1,Pos,target,981
Set 1,Pos,target,996
Set 1,Pos,target,1000
Set 1,Pos,target,1000
Set 1,Pos,target,372
Set 1,Pos,target,996
Set 1,Pos,target,1000
Set 1,Pos,target,993
Set 1,Pos,target,1000
Set 1,Pos,target,13
Set 1,Pos,target,923
Set 1,Pos,target,821
Set 1,Pos,target,920
Set 1,Pos,target,991
Set 1,Pos,target,9
Set 1,Pos,target,995
Set 1,Pos,target,999
Set 1,Pos,target,1000
Set 1,Pos,target,995
Set 1,Pos,target,996
Set 1,Pos,target,996
Set 1,Pos,target,999
Set 1,Pos,target,1000
Set 1,Pos,target,1000
Set 1,Pos,target,993
Set 1,Pos,target,1000
Set 1,Pos,target,450
Set 1,Pos,target,1000
Set 1,Pos,target,999
Set 1,Pos,target,905
Set 1,Pos,target,831
Set 1,Pos,target,996
Set 1,Pos,target,953
Set 1,Pos,target,978
Set 1,Pos,target,789
Set 1,Pos,target,570
Set 1,Pos,target,999
Set 1,Pos,target,959
Set 1,Pos,target,966
Set 1,Pos,target,999
Set 1,Pos,target,995
Set 1,Pos,target,21
Set 1,Pos,target,893
Set 1,Pos,target,844
Set 1,Pos,target,996
Set 1,Pos,target,266
Set 1,Pos,target,1000
Set 1,Pos,target,988
Set 1,Pos,target,269
Set 1,Pos,target,995
Set 1,Pos,target,302
Set 1,Pos,target,996
Set 1,Pos,target,982
Set 1,Pos,target,996
Set 1,Pos,target,87
Set 1,Pos,target,996
Set 1,Pos,target,995
Set 1,Pos,target,845
Set 1,Pos,target,999
Set 1,Pos,target,821
Set 1,Pos,target,898
Set 1,Pos,target,889
Set 1,Pos,target,996
Set 1,Pos,target,955
Set 1,Pos,target,996
Set 1,Pos,target,4
Set 1,Pos,target,934
Set 1,Pos,target,999
Set 1,Pos,target,996
Set 1,Pos,target,999
Set 1,Pos,target,143
Set 1,Pos,target,1000
Set 1,Pos,target,836
Set 1,Pos,target,523
Set 1,Pos,target,1000
Set 1,Pos,target,1000
Set 1,Pos,target,995
Set 1,Pos,target,997
Set 1,Pos,target,622
Set 1,Pos,target,837
Set 1,Pos,target,620
Set 1,Pos,target,191
Set 1,Pos,target,999
Set 1,Pos,target,987
Set 1,Pos,target,704
Set 1,Pos,target,792
Set 1,Pos,target,1000
Set 1,Pos,target,878
Set 1,Pos,target,999
Set 1,Pos,target,993
Set 1,Pos,target,621
Set 1,Pos,target,750
Set 1,Pos,target,995
Set 1,Pos,target,998
Set 1,Pos,target,581
Set 1,Pos,target,716
Set 1,Pos,target,996
Set 1,Pos,target,1000
Set 1,Pos,target,827
Set 1,Pos,target,996
Set 1,Pos,target,931
Set 1,Pos,target,996
Set 1,Pos,target,514
Set 1,Pos,target,316
Set 1,Pos,target,5
Set 1,Pos,target,833
Set 1,Pos,target,31
Set 1,Pos,target,615
Set 1,Pos,target,991
Set 1,Pos,target,499
Set 1,Pos,target,625
Set 1,Pos,target,439
Set 1,Pos,target,638
Set 1,Pos,target,996
Set 1,Pos,target,868
Set 1,Pos,target,76
Set 1,Pos,target,996
Set 1,Pos,target,690
Set 1,Pos,target,15
Set 1,Pos,target,848
Set 1,Pos,target,106
Set 1,Pos,target,182
Set 1,Pos,target,824
Set 1,Pos,target,100
Set 1,Pos,target,246
Set 1,Pos,target,860
Set 1,Pos,target,6
Set 1,Pos,target,223
Set 1,Pos,target,996
Set 1,Pos,target,961
Set 1,Pos,target,531
Set 1,Pos,target,335
Set 1,Pos,target,929
Set 1,Pos,target,985
Set 1,Pos,target,995
Set 1,Pos,target,435
Set 1,Pos,target,653
Set 1,Pos,target,752
Set 1,Pos,target,556
Set 1,Pos,target,852
Set 1,Pos,target,997
Set 1,Pos,target,875
Set 1,Pos,target,863
Set 1,Pos,target,999
Set 1,Pos,target,865
Set 1,Pos,target,882
Set 1,Pos,target,66
Set 1,Pos,target,785
Set 1,Pos,target,39
Set 1,Pos,target,945
Set 1,Pos,target,996
Set 1,Pos,target,5
Set 1,Pos,target,373
Set 1,Pos,target,895
Set 1,Pos,target,796
Set 1,Pos,target,996
Set 1,Pos,target,629
Set 1,Pos,target,996
Set 1,Pos,target,646
Set 1,Pos,target,996
Set 1,Pos,target,999
Set 1,Pos,target,995
Set 1,Pos,target,761
Set 1,Pos,target,905
Set 1,Pos,target,989
Set 1,Pos,target,899
Set 1,Pos,target,996
Set 1,Pos,target,591
Set 1,Pos,target,625
Set 1,Pos,target,581
Set 1,Pos,target,990
Set 1,Pos,target,996
Set 1,Pos,target,470
Set 1,Pos,target,102
Set 1,Pos,target,363
Set 1,Pos,target,231
Set 1,Pos,target,680
Set 1,Pos,target,942
Set 1,Pos,target,923
Set 1,Pos,target,606
Set 1,Pos,target,783
Set 1,Pos,target,813
Set 1,Pos,target,997
Set 1,Pos,target,942
Set 1,Pos,target,24
Set 1,Pos,target,989
Set 1,Pos,target,989
Set 1,Pos,target,916
Set 1,Pos,target,34
Set 1,Pos,target,613
Set 1,Pos,target,996
Set 1,Pos,target,667
Set 1,Pos,target,999
Set 1,Pos,target,113
Set 1,Pos,target,449
Set 1,Pos,target,857
Set 1,Pos,target,984
Set 1,Pos,target,576
Set 1,Pos,target,823
Set 1,Pos,target,808
Set 1,Pos,target,532
Set 1,Pos,target,996
Set 1,Pos,decoy,159
Set 1,Pos,target,996
Set 1,Pos,target,533
Set 1,Pos,target,449
Set 1,Pos,decoy,198
Set 1,Pos,target,996
Set 1,Pos,target,797
Set 1,Pos,target,996
Set 1,Pos,target,874
Set 1,Pos,target,614
Set 1,Pos,target,859
Set 1,Pos,target,540
Set 1,Pos,target,959
Set 1,Pos,target,866
Set 1,Pos,target,537
Set 1,Pos,target,430
Set 1,Pos,target,470
Set 1,Pos,target,617
Set 1,Pos,target,826
Set 1,Pos,decoy,83
Set 1,Pos,target,981
Set 1,Pos,target,994
Set 1,Pos,target,652
Set 1,Pos,target,582
Set 1,Pos,target,985
Set 1,Pos,target,926
Set 1,Pos,target,330
Set 1,Pos,target,842
Set 1,Pos,target,986
Set 1,Pos,target,901
Set 1,Pos,target,999
Set 1,Pos,target,18
Set 1,Pos,target,996
Set 1,Pos,target,988
Set 1,Pos,target,957
Set 1,Pos,target,926
Set 1,Pos,target,35
Set 1,Pos,target,986
Set 1,Pos,target,555
Set 1,Pos,target,737
Set 1,Pos,target,783
Set 1,Pos,target,692
Set 1,Pos,target,246
Set 1,Pos,target,993
Set 1,Pos,target,790
Set 1,Pos,target,910
Set 1,Pos,target,995
Set 1,Pos,target,315
Set 1,Pos,target,594
Set 1,Pos,target,623
Set 1,Pos,target,990
Set 1,Pos,target,179
Set 1,Pos,decoy,83
Set 1,Pos,target,634
Set 1,Pos,target,988
Set 1,Pos,target,645
Set 1,Pos,decoy,785
Set 1,Pos,target,97
Set 1,Pos,target,556
Set 1,Pos,target,996
Set 1,Pos,target,881
Set 1,Pos,target,875
Set 1,Pos,target,8
Set 1,Pos,target,992
Set 1,Pos,target,982
Set 1,Pos,target,333
Set 1,Pos,target,971
Set 1,Pos,target,869
Set 1,Pos,target,681
Set 1,Pos,target,990
Set 1,Pos,target,613
Set 1,Pos,target,893
Set 1,Pos,target,998
Set 1,Pos,target,725
Set 1,Pos,target,563
Set 1,Pos,target,977
Set 1,Pos,target,996
Set 1,Pos,target,879
Set 1,Pos,target,996
Set 1,Pos,target,214
Set 1,Pos,target,657
Set 1,Pos,target,844
Set 1,Pos,target,300
Set 1,Pos,target,998
Set 1,Pos,target,736
Set 1,Pos,target,998
Set 1,Pos,target,993
Set 1,Pos,target,976
Set 1,Pos,target,940
Set 1,Pos,target,933
Set 1,Pos,target,372
Set 1,Pos,target,814
Set 1,Pos,target,987
Set 1,Pos,target,986
Set 1,Pos,target,849
Set 1,Pos,target,994
Set 1,Pos,target,890
Set 1,Pos,target,154
Set 1,Pos,target,175
Set 1,Pos,target,844
Set 1,Pos,target,827
Set 1,Pos,target,164
Set 1,Pos,target,991
Set 1,Pos,target,997
Set 1,Pos,decoy,71
Set 1,Pos,target,963
Set 1,Pos,target,288
Set 1,Pos,target,990
Set 1,Pos,target,995
Set 1,Pos,target,994
Set 1,Pos,target,854
Set 1,Pos,target,160
Set 1,Pos,target,537
Set 1,Pos,target,998
Set 1,Pos,target,902
Set 1,Pos,target,992
Set 1,Pos,target,986
Set 1,Pos,target,154
Set 1,Pos,target,975
Set 1,Pos,target,476
Set 1,Pos,target,994
Set 1,Pos,target,990
Set 1,Pos,target,754
Set 1,Pos,target,223
Set 1,Pos,target,134
Set 1,Pos,target,667
Set 1,Pos,target,756
Set 1,Pos,target,973
Set 1,Pos,target,172
Set 1,Pos,target,985
Set 1,Pos,target,984
Set 1,Pos,target,996
Set 1,Pos,target,887
Set 1,Pos,target,994
Set 1,Pos,target,248
Set 1,Pos,target,987
Set 1,Pos,target,996
Set 1,Pos,target,985
Set 1,Pos,target,260
Set 1,Pos,target,963
Set 1,Pos,target,214
Set 1,Pos,target,984
Set 1,Pos,target,252
Set 1,Pos,target,994
Set 1,Pos,target,722
Set 1,Pos,target,155
Set 1,Pos,target,155
Set 1,Pos,target,2
Set 1,Pos,target,989
Set 1,Pos,target,860
Set 1,Pos,target,199
Set 1,Pos,target,988
Set 1,Pos,target,980
Set 1,Pos,target,93
Set 1,Pos,target,987
Set 1,Pos,target,357
Set 1,Pos,target,927
Set 1,Pos,target,995
Set 1,Pos,target,985
Set 1,Pos,target,947
Set 1,Pos,target,962
Set 1,Pos,target,61
Set 1,Pos,target,218
Set 1,Pos,target,91
Set 1,Pos,target,62
Set 1,Pos,target,992
Set 1,Pos,target,721
Set 1,Pos,target,696
Set 1,Pos,target,527
Set 1,Pos,target,136
Set 1,Pos,target,983
Set 1,Pos,target,528
Set 1,Pos,target,973
Set 1,Pos,target,111
Set 1,Pos,target,983
Set 1,Pos,target,945
Set 1,Pos,target,992
Set 1,Pos,target,122
Set 1,Pos,target,974
Set 1,Pos,target,892
Set 1,Pos,target,848
Set 1,Pos,target,965
Set 1,Pos,target,143
Set 1,Pos,target,982
Set 1,Pos,target,603
Set 1,Pos,target,994
Set 1,Pos,target,724
Set 1,Pos,target,684
Set 1,Pos,target,182
Set 1,Pos,target,971
Set 1,Pos,target,772
Set 1,Pos,target,675
Set 1,Pos,target,978
Set 1,Pos,target,991
Set 1,Pos,target,961
Set 1,Pos,target,174
Set 1,Pos,target,948
Set 1,Pos,target,967
Set 1,Pos,target,991
Set 1,Pos,target,961
Set 1,Pos,target,955
Set 1,Pos,target,991
Set 1,Pos,target,161
Set 1,Pos,target,969
Set 1,Pos,target,249
Set 1,Pos,target,215
Set 1,Pos,target,988
Set 1,Pos,target,816
Set 1,Pos,target,741
Set 1,Pos,target,770
Set 1,Pos,target,831
Set 1,Pos,target,92
Set 1,Pos,target,980
Set 1,Pos,target,991
Set 1,Pos,target,979
Set 1,Pos,target,939
Set 1,Pos,target,990
Set 1,Pos,target,860
Set 1,Pos,target,182
Set 1,Pos,target,982
Set 1,Pos,target,820
Set 1,Pos,target,699
Set 1,Pos,target,1
Set 1,Pos,target,694
Set 1,Pos,target,731
Set 1,Pos,target,925
Set 1,Pos,target,970
Set 1,Pos,target,991
Set 1,Pos,target,969
Set 1,Pos,target,931
Set 1,Pos,target,989
Set 1,Pos,target,147
Set 1,Pos,target,940
Set 1,Pos,target,185
Set 1,Pos,target,773
Set 1,Pos,target,980
Set 1,Pos,target,23
Set 1,Pos,target,745
Set 1,Pos,target,686
Set 1,Pos,target,208
Set 1,Pos,target,993
Set 1,Pos,target,975
Set 1,Pos,target,969
Set 1,Pos,target,987
Set 1,Pos,target,58
Set 1,Pos,target,986
Set 1,Pos,target,722
Set 1,Pos,target,975
Set 1,Pos,target,864
Set 1,Pos,target,942
Set 1,Pos,target,737
Set 1,Pos,target,967
Set 1,Pos,target,232
Set 1,Pos,target,55
Set 1,Pos,target,853
Set 1,Pos,target,992
Set 1,Pos,target,980
Set 1,Pos,target,105
Set 1,Pos,target,992
Set 1,Pos,target,992
Set 1,Pos,target,987
Set 1,Pos,target,994
Set 1,Pos,target,558
Set 1,Pos,target,2
Set 1,Pos,target,841
Set 1,Pos,target,960
Set 1,Pos,target,983
Set 1,Pos,target,965
Set 1,Pos,target,995
Set 1,Pos,target,891
Set 1,Pos,decoy,198
Set 1,Pos,target,993
Set 1,Pos,target,961
Set 1,Pos,target,989
Set 1,Pos,target,988
Set 1,Pos,target,991
Set 1,Pos,target,121
Set 1,Pos,target,3
Set 1,Pos,target,673
Set 1,Pos,target,980
Set 1,Pos,target,995
Set 1,Pos,target,994
Set 1,Pos,target,996
Set 1,Pos,target,986
Set 1,Pos,target,978
Set 1,Pos,target,970
Set 1,Pos,target,267
Set 1,Pos,target,976
Set 1,Pos,target,996
Set 1,Pos,target,1000
Set 1,Pos,target,989
Set 1,Pos,target,994
Set 1,Pos,target,997
Set 1,Pos,target,988
Set 1,Pos,target,469
Set 1,Pos,target,991
Set 1,Pos,target,995
Set 1,Pos,target,994
Set 1,Pos,target,257
Set 1,Pos,target,17
Set 1,Pos,target,491
Set 1,Pos,target,239
Set 1,Pos,target,433
Set 1,Pos,target,981
Set 1,Pos,target,54
Set 1,Pos,target,337
Set 1,Pos,target,825
Set 1,Pos,target,565
Set 1,Pos,target,935
Set 1,Pos,target,728
Set 1,Pos,target,795
Set 1,Pos,target,530
Set 1,Pos,target,922
Set 1,Pos,target,856
Set 1,Pos,target,974
Set 1,Pos,target,789
Set 1,Pos,target,994
Set 1,Pos,target,999
Set 1,Pos,target,999
Set 1,Pos,target,995
Set 1,Pos,target,77
Set 1,Pos,target,994
Set 1,Pos,target,944
Set 1,Pos,target,818
Set 1,Pos,target,222
Set 1,Pos,target,991
Set 1,Pos,target,579
Set 1,Pos,target,691
Set 1,Pos,target,933
Set 1,Pos,target,432
Set 1,Pos,target,292
Set 1,Pos,target,992
Set 1,Pos,target,270
Set 1,Pos,target,946
Set 1,Pos,target,164
Set 1,Pos,target,28
Set 1,Pos,target,588
Set 1,Pos,target,919
Set 1,Pos,target,936
Set 1,Pos,target,515
Set 1,Pos,target,915
Set 1,Pos,target,77
Set 1,Pos,target,993
Set 1,Pos,target,998
Set 1,Pos,target,976
Set 1,Pos,target,978
Set 1,Pos,target,978
Set 1,Pos,target,72
Set 1,Pos,target,953
Set 1,Pos,target,864
Set 1,Pos,target,822
Set 1,Pos,target,240
Set 1,Pos,target,356
Set 1,Pos,target,82
Set 1,Pos,target,764
Set 1,Pos,target,139
Set 1,Pos,target,943
Set 1,Pos,target,429
Set 1,Pos,target,647
Set 1,Pos,target,599
Set 1,Pos,target,827
Set 1,Pos,target,694
Set 1,Pos,target,393
Set 1,Pos,target,697
Set 1,Pos,target,193
Set 1,Pos,target,113
Set 1,Pos,decoy,81
Set 1,Pos,target,588
Set 1,Pos,decoy,71
Set 1,Pos,target,211
Set 1,Pos,target,177
Set 1,Pos,target,238
Set 1,Pos,target,344
Set 1,Pos,target,393
Set 1,Pos,target,196
Set 1,Pos,target,469
Set 1,Pos,target,838
Set 1,Pos,target,895
Set 1,Pos,target,798
Set 1,Pos,target,414
Set 1,Pos,target,994
Set 1,Pos,target,897
Set 1,Pos,target,678
Set 1,Pos,target,558
Set 1,Pos,target,981
Set 1,Pos,target,733
Set 1,Pos,target,976
Set 1,Pos,target,967
Set 1,Pos,target,899
Set 1,Pos,target,776
Set 1,Pos,target,578
Set 1,Pos,target,919
Set 1,Pos,target,975
Set 1,Pos,target,465
Set 1,Pos,target,986
Set 1,Pos,target,599
Set 1,Pos,target,982
Set 1,Pos,target,661
Set 1,Pos,target,981
Set 1,Pos,target,887
Set 1,Pos,target,16
Set 1,Pos,target,947
Set 1,Pos,target,306
Set 1,Pos,target,405
Set 1,Pos,decoy,20
Set 1,Pos,target,862
Set 1,Pos,target,977
Set 1,Pos,target,839
Set 1,Pos,target,866
Set 1,Pos,target,601
Set 1,Pos,target,952
Set 1,Pos,target,992
Set 1,Pos,target,945
Set 1,Pos,target,961
Set 1,Pos,target,817
Set 1,Pos,target,999
Set 1,Pos,target,829
Set 1,Pos,target,975
Set 1,Pos,target,140
Set 1,Pos,target,2
Set 1,Pos,target,966
Set 1,Pos,target,25
Set 1,Pos,target,148
Set 1,Pos,target,907
Set 1,Pos,target,956
Set 1,Pos,target,910
Set 1,Pos,target,927
Set 1,Pos,target,933
Set 1,Pos,target,942
Set 1,Pos,target,987
Set 1,Pos,target,296
Set 1,Pos,target,939
Set 1,Pos,target,954
Set 1,Pos,target,817
Set 1,Pos,target,999
Set 1,Pos,target,929
Set 1,Pos,target,12
Set 1,Pos,target,4
Set 1,Pos,target,1
Set 1,Pos,target,836
Set 1,Pos,target,4
Set 1,Pos,target,967
Set 1,Pos,target,935
Set 1,Pos,target,7
Set 1,Pos,target,999
Set 1,Pos,target,994
Set 1,Pos,target,942
Set 1,Pos,target,979
Set 1,Pos,target,946
Set 1,Pos,target,979
Set 1,Pos,target,993
Set 1,Pos,target,22
Set 1,Pos,target,953
Set 1,Pos,target,989
Set 1,Pos,target,827
Set 1,Pos,target,941
Set 1,Pos,target,853
Set 1,Pos,target,15
Set 1,Pos,target,988
Set 1,Pos,decoy,35
Set 1,Pos,target,995
Set 1,Pos,target,985
Set 1,Pos,target,93
Set 1,Pos,target,994
Set 1,Pos,target,998
Set 1,Pos,target,906
Set 1,Pos,target,955
Set 1,Pos,target,976
Set 1,Pos,target,940
Set 1,Pos,target,807
Set 1,Pos,target,996
Set 1,Pos,decoy,36
Set 1,Pos,target,892
Set 1,Pos,target,991
Set 1,Pos,target,994
Set 1,Pos,target,994
Set 1,Pos,target,999
Set 1,Pos,target,856
Set 1,Pos,target,960
Set 1,Pos,target,994
Set 1,Pos,target,991
Set 1,Pos,target,919
Set 1,Pos,target,989
Set 1,Pos,target,996
Set 1,Pos,target,989
Set 1,Pos,target,1
Set 1,Pos,target,992
Set 1,Pos,target,97
Set 1,Pos,target,972
Set 1,Pos,target,988
Set 1,Pos,target,994
Set 1,Pos,target,992
Set 1,Pos,target,954
Set 1,Pos,target,989
Set 1,Pos,target,917
Set 1,Pos,target,962
Set 1,Pos,target,995
Set 1,Pos,target,996
Set 1,Pos,target,977
Set 1,Pos,target,985
Set 1,Pos,target,795
Set 1,Pos,target,996
Set 1,Pos,target,995
Set 1,Pos,target,995
Set 1,Pos,target,902
Set 1,Pos,target,996
Set 1,Pos,target,953
Set 1,Pos,target,946
Set 1,Pos,target,1000
Set 1,Pos,target,999
Set 1,Pos,target,986
Set 1,Pos,target,996
Set 1,Pos,target,995
Set 1,Pos,target,990
Set 1,Pos,target,999
Set 1,Pos,target,852
Set 1,Pos,target,996
Set 1,Pos,target,798
Set 1,Pos,target,988
Set 1,Pos,target,961
Set 1,Pos,target,996
Set 1,Pos,target,210
Set 1,Pos,target,984
Set 1,Pos,target,18
Set 1,Pos,target,355
Set 1,Pos,target,996
Set 1,Pos,target,999
Set 1,Pos,target,937
Set 1,Pos,target,996
Set 1,Pos,target,991
Set 1,Pos,target,998
Set 1,Pos,target,6
Set 1,Pos,target,996
Set 1,Pos,target,997
Set 1,Pos,target,996
Set 1,Pos,target,990
Set 1,Pos,target,1
Set 1,Pos,target,854
Set 1,Pos,target,996
Set 1,Pos,target,987
Set 1,Pos,target,749
Set 1,Pos,target,999
Set 1,Pos,target,996
Set 1,Pos,target,1000
Set 1,Pos,target,989
Set 1,Pos,target,999
Set 1,Pos,target,857
Set 1,Pos,target,993
Set 1,Pos,target,996
Set 1,Pos,target,999
Set 1,Pos,target,996
Set 1,Pos,target,844
Set 1,Pos,target,951
Set 1,Pos,target,1000
Set 1,Pos,target,996
Set 1,Pos,target,992
Set 1,Pos,target,996
Set 1,Pos,target,954
Set 1,Pos,target,982
Set 1,Pos,target,996
Set 1,Pos,target,927
Set 1,Pos,target,1000
Set 1,Pos,target,339
Set 1,Pos,target,706
Set 1,Pos,target,11
Set 1,Pos,target,999
Set 1,Pos,target,999
Set 1,Pos,target,996
Set 1,Pos,target,872
Set 1,Pos,target,999
Set 1,Pos,target,996
Set 1,Pos,target,989
Set 1,Pos,target,984
Set 1,Pos,target,835
Set 1,Pos,target,996
Set 1,Pos,target,992
Set 1,Pos,target,996
Set 1,Pos,target,996
Set 1,Pos,target,913
Set 1,Pos,target,993
Set 1,Pos,target,940
Set 1,Pos,target,999
Set 1,Pos,target,991
Set 1,Pos,target,992
Set 1,Pos,target,177
Set 1,Pos,target,986
Set 1,Pos,target,996
Set 1,Pos,target,996
Set 1,Pos,target,996
Set 1,Pos,target,994
Set 1,Pos,target,902
Set 1,Pos,target,996
Set 1,Pos,target,951
Set 1,Pos,target,996
Set 1,Pos,target,995
Set 1,Pos,target,1000
Set 1,Pos,target,982
Set 1,Pos,target,974
Set 1,Pos,target,996
Set 1,Pos,target,996
Set 1,Pos,target,996
Set 1,Pos,target,946
Set 1,Pos,target,999
Set 1,Pos,target,755
Set 1,Pos,target,871
Set 1,Pos,target,990
Set 1,Pos,target,906
Set 1,Pos,target,996
Set 1,Pos,target,839
Set 1,Pos,target,1000
Set 1,Pos,target,1000
Set 1,Pos,target,999
Set 1,Pos,target,1000
Set 1,Pos,target,531
Set 1,Pos,target,204
Set 1,Pos,target,1000
Set 1,Pos,target,920
Set 1,Pos,target,996
Set 1,Pos,target,932
Set 1,Pos,target,871
Set 1,Pos,target,996
Set 1,Pos,target,999
Set 1,Pos,target,585
Set 1,Pos,target,996
Set 1,Pos,target,990
Set 1,Pos,target,996
Set 1,Pos,target,995
Set 1,Pos,target,994
Set 1,Pos,target,996
Set 1,Pos,target,10
Set 1,Pos,target,999
Set 1,Pos,target,996
Set 1,Pos,target,996
Set 1,Pos,target,936
Set 1,Pos,target,904
Set 1,Pos,target,986
Set 1,Pos,target,20
Set 1,Pos,target,963
Set 1,Pos,target,999
Set 1,Pos,target,880
Set 1,Pos,target,398
Set 1,Pos,target,866
Set 1,Pos,target,896
Set 1,Pos,target,993
Set 1,Pos,target,1000
Set 1,Pos,target,1000
Set 1,Pos,target,996
Set 1,Pos,target,996
Set 1,Pos,target,995
Set 1,Pos,target,700
Set 1,Pos,target,991
Set 1,Pos,target,996
Set 1,Pos,target,996
Set 1,Pos,target,1000
Set 1,Pos,target,996
Set 1,Pos,target,995
Set 1,Pos,target,221
Set 1,Pos,target,965
Set 1,Pos,target,694
Set 1,Pos,target,685
Set 1,Pos,target,996
Set 1,Pos,target,819
Set 1,Pos,target,1000
Set 1,Pos,target,979
Set 1,Pos,target,995
Set 1,Pos,target,996
Set 1,Pos,target,910
Set 1,Pos,target,996
Set 1,Pos,target,565
Set 1,Pos,target,998
Set 1,Pos,target,996
Set 1,Pos,target,1000
Set 1,Pos,target,998
Set 1,Pos,target,164
Set 1,Pos,target,996
Set 1,Pos,target,1000
Set 1,Pos,target,995
Set 1,Pos,target,5
Set 1,Pos,target,997
Set 1,Pos,target,971
Set 1,Pos,target,998
Set 1,Pos,target,506
Set 1,Pos,target,993
Set 1,Pos,target,866
Set 1,Pos,target,991
Set 1,Pos,target,996
Set 1,Pos,target,996
Set 1,Pos,target,968
Set 1,Pos,target,996
Set 1,Pos,target,1000
Set 1,Pos,target,989
Set 1,Pos,target,1000
Set 1,Pos,target,980
Set 1,Pos,target,342
Set 1,Pos,target,991
Set 1,Pos,target,910
Set 1,Pos,target,508
Set 1,Pos,target,892
Set 1,Pos,target,1000
Set 1,Pos,target,848
Set 1,Pos,target,1000
Set 1,Pos,target,996
Set 1,Pos,target,964
Set 1,Pos,target,976
Set 1,Pos,target,996
Set 1,Pos,target,999
Set 1,Pos,target,995
Set 1,Pos,target,992
Set 1,Pos,target,996
Set 1,Pos,target,1000
Set 1,Pos,target,999
Set 1,Pos,target,416
Set 1,Pos,target,994
Set 1,Pos,target,1000
Set 1,Pos,target,994
Set 1,Pos,target,900
Set 1,Pos,target,825
Set 1,Pos,target,1000
Set 1,Pos,target,1000
Set 1,Pos,target,131
Set 1,Pos,target,996
Set 1,Pos,target,1000
Set 1,Pos,target,898
Set 1,Pos,target,974
Set 1,Pos,target,803
Set 1,Pos,target,956
Set 1,Pos,target,958
Set 1,Pos,target,999
Set 1,Pos,target,874
Set 1,Pos,target,899
Set 1,Pos,target,999
Set 1,Pos,target,911
Set 1,Pos,target,996
Set 1,Pos,target,49
Set 1,Pos,target,245
Set 1,Pos,target,314
Set 1,Pos,target,996
Set 1,Pos,target,996
Set 1,Pos,target,995
Set 1,Pos,target,986
Set 1,Pos,target,996
Set 1,Pos,target,995
Set 1,Pos,target,1000
Set 1,Pos,target,90
Set 1,Pos,target,795
Set 1,Pos,target,1000
Set 1,Pos,target,829
Set 1,Pos,target,927
Set 1,Pos,target,958
Set 1,Pos,target,996
Set 1,Pos,target,919
Set 1,Pos,target,999
Set 1,Pos,target,992
Set 1,Pos,target,999
Set 1,Pos,target,994
Set 1,Pos,target,996
Set 1,Pos,target,990
Set 1,Pos,target,995
Set 1,Pos,target,999
Set 1,Pos,target,999
Set 1,Pos,target,830
Set 1,Pos,target,996
Set 1,Pos,target,726
Set 1,Pos,target,638
Set 1,Pos,target,450
Set 1,Pos,target,410
Set 1,Pos,target,438
Set 1,Pos,target,446
Set 1,Pos,target,441
Set 1,Pos,target,651
Set 1,Pos,target,981
Set 1,Pos,target,502
Set 1,Pos,target,1000
Set 1,Pos,target,1000
Set 1,Pos,target,770
Set 1,Pos,target,648
Set 1,Pos,target,999
Set 1,Pos,target,851
Set 1,Pos,target,999
Set 1,Pos,target,996
Set 1,Pos,target,762
Set 1,Pos,target,883
Set 1,Pos,target,999
Set 1,Pos,target,52
Set 1,Pos,target,654
Set 1,Pos,target,108
Set 1,Pos,target,996
Set 1,Pos,target,996
Set 1,Pos,target,59
Set 1,Pos,target,3
Set 1,Pos,target,1000
Set 1,Pos,target,978
Set 1,Pos,target,326
Set 1,Pos,target,651
Set 1,Pos,target,747
Set 1,Pos,target,700
Set 1,Pos,target,927
Set 1,Pos,target,988
Set 1,Pos,target,541
Set 1,Pos,target,817
Set 1,Pos,target,873
Set 1,Pos,target,100
Set 1,Pos,target,996
Set 1,Pos,target,841
Set 1,Pos,target,85
Set 1,Pos,target,17
Set 1,Pos,target,984
Set 1,Pos,target,761
Set 1,Pos,target,868
Set 1,Pos,target,178
Set 1,Pos,target,240
Set 1,Pos,target,126
Set 1,Pos,target,1000
Set 1,Pos,target,43
Set 1,Pos,target,124
Set 1,Pos,target,997
Set 1,Pos,target,562
Set 1,Pos,target,561
Set 1,Pos,target,490
Set 1,Pos,target,995
Set 1,Pos,target,997
Set 1,Pos,target,453
Set 1,Pos,target,560
Set 1,Pos,target,43
Set 1,Pos,target,638
Set 1,Pos,target,776
Set 1,Pos,target,845
Set 1,Pos,target,862
Set 1,Pos,target,848
Set 1,Pos,target,999
Set 1,Pos,target,999
Set 1,Pos,target,903
Set 1,Pos,target,704
Set 1,Pos,target,834
Set 1,Pos,target,802
Set 1,Pos,target,58
Set 1,Pos,target,19
Set 1,Pos,target,775
Set 1,Pos,target,491
Set 1,Pos,target,996
Set 1,Pos,target,935
Set 1,Pos,target,903
Set 1,Pos,target,613
Set 1,Pos,target,915
Set 1,Pos,target,826
Set 1,Pos,target,996
Set 1,Pos,target,688
Set 1,Pos,target,998
Set 1,Pos,target,996
Set 1,Pos,target,52
Set 1,Pos,target,995
Set 1,Pos,target,982
Set 1,Pos,target,625
Set 1,Pos,target,999
Set 1,Pos,target,566
Set 1,Pos,target,556
Set 1,Pos,target,988
Set 1,Pos,target,996
Set 1,Pos,target,361
Set 1,Pos,target,348
Set 1,Pos,target,104
Set 1,Pos,target,373
Set 1,Pos,target,619
Set 1,Pos,target,963
Set 1,Pos,target,983
Set 1,Pos,target,797
Set 1,Pos,target,908
Set 1,Pos,target,995
Set 1,Pos,target,789
Set 1,Pos,target,991
Set 1,Pos,target,726
Set 1,Pos,target,106
Set 1,Pos,target,90
Set 1,Pos,target,514
Set 1,Pos,target,171
Set 1,Pos,target,732
Set 1,Pos,target,996
Set 1,Pos,target,996
Set 1,Pos,target,952
Set 1,Pos,target,642
Set 1,Pos,target,629
Set 1,Pos,target,582
Set 1,Pos,target,995
Set 1,Pos,target,944
Set 1,Pos,target,430
Set 1,Pos,target,999
Set 1,Pos,target,617
Set 1,Pos,target,550
Set 1,Pos,target,729
Set 1,Pos,target,995
Set 1,Pos,target,20
Set 1,Pos,target,395
Set 1,Pos,target,688
Set 1,Pos,target,996
Set 1,Pos,target,597
Set 1,Pos,target,995
Set 1,Pos,target,779
Set 1,Pos,target,863
Set 1,Pos,target,815
Set 1,Pos,target,683
Set 1,Pos,target,857
Set 1,Pos,target,491
Set 1,Pos,target,995
Set 1,Pos,target,362
Set 1,Pos,target,958
Set 1,Pos,decoy,185
Set 1,Pos,target,848
Set 1,Pos,decoy,97
Set 1,Pos,target,440
Set 1,Pos,target,999
Set 1,Pos,target,990
Set 1,Pos,target,417
Set 1,Pos,target,663
Set 1,Pos,target,996
Set 1,Pos,target,994
Set 1,Pos,target,648
Set 1,Pos,decoy,584
Set 1,Pos,target,993
Set 1,Pos,target,985
Set 1,Pos,target,996
Set 1,Pos,target,710
Set 1,Pos,target,946
Set 1,Pos,target,942
Set 1,Pos,target,851
Set 1,Pos,decoy,38
Set 1,Pos,target,912
Set 1,Pos,target,265
Set 1,Pos,target,583
Set 1,Pos,target,819
Set 1,Pos,target,773
Set 1,Pos,target,748
Set 1,Pos,target,655
Set 1,Pos,target,992
Set 1,Pos,target,831
Set 1,Pos,target,703
Set 1,Pos,target,427
Set 1,Pos,target,996
Set 1,Pos,target,832
Set 1,Pos,target,855
Set 1,Pos,target,569
Set 1,Pos,decoy,55
Set 1,Pos,target,818
Set 1,Pos,target,650
Set 1,Pos,target,991
Set 1,Pos,target,985
Set 1,Pos,target,744
Set 1,Pos,target,850
Set 1,Pos,target,535
Set 1,Pos,target,29
Set 1,Pos,target,822
Set 1,Pos,target,989
Set 1,Pos,target,998
Set 1,Pos,target,990
Set 1,Pos,target,15
Set 1,Pos,target,987
Set 1,Pos,target,437
Set 1,Pos,target,995
Set 1,Pos,target,789
Set 1,Pos,target,959
Set 1,Pos,target,555
Set 1,Pos,target,610
Set 1,Pos,target,877
Set 1,Pos,target,874
Set 1,Pos,target,995
Set 1,Pos,target,784
Set 1,Pos,target,919
Set 1,Pos,target,595
Set 1,Pos,target,997
Set 1,Pos,target,659
Set 1,Pos,target,813
Set 1,Pos,target,989
Set 1,Pos,target,995
Set 1,Pos,target,650
Set 1,Pos,target,994
Set 1,Pos,target,851
Set 1,Pos,target,878
Set 1,Pos,target,996
Set 1,Pos,target,820
Set 1,Pos,target,614
Set 1,Pos,target,920
Set 1,Pos,target,978
Set 1,Pos,target,982
Set 1,Pos,target,746
Set 1,Pos,target,5
Set 1,Pos,target,989
Set 1,Pos,target,180
Set 1,Pos,target,994
Set 1,Pos,target,110
Set 1,Pos,target,991
Set 1,Pos,target,573
Set 1,Pos,target,995
Set 1,Pos,target,270
Set 1,Pos,target,992
Set 1,Pos,target,767
Set 1,Pos,target,903
Set 1,Pos,target,986
Set 1,Pos,target,998
Set 1,Pos,target,592
Set 1,Pos,target,997
Set 1,Pos,target,968
Set 1,Pos,target,979
Set 1,Pos,target,30
Set 1,Pos,target,569
Set 1,Pos,target,232
Set 1,Pos,target,74
Set 1,Pos,target,982
Set 1,Pos,target,779
Set 1,Pos,target,4
Set 1,Pos,target,990
Set 1,Pos,target,920
Set 1,Pos,target,995
Set 1,Pos,target,993
Set 1,Pos,target,733
Set 1,Pos,target,773
Set 1,Pos,target,996
Set 1,Pos,target,348
Set 1,Pos,target,195
Set 1,Pos,target,954
Set 1,Pos,target,796
Set 1,Pos,target,987
Set 1,Pos,target,637
Set 1,Pos,target,461
Set 1,Pos,target,976
Set 1,Pos,target,949
Set 1,Pos,target,68
Set 1,Pos,target,963
Set 1,Pos,target,275
Set 1,Pos,target,990
Set 1,Pos,target,988
Set 1,Pos,target,768
Set 1,Pos,target,982
Set 1,Pos,target,994
Set 1,Pos,target,985
Set 1,Pos,target,942
Set 1,Pos,target,994
Set 1,Pos,target,183
Set 1,Pos,target,628
Set 1,Pos,target,939
Set 1,Pos,target,195
Set 1,Pos,target,100
Set 1,Pos,target,990
Set 1,Pos,target,988
Set 1,Pos,target,504
Set 1,Pos,target,194
Set 1,Pos,target,943
Set 1,Pos,target,132
Set 1,Pos,target,985
Set 1,Pos,target,184
Set 1,Pos,target,709
Set 1,Pos,target,977
Set 1,Pos,target,989
Set 1,Pos,target,985
Set 1,Pos,target,905
Set 1,Pos,target,995
Set 1,Pos,target,211
Set 1,Pos,target,315
Set 1,Pos,target,567
Set 1,Pos,target,326
Set 1,Pos,target,983
Set 1,Pos,target,926
Set 1,Pos,target,871
Set 1,Pos,target,225
Set 1,Pos,target,984
Set 1,Pos,target,989
Set 1,Pos,target,943
Set 1,Pos,target,351
Set 1,Pos,target,147
Set 1,Pos,target,776
Set 1,Pos,target,969
Set 1,Pos,target,971
Set 1,Pos,target,295
Set 1,Pos,target,984
Set 1,Pos,target,994
Set 1,Pos,target,828
Set 1,Pos,target,670
Set 1,Pos,target,986
Set 1,Pos,target,711
Set 1,Pos,target,79
Set 1,Pos,target,66
Set 1,Pos,target,960
Set 1,Pos,target,82
Set 1,Pos,target,985
Set 1,Pos,target,972
Set 1,Pos,target,902
Set 1,Pos,target,1
Set 1,Pos,target,959
Set 1,Pos,target,992
Set 1,Pos,target,987
Set 1,Pos,target,720
Set 1,Pos,target,737
Set 1,Pos,target,845
Set 1,Pos,target,752
Set 1,Pos,target,190
Set 1,Pos,target,985
Set 1,Pos,target,972
Set 1,Pos,target,961
Set 1,Pos,target,979
Set 1,Pos,target,990
Set 1,Pos,target,832
Set 1,Pos,target,237
Set 1,Pos,target,979
Set 1,Pos,target,992
Set 1,Pos,target,761
Set 1,Pos,target,703
Set 1,Pos,target,858
Set 1,Pos,target,653
Set 1,Pos,target,722
Set 1,Pos,target,963
Set 1,Pos,target,957
Set 1,Pos,target,986
Set 1,Pos,target,972
Set 1,Pos,target,976
Set 1,Pos,target,933
Set 1,Pos,target,830
Set 1,Pos,target,212
Set 1,Pos,target,968
Set 1,Pos,target,152
Set 1,Pos,target,992
Set 1,Pos,target,911
Set 1,Pos,target,993
Set 1,Pos,target,633
Set 1,Pos,target,708
Set 1,Pos,target,961
Set 1,Pos,target,785
Set 1,Pos,target,945
Set 1,Pos,target,111
Set 1,Pos,target,979
Set 1,Pos,target,977
Set 1,Pos,target,794
Set 1,Pos,target,86
Set 1,Pos,target,947
Set 1,Pos,target,973
Set 1,Pos,target,486
Set 1,Pos,target,872
Set 1,Pos,target,985
Set 1,Pos,target,718
Set 1,Pos,target,787
Set 1,Pos,target,972
Set 1,Pos,target,971
Set 1,Pos,target,79
Set 1,Pos,target,983
Set 1,Pos,target,958
Set 1,Pos,target,950
Set 1,Pos,target,983
Set 1,Pos,target,996
Set 1,Pos,target,898
Set 1,Pos,target,801
Set 1,Pos,target,529
Set 1,Pos,target,993
Set 1,Pos,target,44
Set 1,Pos,target,156
Set 1,Pos,target,786
Set 1,Pos,target,976
Set 1,Pos,target,990
Set 1,Pos,target,991
Set 1,Pos,target,946
Set 1,Pos,target,1
Set 1,Pos,decoy,71
Set 1,Pos,target,990
Set 1,Pos,target,990
Set 1,Pos,target,998
Set 1,Pos,target,996
Set 1,Pos,target,996
Set 1,Pos,target,167
Set 1,Pos,target,984
Set 1,Pos,target,982
Set 1,Pos,target,972
Set 1,Pos,target,783
Set 1,Pos,decoy,2
Set 1,Pos,target,990
Set 1,Pos,target,18
Set 1,Pos,target,995
Set 1,Pos,target,990
Set 1,Pos,target,982
Set 1,Pos,target,995
Set 1,Pos,target,984
Set 1,Pos,target,611
Set 1,Pos,target,958
Set 1,Pos,target,888
Set 1,Pos,target,928
Set 1,Pos,target,891
Set 1,Pos,target,124
Set 1,Pos,target,831
Set 1,Pos,target,609
Set 1,Pos,target,619
Set 1,Pos,target,168
Set 1,Pos,target,236
Set 1,Pos,target,580
Set 1,Pos,target,999
Set 1,Pos,target,993
Set 1,Pos,target,987
Set 1,Pos,target,984
Set 1,Pos,target,199
Set 1,Pos,target,590
Set 1,Pos,target,899
Set 1,Pos,target,448
Set 1,Pos,target,131
Set 1,Pos,target,993
Set 1,Pos,target,484
Set 1,Pos,target,912
Set 1,Pos,target,642
Set 1,Pos,target,837
Set 1,Pos,target,340
Set 1,Pos,target,872
Set 1,Pos,target,22
Set 1,Pos,target,537
Set 1,Pos,target,817
Set 1,Pos,target,986
Set 1,Pos,target,915
Set 1,Pos,target,913
Set 1,Pos,target,584
Set 1,Pos,target,687
Set 1,Pos,target,83
Set 1,Pos,target,103
Set 1,Pos,target,312
Set 1,Pos,target,698
Set 1,Pos,decoy,33
Set 1,Pos,target,669
Set 1,Pos,target,90
Set 1,Pos,target,41
Set 1,Pos,target,757
Set 1,Pos,target,821
Set 1,Pos,target,217
Set 1,Pos,target,166
Set 1,Pos,target,543
Set 1,Pos,target,299
Set 1,Pos,target,797
Set 1,Pos,target,974
Set 1,Pos,target,922
Set 1,Pos,target,738
Set 1,Pos,target,335
Set 1,Pos,target,710
Set 1,Pos,target,986
Set 1,Pos,target,911
Set 1,Pos,target,307
Set 1,Pos,target,255
Set 1,Pos,target,906
Set 1,Pos,target,967
Set 1,Pos,target,948
Set 1,Pos,target,306
Set 1,Pos,target,914
Set 1,Pos,target,863
Set 1,Pos,target,502
Set 1,Pos,target,626
Set 1,Pos,target,837
Set 1,Pos,target,77
Set 1,Pos,target,855
Set 1,Pos,target,328
Set 1,Pos,target,815
Set 1,Pos,target,999
Set 1,Pos,target,828
Set 1,Pos,target,115
Set 1,Pos,target,950
Set 1,Pos,target,91
Set 1,Pos,target,191
Set 1,Pos,decoy,1
Set 1,Pos,target,6
Set 1,Pos,target,950
Set 1,Pos,target,262
Set 1,Pos,target,953
Set 1,Pos,target,945
Set 1,Pos,target,611
Set 1,Pos,target,937
Set 1,Pos,target,999
Set 1,Pos,target,824
Set 1,Pos,target,570
Set 1,Pos,target,10
Set 1,Pos,target,964
Set 1,Pos,target,424
Set 1,Pos,target,2
Set 1,Pos,target,967
Set 1,Pos,target,999
Set 1,Pos,target,931
Set 1,Pos,target,946
Set 1,Pos,target,939
Set 1,Pos,target,78
Set 1,Pos,target,966
Set 1,Pos,target,969
Set 1,Pos,target,994
Set 1,Pos,target,826
Set 1,Pos,target,989
Set 1,Pos,target,948
Set 1,Pos,target,907
Set 1,Pos,target,967
Set 1,Pos,target,995
Set 1,Pos,decoy,38
Set 1,Pos,target,966
Set 1,Pos,target,767
Set 1,Pos,target,987
Set 1,Pos,target,1
Set 1,Pos,target,159
Set 1,Pos,target,923
Set 1,Pos,target,938
Set 1,Pos,target,994
Set 1,Pos,target,940
Set 1,Pos,target,932
Set 1,Pos,target,62
Set 1,Pos,target,992
Set 1,Pos,target,840
Set 1,Pos,target,994
Set 1,Pos,target,822
Set 1,Pos,target,993
Set 1,Pos,target,995
Set 1,Pos,target,993
Set 1,Pos,target,864
Set 1,Pos,target,993
Set 1,Pos,target,908
Set 1,Pos,target,993
Set 1,Pos,target,1
Set 1,Pos,target,987
Set 1,Pos,target,991
Set 1,Pos,target,950
Set 1,Pos,target,976
Set 1,Pos,target,994
Set 1,Pos,target,189
Set 1,Pos,target,916
Set 1,Pos,target,951
Set 1,Pos,target,795
Set 1,Pos,target,996
Set 1,Pos,target,992
Set 1,Pos,target,979
Set 1,Pos,target,984
Set 1,Pos,target,996
Set 1,Pos,target,996
Set 1,Pos,target,996
Set 1,Pos,target,995
Set 1,Pos,target,996
Set 1,Pos,target,958
Set 1,Pos,target,996
Set 1,Pos,target,996
Set 1,Pos,target,999
Set 1,Pos,target,937
Set 1,Pos,target,955
Set 1,Pos,target,999
Set 1,Pos,target,996
Set 1,Pos,target,678
Set 1,Pos,target,644
Set 1,Pos,target,994
Set 1,Pos,target,177
Set 1,Pos,target,996
Set 1,Pos,target,953
Set 1,Pos,target,996
Set 1,Pos,target,995
Set 1,Pos,target,951
Set 1,Pos,target,955
Set 1,Pos,target,211
Set 1,Pos,target,7
Set 1,Pos,target,992
Set 1,Pos,target,996
Set 1,Pos,target,996
Set 1,Pos,target,999
Set 1,Pos,target,907
Set 1,Pos,target,996
Set 1,Pos,target,995
Set 1,Pos,target,8
Set 1,Pos,target,999
Set 1,Pos,target,920
Set 1,Pos,target,1
Set 1,Pos,target,983
Set 1,Pos,target,996
Set 1,Pos,target,5
Set 1,Pos,target,996
Set 1,Pos,target,999
Set 1,Pos,target,989
Set 1,Pos,target,996
Set 1,Pos,target,773
Set 1,Pos,target,995
Set 1,Pos,target,1000
Set 1,Pos,target,208
Set 1,Pos,target,991
Set 1,Pos,target,698
Set 1,Pos,target,333
Set 1,Pos,target,996
Set 1,Pos,target,996
Set 1,Pos,target,998
Set 1,Pos,target,998
Set 1,Pos,target,992
Set 1,Pos,target,954
Set 1,Pos,target,996
Set 1,Pos,target,999
Set 1,Pos,target,999
Set 1,Pos,target,989
Set 1,Pos,target,996
Set 1,Pos,target,999
Set 1,Pos,target,999
Set 1,Pos,target,998
Set 1,Pos,target,193
Set 1,Pos,target,969
Set 1,Pos,target,1000
Set 1,Pos,target,949
Set 1,Pos,target,974
Set 1,Pos,target,415
Set 1,Pos,target,1000
Set 1,Pos,target,996
Set 1,Pos,target,996
Set 1,Pos,target,9
Set 1,Pos,target,996
Set 1,Pos,target,996
Set 1,Pos,target,988
Set 1,Pos,target,916
Set 1,Pos,target,999
Set 1,Pos,target,989
Set 1,Pos,target,874
Set 1,Pos,target,996
Set 1,Pos,target,824
Set 1,Pos,target,994
Set 1,Pos,target,996
Set 1,Pos,target,990
Set 1,Pos,target,996
Set 1,Pos,target,999
Set 1,Pos,target,995
Set 1,Pos,target,151
Set 1,Pos,target,992
Set 1,Pos,target,996
Set 1,Pos,target,996
Set 1,Pos,target,990
Set 1,Pos,target,997
Set 1,Pos,target,805
Set 1,Pos,target,929
Set 1,Pos,target,947
Set 1,Pos,target,1000
Set 1,Pos,target,996
Set 1,Pos,target,996
Set 1,Pos,target,996
Set 1,Pos,target,983
Set 1,Pos,target,831
Set 1,Pos,target,995
Set 1,Pos,target,977
Set 1,Pos,target,979
Set 1,Pos,target,999
Set 1,Pos,target,996
Set 1,Pos,target,996
Set 1,Pos,target,1000
Set 1,Pos,target,835
Set 1,Pos,target,901
Set 1,Pos,target,999
Set 1,Pos,target,995
Set 1,Pos,target,1000
Set 1,Pos,target,996
Set 1,Pos,target,1000
Set 1,Pos,target,140
Set 1,Pos,target,1000
Set 1,Pos,target,562
Set 1,Pos,target,994
Set 1,Pos,target,996
Set 1,Pos,target,943
Set 1,Pos,target,996
Set 1,Pos,target,1000
Set 1,Pos,target,831
Set 1,Pos,target,998
Set 1,Pos,target,991
Set 1,Pos,target,995
Set 1,Pos,target,996
Set 1,Pos,target,1000
Set 1,Pos,target,995
Set 1,Pos,target,881
Set 1,Pos,target,998
Set 1,Pos,target,18
Set 1,Pos,target,996
Set 1,Pos,target,996
Set 1,Pos,target,977
Set 1,Pos,target,919
Set 1,Pos,target,905
Set 1,Pos,target,20
Set 1,Pos,target,997
Set 1,Pos,target,999
Set 1,Pos,target,996
Set 1,Pos,target,889
Set 1,Pos,target,861
Set 1,Pos,target,992
Set 1,Pos,target,1000
Set 1,Pos,target,1000
Set 1,Pos,target,998
Set 1,Pos,target,996
Set 1,Pos,target,995
Set 1,Pos,target,996
Set 1,Pos,target,996
Set 1,Pos,target,997
Set 1,Pos,target,1000
Set 1,Pos,target,994
Set 1,Pos,target,602
Set 1,Pos,target,373
Set 1,Pos,target,996
Set 1,Pos,target,1000
Set 1,Pos,target,980
Set 1,Pos,target,995
Set 1,Pos,target,989
Set 1,Pos,target,996
Set 1,Pos,target,992
Set 1,Pos,target,875
Set 1,Pos,target,567
Set 1,Pos,target,988
Set 1,Pos,target,670
Set 1,Pos,target,996
Set 1,Pos,target,996
Set 1,Pos,target,998
Set 1,Pos,target,29
Set 1,Pos,target,995
Set 1,Pos,target,996
Set 1,Pos,target,998
Set 1,Pos,target,2
Set 1,Pos,target,996
Set 1,Pos,target,996
Set 1,Pos,target,966
Set 1,Pos,target,1000
Set 1,Pos,target,1000
Set 1,Pos,target,992
Set 1,Pos,target,885
Set 1,Pos,target,433
Set 1,Pos,target,992
Set 1,Pos,target,969
Set 1,Pos,target,984
Set 1,Pos,target,1000
Set 1,Pos,target,996
Set 1,Pos,target,1000
Set 1,Pos,target,295
Set 1,Pos,target,992
Set 1,Pos,target,1000
Set 1,Pos,target,631
Set 1,Pos,target,891
Set 1,Pos,target,1000
Set 1,Pos,target,871
Set 1,Pos,target,892
Set 1,Pos,target,1
Set 1,Pos,target,8
Set 1,Pos,target,999
Set 1,Pos,target,993
Set 1,Pos,target,996
Set 1,Pos,target,996
Set 1,Pos,target,995
Set 1,Pos,target,995
Set 1,Pos,target,999
Set 1,Pos,target,994
Set 1,Pos,target,1000
Set 1,Pos,target,995
Set 1,Pos,target,859
Set 1,Pos,target,124
Set 1,Pos,target,1000
Set 1,Pos,target,1000
Set 1,Pos,target,1000
Set 1,Pos,target,996
Set 1,Pos,target,1000
Set 1,Pos,target,183
Set 1,Pos,target,903
Set 1,Pos,target,970
Set 1,Pos,target,996
Set 1,Pos,target,973
Set 1,Pos,target,785
Set 1,Pos,target,999
Set 1,Pos,target,954
Set 1,Pos,target,954
Set 1,Pos,target,954
Set 1,Pos,target,22
Set 1,Pos,target,884
Set 1,Pos,target,917
Set 1,Pos,target,995
Set 1,Pos,target,999
Set 1,Pos,target,1000
Set 1,Pos,target,996
Set 1,Pos,target,984
Set 1,Pos,target,257
Set 1,Pos,target,1000
Set 1,Pos,target,257
Set 1,Pos,target,999
Set 1,Pos,target,996
Set 1,Pos,target,996
Set 1,Pos,target,996
Set 1,Pos,target,5
Set 1,Pos,target,1000
Set 1,Pos,target,55
Set 1,Pos,target,869
Set 1,Pos,target,998
Set 1,Pos,target,201
Set 1,Pos,target,852
Set 1,Pos,target,996
Set 1,Pos,target,961
Set 1,Pos,target,905
Set 1,Pos,target,885
Set 1,Pos,target,936
Set 1,Pos,target,935
Set 1,Pos,target,996
Set 1,Pos,target,181
Set 1,Pos,target,999
Set 1,Pos,target,999
Set 1,Pos,target,1000
Set 1,Pos,target,1000
Set 1,Pos,target,833
Set 1,Pos,target,1000
Set 1,Pos,target,996
Set 1,Pos,target,663
Set 1,Pos,target,830
Set 1,Pos,target,190
Set 1,Pos,target,613
Set 1,Pos,target,437
Set 1,Pos,target,995
Set 1,Pos,target,983
Set 1,Pos,target,866
Set 1,Pos,target,999
Set 1,Pos,target,244
Set 1,Pos,target,665
Set 1,Pos,target,996
Set 1,Pos,target,855
Set 1,Pos,target,1000
Set 1,Pos,target,524
Set 1,Pos,target,999
Set 1,Pos,target,691
Set 1,Pos,target,802
Set 1,Pos,target,996
Set 1,Pos,target,999
Set 1,Pos,target,1000
Set 1,Pos,target,996
Set 1,Pos,target,912
Set 1,Pos,target,999
Set 1,Pos,target,670
Set 1,Pos,target,5
Set 1,Pos,target,455
Set 1,Pos,target,996
Set 1,Pos,target,570
Set 1,Pos,target,778
Set 1,Pos,target,778
Set 1,Pos,target,507
Set 1,Pos,target,662
Set 1,Pos,target,924
Set 1,Pos,target,990
Set 1,Pos,target,636
Set 1,Pos,target,752
Set 1,Pos,target,857
Set 1,Pos,target,85
Set 1,Pos,target,10
Set 1,Pos,target,749
Set 1,Pos,target,89
Set 1,Pos,target,833
Set 1,Pos,target,945
Set 1,Pos,target,995
Set 1,Pos,target,575
Set 1,Pos,target,413
Set 1,Pos,target,836
Set 1,Pos,target,856
Set 1,Pos,target,844
Set 1,Pos,target,285
Set 1,Pos,target,67
Set 1,Pos,target,650
Set 1,Pos,target,16
Set 1,Pos,target,247
Set 1,Pos,target,562
Set 1,Pos,target,997
Set 1,Pos,target,97
Set 1,Pos,target,998
Set 1,Pos,target,415
Set 1,Pos,target,1000
Set 1,Pos,target,1000
Set 1,Pos,target,766
Set 1,Pos,target,844
Set 1,Pos,target,803
Set 1,Pos,target,999
Set 1,Pos,target,853
Set 1,Pos,target,994
Set 1,Pos,target,939
Set 1,Pos,target,839
Set 1,Pos,target,26
Set 1,Pos,target,665
Set 1,Pos,target,799
Set 1,Pos,target,58
Set 1,Pos,target,838
Set 1,Pos,target,928
Set 1,Pos,target,996
Set 1,Pos,target,999
Set 1,Pos,target,879
Set 1,Pos,target,931
Set 1,Pos,target,998
Set 1,Pos,target,872
Set 1,Pos,target,995
Set 1,Pos,target,795
Set 1,Pos,target,69
Set 1,Pos,target,995
Set 1,Pos,target,813
Set 1,Pos,target,931
Set 1,Pos,target,748
Set 1,Pos,target,994
Set 1,Pos,target,433
Set 1,Pos,target,970
Set 1,Pos,target,796
Set 1,Pos,target,990
Set 1,Pos,target,232
Set 1,Pos,target,440
Set 1,Pos,target,533
Set 1,Pos,target,991
Set 1,Pos,target,103
Set 1,Pos,target,902
Set 1,Pos,target,996
Set 1,Pos,target,623
Set 1,Pos,target,571
Set 1,Pos,target,801
Set 1,Pos,target,914
Set 1,Pos,target,787
Set 1,Pos,target,758
Set 1,Pos,target,43
Set 1,Pos,target,799
Set 1,Pos,target,633
Set 1,Pos,target,749
Set 1,Pos,target,636
Set 1,Pos,target,996
Set 1,Pos,target,995
Set 1,Pos,target,459
Set 1,Pos,target,564
Set 1,Pos,target,999
Set 1,Pos,target,923
Set 1,Pos,target,953
Set 1,Pos,target,990
Set 1,Pos,target,613
Set 1,Pos,target,846
Set 1,Pos,target,202
Set 1,Pos,target,996
Set 1,Pos,target,207
Set 1,Pos,target,638
Set 1,Pos,target,996
Set 1,Pos,target,415
Set 1,Pos,target,589
Set 1,Pos,decoy,26
Set 1,Pos,decoy,193
Set 1,Pos,decoy,83
Set 1,Pos,target,996
Set 1,Pos,target,579
Set 1,Pos,target,899
Set 1,Pos,target,781
Set 1,Pos,target,996
Set 1,Pos,target,994
Set 1,Pos,target,742
Set 1,Pos,target,945
Set 1,Pos,target,570
Set 1,Pos,target,983
Set 1,Pos,decoy,87
Set 1,Pos,target,428
Set 1,Pos,target,502
Set 1,Pos,target,808
Set 1,Pos,target,774
Set 1,Pos,target,610
Set 1,Pos,target,108
Set 1,Pos,target,695
Set 1,Pos,target,821
Set 1,Pos,target,844
Set 1,Pos,target,732
Set 1,Pos,target,300
Set 1,Pos,target,707
Set 1,Pos,target,999
Set 1,Pos,target,906
Set 1,Pos,target,73
Set 1,Pos,target,990
Set 1,Pos,target,913
Set 1,Pos,decoy,41
Set 1,Pos,target,906
Set 1,Pos,target,996
Set 1,Pos,target,777
Set 1,Pos,target,994
Set 1,Pos,target,521
Set 1,Pos,target,648
Set 1,Pos,target,994
Set 1,Pos,target,719
Set 1,Pos,target,995
Set 1,Pos,target,339
Set 1,Pos,target,989
Set 1,Pos,target,801
Set 1,Pos,target,994
Set 1,Pos,decoy,89
Set 1,Pos,target,585
Set 1,Pos,target,987
Set 1,Pos,target,620
Set 1,Pos,target,192
Set 1,Pos,target,77
Set 1,Pos,target,695
Set 1,Pos,target,994
Set 1,Pos,decoy,847
Set 1,Pos,target,637
Set 1,Pos,target,899
Set 1,Pos,target,930
Set 1,Pos,target,995
Set 1,Pos,target,955
Set 1,Pos,target,899
Set 1,Pos,target,697
Set 1,Pos,target,801
Set 1,Pos,target,611
Set 1,Pos,target,9
Set 1,Pos,target,998
Set 1,Pos,target,816
Set 1,Pos,target,559
Set 1,Pos,target,847
Set 1,Pos,target,552
Set 1,Pos,target,891
Set 1,Pos,target,999
Set 1,Pos,target,990
Set 1,Pos,target,947
Set 1,Pos,target,435
Set 1,Pos,target,970
Set 1,Pos,target,985
Set 1,Pos,target,996
Set 1,Pos,target,996
Set 1,Pos,target,721
Set 1,Pos,target,677
Set 1,Pos,target,993
Set 1,Pos,target,994
Set 1,Pos,target,937
Set 1,Pos,target,748
Set 1,Pos,target,125
Set 1,Pos,target,978
Set 1,Pos,target,435
Set 1,Pos,target,237
Set 1,Pos,target,994
Set 1,Pos,target,976
Set 1,Pos,target,963
Set 1,Pos,target,995
Set 1,Pos,target,639
Set 1,Pos,target,577
Set 1,Pos,target,272
Set 1,Pos,target,837
Set 1,Pos,target,594
Set 1,Pos,target,3
Set 1,Pos,target,996
Set 1,Pos,target,998
Set 1,Pos,target,893
Set 1,Pos,target,989
Set 1,Pos,target,908
Set 1,Pos,target,988
Set 1,Pos,target,228
Set 1,Pos,target,995
Set 1,Pos,target,225
Set 1,Pos,target,978
Set 1,Pos,target,282
Set 1,Pos,target,994
Set 1,Pos,target,165
Set 1,Pos,target,978
Set 1,Pos,target,701
Set 1,Pos,target,832
Set 1,Pos,target,986
Set 1,Pos,target,86
Set 1,Pos,target,995
Set 1,Pos,target,973
Set 1,Pos,target,472
Set 1,Pos,target,976
Set 1,Pos,target,628
Set 1,Pos,target,667
Set 1,Pos,target,994
Set 1,Pos,target,995
Set 1,Pos,target,987
Set 1,Pos,target,983
Set 1,Pos,target,857
Set 1,Pos,target,986
Set 1,Pos,target,971
Set 1,Pos,target,996
Set 1,Pos,target,350
Set 1,Pos,target,990
Set 1,Pos,target,140
Set 1,Pos,target,165
Set 1,Pos,target,796
Set 1,Pos,target,991
Set 1,Pos,target,161
Set 1,Pos,target,442
Set 1,Pos,target,986
Set 1,Pos,target,602
Set 1,Pos,target,673
Set 1,Pos,target,947
Set 1,Pos,target,713
Set 1,Pos,target,984
Set 1,Pos,target,996
Set 1,Pos,target,947
Set 1,Pos,target,768
Set 1,Pos,target,934
Set 1,Pos,target,895
Set 1,Pos,target,994
Set 1,Pos,target,984
Set 1,Pos,target,966
Set 1,Pos,target,939
Set 1,Pos,target,129
Set 1,Pos,target,990
Set 1,Pos,target,887
Set 1,Pos,target,395
Set 1,Pos,target,985
Set 1,Pos,target,841
Set 1,Pos,target,691
Set 1,Pos,target,719
Set 1,Pos,target,709
Set 1,Pos,target,153
Set 1,Pos,target,969
Set 1,Pos,target,994
Set 1,Pos,target,862
Set 1,Pos,target,995
Set 1,Pos,target,990
Set 1,Pos,target,932
Set 1,Pos,target,979
Set 1,Pos,target,987
Set 1,Pos,target,771
Set 1,Pos,target,979
Set 1,Pos,target,663
Set 1,Pos,target,832
Set 1,Pos,target,635
Set 1,Pos,target,969
Set 1,Pos,target,998
Set 1,Pos,target,249
Set 1,Pos,target,217
Set 1,Pos,target,992
Set 1,Pos,target,971
Set 1,Pos,target,959
Set 1,Pos,target,137
Set 1,Pos,target,958
Set 1,Pos,target,984
Set 1,Pos,target,210
Set 1,Pos,target,979
Set 1,Pos,target,529
Set 1,Pos,target,315
Set 1,Pos,target,839
Set 1,Pos,target,101
Set 1,Pos,target,967
Set 1,Pos,target,116
Set 1,Pos,target,951
Set 1,Pos,target,983
Set 1,Pos,target,992
Set 1,Pos,target,137
Set 1,Pos,target,977
Set 1,Pos,target,919
Set 1,Pos,target,887
Set 1,Pos,target,964
Set 1,Pos,target,984
Set 1,Pos,target,68
Set 1,Pos,target,171
Set 1,Pos,target,898
Set 1,Pos,target,35
Set 1,Pos,target,816
Set 1,Pos,target,951
Set 1,Pos,target,744
Set 1,Pos,target,2
Set 1,Pos,target,942
Set 1,Pos,target,692
Set 1,Pos,target,123
Set 1,Pos,target,985
Set 1,Pos,target,972
Set 1,Pos,target,976
Set 1,Pos,target,987
Set 1,Pos,target,971
Set 1,Pos,target,49
Set 1,Pos,target,811
Set 1,Pos,target,670
Set 1,Pos,target,722
Set 1,Pos,target,227
Set 1,Pos,target,781
Set 1,Pos,target,979
Set 1,Pos,target,636
Set 1,Pos,target,993
Set 1,Pos,target,977
Set 1,Pos,target,767
Set 1,Pos,target,937
Set 1,Pos,target,986
Set 1,Pos,target,660
Set 1,Pos,target,866
Set 1,Pos,target,248
Set 1,Pos,target,764
Set 1,Pos,target,220
Set 1,Pos,target,1
Set 1,Pos,target,977
Set 1,Pos,target,932
Set 1,Pos,target,968
Set 1,Pos,target,808
Set 1,Pos,target,995
Set 1,Pos,target,989
Set 1,Pos,target,979
Set 1,Pos,target,380
Set 1,Pos,target,828
Set 1,Pos,target,166
Set 1,Pos,target,198
Set 1,Pos,target,936
Set 1,Pos,target,979
Set 1,Pos,target,917
Set 1,Pos,target,176
Set 1,Pos,target,990
Set 1,Pos,target,668
Set 1,Pos,target,994
Set 1,Pos,target,575
Set 1,Pos,target,981
Set 1,Pos,target,993
Set 1,Pos,target,316
Set 1,Pos,target,989
Set 1,Pos,target,942
Set 1,Pos,target,807
Set 1,Pos,target,993
Set 1,Pos,target,991
Set 1,Pos,target,995
Set 1,Pos,target,995
Set 1,Pos,target,995
Set 1,Pos,target,976
Set 1,Pos,target,972
Set 1,Pos,target,996
Set 1,Pos,target,67
Set 1,Pos,target,994
Set 1,Pos,target,996
Set 1,Pos,target,995
Set 1,Pos,target,999
Set 1,Pos,target,994
Set 1,Pos,target,992
Set 1,Pos,target,994
Set 1,Pos,target,982
Set 1,Pos,target,370
Set 1,Pos,target,995
Set 1,Pos,target,301
Set 1,Pos,target,630
Set 1,Pos,target,25
Set 1,Pos,target,543
Set 1,Pos,target,823
Set 1,Pos,target,803
Set 1,Pos,target,943
Set 1,Pos,target,795
Set 1,Pos,target,83
Set 1,Pos,target,903
Set 1,Pos,target,857
Set 1,Pos,target,996
Set 1,Pos,target,814
Set 1,Pos,target,658
Set 1,Pos,target,397
Set 1,Pos,target,608
Set 1,Pos,target,440
Set 1,Pos,target,562
Set 1,Pos,target,594
Set 1,Pos,target,939
Set 1,Pos,target,995
Set 1,Pos,target,999
Set 1,Pos,target,995
Set 1,Pos,target,995
Set 1,Pos,target,993
Set 1,Pos,target,972
Set 1,Pos,target,951
Set 1,Pos,target,990
Set 1,Pos,target,991
Set 1,Pos,target,850
Set 1,Pos,target,312
Set 1,Pos,target,994
Set 1,Pos,target,954
Set 1,Pos,target,324
Set 1,Pos,target,583
Set 1,Pos,target,86
Set 1,Pos,target,688
Set 1,Pos,target,989
Set 1,Pos,target,825
Set 1,Pos,target,919
Set 1,Pos,target,443
Set 1,Pos,target,957
Set 1,Pos,target,680
Set 1,Pos,target,135
Set 1,Pos,target,992
Set 1,Pos,target,999
Set 1,Pos,target,992
Set 1,Pos,target,960
Set 1,Pos,target,981
Set 1,Pos,target,921
Set 1,Pos,target,861
Set 1,Pos,target,801
Set 1,Pos,target,872
Set 1,Pos,target,567
Set 1,Pos,decoy,2
Set 1,Pos,target,437
Set 1,Pos,decoy,33
Set 1,Pos,target,910
Set 1,Pos,target,901
Set 1,Pos,target,600
Set 1,Pos,target,906
Set 1,Pos,target,633
Set 1,Pos,target,120
Set 1,Pos,target,430
Set 1,Pos,target,144
Set 1,Pos,target,620
Set 1,Pos,target,366
Set 1,Pos,target,141
Set 1,Pos,target,368
Set 1,Pos,target,485
Set 1,Pos,target,397
Set 1,Pos,target,216
Set 1,Pos,target,272
Set 1,Pos,target,229
Set 1,Pos,target,202
Set 1,Pos,target,863
Set 1,Pos,target,745
Set 1,Pos,target,341
Set 1,Pos,target,206
Set 1,Pos,target,514
Set 1,Pos,target,843
Set 1,Pos,target,913
Set 1,Pos,target,980
Set 1,Pos,target,511
Set 1,Pos,target,551
Set 1,Pos,target,952
Set 1,Pos,target,573
Set 1,Pos,target,996
Set 1,Pos,target,829
Set 1,Pos,target,996
Set 1,Pos,target,979
Set 1,Pos,target,733
Set 1,Pos,target,941
Set 1,Pos,target,81
Set 1,Pos,target,928
Set 1,Pos,target,975
Set 1,Pos,target,956
Set 1,Pos,target,687
Set 1,Pos,target,510
Set 1,Pos,target,980
Set 1,Pos,target,995
Set 1,Pos,target,982
Set 1,Pos,target,733
Set 1,Pos,target,967
Set 1,Pos,target,303
Set 1,Pos,target,955
Set 1,Pos,target,982
Set 1,Pos,target,494
Set 1,Pos,target,21
Set 1,Pos,target,281
Set 1,Pos,target,104
Set 1,Pos,target,307
Set 1,Pos,target,987
Set 1,Pos,target,972
Set 1,Pos,target,347
Set 1,Pos,target,868
Set 1,Pos,target,739
Set 1,Pos,target,983
Set 1,Pos,target,801
Set 1,Pos,target,998
Set 1,Pos,target,970
Set 1,Pos,target,685
Set 1,Pos,target,855
Set 1,Pos,target,950
Set 1,Pos,target,993
Set 1,Pos,target,991
Set 1,Pos,target,817
Set 1,Pos,target,998
Set 1,Pos,target,829
Set 1,Pos,target,996
Set 1,Pos,target,135
Set 1,Pos,target,933
Set 1,Pos,target,971
Set 1,Pos,target,955
Set 1,Pos,target,108
Set 1,Pos,target,986
Set 1,Pos,target,182
Set 1,Pos,target,980
Set 1,Pos,target,974
Set 1,Pos,target,938
Set 1,Pos,target,944
Set 1,Pos,target,73
Set 1,Pos,target,962
Set 1,Pos,target,939
Set 1,Pos,target,818
Set 1,Pos,target,952
Set 1,Pos,target,1000
Set 1,Pos,target,924
Set 1,Pos,target,995
Set 1,Pos,target,164
Set 1,Pos,target,979
Set 1,Pos,target,6
Set 1,Pos,target,849
Set 1,Pos,target,960
Set 1,Pos,target,9
Set 1,Pos,target,950
Set 1,Pos,target,936
Set 1,Pos,target,949
Set 1,Pos,target,994
Set 1,Pos,target,945
Set 1,Pos,target,981
Set 1,Pos,target,980
Set 1,Pos,target,987
Set 1,Pos,target,144
Set 1,Pos,target,33
Set 1,Pos,target,107
Set 1,Pos,target,827
Set 1,Pos,target,957
Set 1,Pos,target,984
Set 1,Pos,target,957
Set 1,Pos,target,993
Set 1,Pos,target,994
Set 1,Pos,decoy,38
Set 1,Pos,target,75
Set 1,Pos,target,348
Set 1,Pos,target,820
Set 1,Pos,target,993
Set 1,Pos,target,991
Set 1,Pos,target,709
Set 1,Pos,target,997
Set 1,Pos,target,883
Set 1,Pos,target,936
Set 1,Pos,target,994
Set 1,Pos,target,977
Set 1,Pos,target,400
Set 1,Pos,target,896
Set 1,Pos,target,996
Set 1,Pos,target,928
Set 1,Pos,target,976
Set 1,Pos,target,995
Set 1,Pos,target,992
Set 1,Pos,target,885
Set 1,Pos,target,992
Set 1,Pos,target,983
Set 1,Pos,target,985
Set 1,Pos,target,995
Set 1,Pos,target,959
Set 1,Pos,target,995
Set 1,Pos,target,1
Set 1,Pos,target,981
Set 1,Pos,target,980
Set 1,Pos,target,966
Set 1,Pos,target,989
Set 1,Pos,target,998
Set 1,Pos,target,994
Set 1,Pos,target,42
Set 1,Pos,target,977
Set 1,Pos,target,995
Set 1,Pos,target,918
Set 1,Pos,target,996
Set 1,Pos,target,947
Set 1,Pos,target,797
Set 1,Pos,target,885
Set 1,Pos,target,996
Set 1,Pos,target,990
Set 1,Pos,target,982
Set 1,Pos,target,995
Set 1,Pos,target,960
Set 1,Pos,target,996
Set 1,Pos,target,995
Set 1,Pos,target,222
Set 1,Pos,target,996
Set 1,Pos,target,995
Set 1,Pos,target,999
Set 1,Pos,target,968
Set 1,Pos,target,996
Set 1,Pos,target,942
Set 1,Pos,target,989
Set 1,Pos,target,996
Set 1,Pos,target,1000
Set 1,Pos,target,988
Set 1,Pos,target,999
Set 1,Pos,target,984
Set 1,Pos,target,995
Set 1,Pos,target,996
Set 1,Pos,target,618
Set 1,Pos,target,995
Set 1,Pos,target,11
Set 1,Pos,target,858
Set 1,Pos,target,179
Set 1,Pos,target,774
Set 1,Pos,target,926
Set 1,Pos,target,999
Set 1,Pos,target,982
Set 1,Pos,target,999
Set 1,Pos,target,996
Set 1,Pos,target,518
Set 1,Pos,target,993
Set 1,Pos,target,5
Set 1,Pos,target,996
Set 1,Pos,target,53
Set 1,Pos,target,996
Set 1,Pos,target,990
Set 1,Pos,target,666
Set 1,Pos,target,999
Set 1,Pos,target,1
Set 1,Pos,target,987
Set 1,Pos,target,995
Set 1,Pos,target,995
Set 1,Pos,target,996
Set 1,Pos,target,994
Set 1,Pos,target,1000
Set 1,Pos,target,999
Set 1,Pos,target,996
Set 1,Pos,target,993
Set 1,Pos,target,996
Set 1,Pos,target,996
Set 1,Pos,target,999
Set 1,Pos,target,996
Set 1,Pos,target,168
Set 1,Pos,target,925
Set 1,Pos,target,11
Set 1,Pos,target,999
Set 1,Pos,target,1000
Set 1,Pos,target,983
Set 1,Pos,target,994
Set 1,Pos,target,999
Set 1,Pos,target,996
Set 1,Pos,target,996
Set 1,Pos,target,994
Set 1,Pos,target,372
Set 1,Pos,target,996
Set 1,Pos,target,1000
Set 1,Pos,target,981
Set 1,Pos,target,996
Set 1,Pos,target,953
Set 1,Pos,target,849
Set 1,Pos,target,996
Set 1,Pos,target,987
Set 1,Pos,target,15
Set 1,Pos,target,996
Set 1,Pos,target,996
Set 1,Pos,target,4
Set 1,Pos,target,912
Set 1,Pos,target,959
Set 1,Pos,target,837
Set 1,Pos,target,649
Set 1,Pos,target,957
Set 1,Pos,target,998
Set 1,Pos,target,38
Set 1,Pos,target,989
Set 1,Pos,target,653
Set 1,Pos,target,973
Set 1,Pos,target,40
Set 1,Pos,target,996
Set 1,Pos,target,928
Set 1,Pos,target,1000
Set 1,Pos,target,996
Set 1,Pos,target,999
Set 1,Pos,target,996
Set 1,Pos,target,788
Set 1,Pos,target,992
Set 1,Pos,target,996
Set 1,Pos,target,1000
Set 1,Pos,target,996
Set 1,Pos,target,953
Set 1,Pos,target,946
Set 1,Pos,target,996
Set 1,Pos,target,1000
Set 1,Pos,target,996
Set 1,Pos,target,1000
Set 1,Pos,target,1000
Set 1,Pos,target,989
Set 1,Pos,target,21
Set 1,Pos,target,969
Set 1,Pos,target,996
Set 1,Pos,target,1000
Set 1,Pos,target,996
Set 1,Pos,target,10
Set 1,Pos,target,894
Set 1,Pos,target,997
Set 1,Pos,target,895
Set 1,Pos,target,999
Set 1,Pos,target,884
Set 1,Pos,target,999
Set 1,Pos,target,999
Set 1,Pos,target,998
Set 1,Pos,target,886
Set 1,Pos,target,996
Set 1,Pos,target,4
Set 1,Pos,target,1000
Set 1,Pos,target,999
Set 1,Pos,target,456
Set 1,Pos,target,982
Set 1,Pos,target,996
Set 1,Pos,target,848
Set 1,Pos,target,809
Set 1,Pos,target,995
Set 1,Pos,target,999
Set 1,Pos,target,991
Set 1,Pos,target,1000
Set 1,Pos,target,996
Set 1,Pos,target,995
Set 1,Pos,target,996
Set 1,Pos,target,996
Set 1,Pos,target,996
Set 1,Pos,target,927
Set 1,Pos,target,932
Set 1,Pos,target,996
Set 1,Pos,target,887
Set 1,Pos,target,937
Set 1,Pos,target,996
Set 1,Pos,target,988
Set 1,Pos,target,996
Set 1,Pos,target,997
Set 1,Pos,target,1000
Set 1,Pos,target,996
Set 1,Pos,target,996
Set 1,Pos,target,841
Set 1,Pos,target,910
Set 1,Pos,target,1000
Set 1,Pos,target,999
Set 1,Pos,target,978
Set 1,Pos,target,983
Set 1,Pos,target,744
Set 1,Pos,target,540
Set 1,Pos,target,1000
Set 1,Pos,target,996
Set 1,Pos,target,1000
Set 1,Pos,target,996
Set 1,Pos,target,995
Set 1,Pos,target,981
Set 1,Pos,target,996
Set 1,Pos,target,996
Set 1,Pos,target,996
Set 1,Pos,target,1000
Set 1,Pos,target,995
Set 1,Pos,target,996
Set 1,Pos,target,987
Set 1,Pos,target,933
Set 1,Pos,target,995
Set 1,Pos,target,690
Set 1,Pos,target,992
Set 1,Pos,target,670
Set 1,Pos,target,986
Set 1,Pos,target,915
Set 1,Pos,target,51
Set 1,Pos,target,1000
Set 1,Pos,target,1000
Set 1,Pos,target,999
Set 1,Pos,target,4
Set 1,Pos,target,640
Set 1,Pos,target,990
Set 1,Pos,target,864
Set 1,Pos,target,996
Set 1,Pos,target,991
Set 1,Pos,target,771
Set 1,Pos,target,24
Set 1,Pos,target,996
Set 1,Pos,target,1000
Set 1,Pos,target,996
Set 1,Pos,target,996
Set 1,Pos,target,898
Set 1,Pos,target,848
Set 1,Pos,target,995
Set 1,Pos,target,992
Set 1,Pos,target,995
Set 1,Pos,target,1000
Set 1,Pos,target,1000
Set 1,Pos,target,996
Set 1,Pos,target,897
Set 1,Pos,target,901
Set 1,Pos,target,989
Set 1,Pos,target,931
Set 1,Pos,target,994
Set 1,Pos,target,12
Set 1,Pos,target,6
Set 1,Pos,target,999
Set 1,Pos,target,996
Set 1,Pos,target,1000
Set 1,Pos,target,987
Set 1,Pos,target,914
Set 1,Pos,target,1000
Set 1,Pos,target,991
Set 1,Pos,target,993
Set 1,Pos,target,996
Set 1,Pos,target,1000
Set 1,Pos,target,1000
Set 1,Pos,target,1000
Set 1,Pos,target,1000
Set 1,Pos,target,996
Set 1,Pos,target,996
Set 1,Pos,target,996
Set 1,Pos,target,996
Set 1,Pos,target,964
Set 1,Pos,target,971
Set 1,Pos,target,999
Set 1,Pos,target,999
Set 1,Pos,target,826
Set 1,Pos,target,961
Set 1,Pos,target,853
Set 1,Pos,target,1000
Set 1,Pos,target,999
Set 1,Pos,target,805
Set 1,Pos,target,460
Set 1,Pos,target,504
Set 1,Pos,target,996
Set 1,Pos,target,983
Set 1,Pos,target,996
Set 1,Pos,target,639
Set 1,Pos,target,1000
Set 1,Pos,target,827
Set 1,Pos,target,1000
Set 1,Pos,target,996
Set 1,Pos,target,97
Set 1,Pos,target,113
Set 1,Pos,target,815
Set 1,Pos,target,965
Set 1,Pos,target,986
Set 1,Pos,target,975
Set 1,Pos,target,7
Set 1,Pos,target,929
Set 1,Pos,target,999
Set 1,Pos,target,1000
Set 1,Pos,target,174
Set 1,Pos,target,997
Set 1,Pos,target,658
Set 1,Pos,target,987
Set 1,Pos,target,649
Set 1,Pos,target,441
Set 1,Pos,target,832
Set 1,Pos,target,1000
Set 1,Pos,target,681
Set 1,Pos,target,996
Set 1,Pos,target,832
Set 1,Pos,target,381
Set 1,Pos,target,996
Set 1,Pos,target,995
Set 1,Pos,target,235
Set 1,Pos,target,999
Set 1,Pos,decoy,44
Set 1,Pos,target,907
Set 1,Pos,target,999
Set 1,Pos,target,999
Set 1,Pos,target,517
Set 1,Pos,target,893
Set 1,Pos,target,623
Set 1,Pos,target,774
Set 1,Pos,target,84
Set 1,Pos,target,896
Set 1,Pos,target,1000
Set 1,Pos,target,226
Set 1,Pos,target,492
Set 1,Pos,target,183
Set 1,Pos,target,3
Set 1,Pos,target,990
Set 1,Pos,target,630
Set 1,Pos,target,364
Set 1,Pos,target,759
Set 1,Pos,target,14
Set 1,Pos,target,210
Set 1,Pos,target,739
Set 1,Pos,target,996
Set 1,Pos,target,637
Set 1,Pos,target,933
Set 1,Pos,decoy,161
Set 1,Pos,target,995
Set 1,Pos,target,120
Set 1,Pos,target,193
Set 1,Pos,target,338
Set 1,Pos,target,996
Set 1,Pos,target,835
Set 1,Pos,target,981
Set 1,Pos,target,68
Set 1,Pos,target,879
Set 1,Pos,target,998
Set 1,Pos,target,699
Set 1,Pos,target,541
Set 1,Pos,target,951
Set 1,Pos,target,540
Set 1,Pos,target,511
Set 1,Pos,target,639
Set 1,Pos,target,982
Set 1,Pos,target,470
Set 1,Pos,target,26
Set 1,Pos,target,948
Set 1,Pos,target,860
Set 1,Pos,target,996
Set 1,Pos,target,792
Set 1,Pos,target,553
Set 1,Pos,target,794
Set 1,Pos,target,867
Set 1,Pos,target,844
Set 1,Pos,target,994
Set 1,Pos,target,840
Set 1,Pos,target,40
Set 1,Pos,target,999
Set 1,Pos,target,999
Set 1,Pos,target,943
Set 1,Pos,target,190
Set 1,Pos,target,138
Set 1,Pos,target,840
Set 1,Pos,target,996
Set 1,Pos,target,219
Set 1,Pos,target,935
Set 1,Pos,target,640
Set 1,Pos,target,801
Set 1,Pos,target,964
Set 1,Pos,target,996
Set 1,Pos,target,450
Set 1,Pos,target,831
Set 1,Pos,target,995
Set 1,Pos,target,768
Set 1,Pos,target,995
Set 1,Pos,target,655
Set 1,Pos,target,454
Set 1,Pos,target,789
Set 1,Pos,target,996
Set 1,Pos,target,986
Set 1,Pos,target,925
Set 1,Pos,target,369
Set 1,Pos,target,846
Set 1,Pos,target,996
Set 1,Pos,target,161
Set 1,Pos,target,797
Set 1,Pos,target,603
Set 1,Pos,target,707
Set 1,Pos,target,924
Set 1,Pos,target,970
Set 1,Pos,target,945
Set 1,Pos,decoy,96
Set 1,Pos,target,329
Set 1,Pos,target,747
Set 1,Pos,target,996
Set 1,Pos,target,374
Set 1,Pos,target,339
Set 1,Pos,target,667
Set 1,Pos,target,319
Set 1,Pos,target,975
Set 1,Pos,target,958
Set 1,Pos,target,980
Set 1,Pos,target,895
Set 1,Pos,target,650
Set 1,Pos,target,996
Set 1,Pos,target,508
Set 1,Pos,target,433
Set 1,Pos,target,488
Set 1,Pos,target,999
Set 1,Pos,target,996
Set 1,Pos,target,786
Set 1,Pos,decoy,36
Set 1,Pos,target,483
Set 1,Pos,target,485
Set 1,Pos,target,995
Set 1,Pos,target,858
Set 1,Pos,target,666
Set 1,Pos,target,961
Set 1,Pos,target,995
Set 1,Pos,target,988
Set 1,Pos,target,865
Set 1,Pos,decoy,23
Set 1,Pos,target,995
Set 1,Pos,target,995
Set 1,Pos,target,767
Set 1,Pos,target,996
Set 1,Pos,target,988
Set 1,Pos,target,381
Set 1,Pos,target,511
Set 1,Pos,target,749
Set 1,Pos,target,801
Set 1,Pos,target,995
Set 1,Pos,target,691
Set 1,Pos,target,804
Set 1,Pos,target,994
Set 1,Pos,target,669
Set 1,Pos,target,958
Set 1,Pos,target,511
Set 1,Pos,target,540
Set 1,Pos,target,928
Set 1,Pos,target,801
Set 1,Pos,decoy,115
Set 1,Pos,target,965
Set 1,Pos,decoy,64
Set 1,Pos,target,751
Set 1,Pos,target,999
Set 1,Pos,target,656
Set 1,Pos,target,840
Set 1,Pos,target,248
Set 1,Pos,target,757
Set 1,Pos,target,784
Set 1,Pos,target,777
Set 1,Pos,target,995
Set 1,Pos,target,986
Set 1,Pos,target,995
Set 1,Pos,target,9
Set 1,Pos,target,606
Set 1,Pos,target,543
Set 1,Pos,target,244
Set 1,Pos,target,798
Set 1,Pos,target,854
Set 1,Pos,target,519
Set 1,Pos,target,990
Set 1,Pos,target,699
Set 1,Pos,target,991
Set 1,Pos,target,780
Set 1,Pos,target,718
Set 1,Pos,target,995
Set 1,Pos,target,996
Set 1,Pos,target,995
Set 1,Pos,target,702
Set 1,Pos,target,742
Set 1,Pos,target,994
Set 1,Pos,target,993
Set 1,Pos,target,805
Set 1,Pos,target,608
Set 1,Pos,target,897
Set 1,Pos,target,997
Set 1,Pos,target,461
Set 1,Pos,target,56
Set 1,Pos,target,963
Set 1,Pos,target,698
Set 1,Pos,target,957
Set 1,Pos,target,704
Set 1,Pos,target,865
Set 1,Pos,target,997
Set 1,Pos,target,934
Set 1,Pos,target,996
Set 1,Pos,target,990
Set 1,Pos,target,979
Set 1,Pos,target,442
Set 1,Pos,target,973
Set 1,Pos,target,926
Set 1,Pos,target,784
Set 1,Pos,target,701
Set 1,Pos,target,981
Set 1,Pos,target,706
Set 1,Pos,target,576
Set 1,Pos,target,991
Set 1,Pos,target,564
Set 1,Pos,target,991
Set 1,Pos,target,989
Set 1,Pos,target,845
Set 1,Pos,target,810
Set 1,Pos,target,972
Set 1,Pos,target,995
Set 1,Pos,target,996
Set 1,Pos,target,994
Set 1,Pos,target,805
Set 1,Pos,target,85
Set 1,Pos,target,743
Set 1,Pos,target,32
Set 1,Pos,target,924
Set 1,Pos,target,783
Set 1,Pos,target,22
Set 1,Pos,target,996
Set 1,Pos,target,978
Set 1,Pos,target,996
Set 1,Pos,target,931
Set 1,Pos,target,924
Set 1,Pos,target,983
Set 1,Pos,target,521
Set 1,Pos,target,310
Set 1,Pos,target,826
Set 1,Pos,target,979
Set 1,Pos,target,711
Set 1,Pos,target,987
Set 1,Pos,target,989
Set 1,Pos,target,933
Set 1,Pos,target,552
Set 1,Pos,target,997
Set 1,Pos,target,995
Set 1,Pos,target,682
Set 1,Pos,target,992
Set 1,Pos,target,793
Set 1,Pos,target,994
Set 1,Pos,target,172
Set 1,Pos,target,380
Set 1,Pos,target,14
Set 1,Pos,target,731
Set 1,Pos,target,876
Set 1,Pos,target,995
Set 1,Pos,target,875
Set 1,Pos,target,980
Set 1,Pos,target,994
Set 1,Pos,target,501
Set 1,Pos,target,979
Set 1,Pos,target,131
Set 1,Pos,target,988
Set 1,Pos,target,990
Set 1,Pos,target,558
Set 1,Pos,target,995
Set 1,Pos,target,996
Set 1,Pos,target,914
Set 1,Pos,target,674
Set 1,Pos,target,961
Set 1,Pos,target,146
Set 1,Pos,target,986
Set 1,Pos,target,130
Set 1,Pos,target,714
Set 1,Pos,target,7
Set 1,Pos,target,782
Set 1,Pos,target,978
Set 1,Pos,target,690
Set 1,Pos,target,985
Set 1,Pos,target,135
Set 1,Pos,target,982
Set 1,Pos,target,948
Set 1,Pos,target,983
Set 1,Pos,target,991
Set 1,Pos,target,500
Set 1,Pos,target,993
Set 1,Pos,target,994
Set 1,Pos,target,649
Set 1,Pos,target,465
Set 1,Pos,target,991
Set 1,Pos,target,894
Set 1,Pos,target,146
Set 1,Pos,target,583
Set 1,Pos,target,970
Set 1,Pos,target,4
Set 1,Pos,target,155
Set 1,Pos,target,954
Set 1,Pos,target,242
Set 1,Pos,target,974
Set 1,Pos,target,939
Set 1,Pos,target,118
Set 1,Pos,target,993
Set 1,Pos,target,994
Set 1,Pos,target,980
Set 1,Pos,target,987
Set 1,Pos,target,585
Set 1,Pos,target,992
Set 1,Pos,target,237
Set 1,Pos,target,981
Set 1,Pos,target,493
Set 1,Pos,target,991
Set 1,Pos,target,731
Set 1,Pos,target,9
Set 1,Pos,target,787
Set 1,Pos,target,3
Set 1,Pos,target,744
Set 1,Pos,target,718
Set 1,Pos,target,979
Set 1,Pos,target,934
Set 1,Pos,target,799
Set 1,Pos,target,117
Set 1,Pos,target,972
Set 1,Pos,target,61
Set 1,Pos,target,975
Set 1,Pos,target,985
Set 1,Pos,target,987
Set 1,Pos,target,915
Set 1,Pos,target,984
Set 1,Pos,target,68
Set 1,Pos,target,988
Set 1,Pos,target,759
Set 1,Pos,target,837
Set 1,Pos,target,374
Set 1,Pos,target,3
Set 1,Pos,target,176
Set 1,Pos,target,84
Set 1,Pos,target,982
Set 1,Pos,target,860
Set 1,Pos,target,906
Set 1,Pos,target,855
Set 1,Pos,target,955
Set 1,Pos,target,985
Set 1,Pos,target,987
Set 1,Pos,target,968
Set 1,Pos,target,991
Set 1,Pos,target,978
Set 1,Pos,target,648
Set 1,Pos,target,977
Set 1,Pos,target,804
Set 1,Pos,target,894
Set 1,Pos,target,116
Set 1,Pos,target,167
Set 1,Pos,target,733
Set 1,Pos,target,944
Set 1,Pos,target,649
Set 1,Pos,target,962
Set 1,Pos,target,230
Set 1,Pos,decoy,37
Set 1,Pos,target,95
Set 1,Pos,target,995
Set 1,Pos,target,979
Set 1,Pos,target,987
Set 1,Pos,target,977
Set 1,Pos,target,993
Set 1,Pos,target,589
Set 1,Pos,target,88
Set 1,Pos,target,728
Set 1,Pos,target,949
Set 1,Pos,target,40
Set 1,Pos,target,976
Set 1,Pos,target,2
Set 1,Pos,target,947
Set 1,Pos,target,983
Set 1,Pos,target,713
Set 1,Pos,target,741
Set 1,Pos,target,846
Set 1,Pos,target,987
Set 1,Pos,target,985
Set 1,Pos,target,991
Set 1,Pos,target,985
Set 1,Pos,target,208
Set 1,Pos,target,716
Set 1,Pos,target,885
Set 1,Pos,target,74
Set 1,Pos,target,124
Set 1,Pos,target,1
Set 1,Pos,target,196
Set 1,Pos,target,923
Set 1,Pos,target,978
Set 1,Pos,target,902
Set 1,Pos,target,649
Set 1,Pos,target,984
Set 1,Pos,target,65
Set 1,Pos,target,921
Set 1,Pos,target,991
Set 1,Pos,target,170
Set 1,Pos,target,992
Set 1,Pos,target,993
Set 1,Pos,target,476
Set 1,Pos,target,145
Set 1,Pos,target,905
Set 1,Pos,target,12
Set 1,Pos,target,499
Set 1,Pos,target,985
Set 1,Pos,target,981
Set 1,Pos,target,983
Set 1,Pos,target,979
Set 1,Pos,target,860
Set 1,Pos,target,996
Set 1,Pos,target,184
Set 1,Pos,target,989
Set 1,Pos,target,644
Set 1,Pos,target,460
Set 1,Pos,target,998
Set 1,Pos,target,994
Set 1,Pos,target,995
Set 1,Pos,target,85
Set 1,Pos,target,53
Set 1,Pos,target,989
Set 1,Pos,target,995
Set 1,Pos,target,992
Set 1,Pos,target,997
Set 1,Pos,target,965
Set 1,Pos,target,986
Set 1,Pos,target,258
Set 1,Pos,target,776
Set 1,Pos,target,873
Set 1,Pos,target,417
Set 1,Pos,target,12
Set 1,Pos,target,409
Set 1,Pos,target,452
Set 1,Pos,target,915
Set 1,Pos,target,431
Set 1,Pos,target,770
Set 1,Pos,target,606
Set 1,Pos,target,126
Set 1,Pos,target,983
Set 1,Pos,target,971
Set 1,Pos,target,639
Set 1,Pos,target,870
Set 1,Pos,target,976
Set 1,Pos,target,307
Set 1,Pos,target,994
Set 1,Pos,target,867
Set 1,Pos,target,810
Set 1,Pos,target,959
Set 1,Pos,target,944
Set 1,Pos,target,817
Set 1,Pos,target,981
Set 1,Pos,target,997
Set 1,Pos,target,980
Set 1,Pos,target,117
Set 1,Pos,target,3
Set 1,Pos,target,816
Set 1,Pos,target,969
Set 1,Pos,target,847
Set 1,Pos,target,956
Set 1,Pos,target,124
Set 1,Pos,target,281
Set 1,Pos,target,934
Set 1,Pos,target,828
Set 1,Pos,target,840
Set 1,Pos,target,8
Set 1,Pos,target,942
Set 1,Pos,target,134
Set 1,Pos,target,937
Set 1,Pos,target,1000
Set 1,Pos,target,996
Set 1,Pos,target,15
Set 1,Pos,target,16
Set 1,Pos,target,935
Set 1,Pos,target,941
Set 1,Pos,target,939
Set 1,Pos,target,936
Set 1,Pos,target,212
Set 1,Pos,target,23
Set 1,Pos,target,827
Set 1,Pos,target,209
Set 1,Pos,target,947
Set 1,Pos,target,988
Set 1,Pos,target,942
Set 1,Pos,target,14
Set 1,Pos,target,970
Set 1,Pos,target,25
Set 1,Pos,target,940
Set 1,Pos,target,948
Set 1,Pos,target,915
Set 1,Pos,target,946
Set 1,Pos,target,977
Set 1,Pos,target,991
Set 1,Pos,target,984
Set 1,Pos,target,762
Set 1,Pos,target,992
Set 1,Pos,target,988
Set 1,Pos,target,977
Set 1,Pos,target,994
Set 1,Pos,target,993
Set 1,Pos,target,958
Set 1,Pos,target,1
Set 1,Pos,target,980
Set 1,Pos,target,989
Set 1,Pos,target,986
Set 1,Pos,target,994
Set 1,Pos,target,938
Set 1,Pos,target,83
Set 1,Pos,target,994
Set 1,Pos,target,995
Set 1,Pos,target,794
Set 1,Pos,target,989
Set 1,Pos,target,950
Set 1,Pos,target,995
Set 1,Pos,target,996
Set 1,Pos,target,995
Set 1,Pos,target,996
Set 1,Pos,target,733
Set 1,Pos,target,996
Set 1,Pos,target,145
Set 1,Pos,target,865
Set 1,Pos,target,892
Set 1,Pos,target,909
Set 1,Pos,target,996
Set 1,Pos,target,992
Set 1,Pos,target,999
Set 1,Pos,target,995
Set 1,Pos,target,974
Set 1,Pos,target,999
Set 1,Pos,target,25
Set 1,Pos,target,996
Set 1,Pos,target,741
Set 1,Pos,target,658
Set 1,Pos,target,996
Set 1,Pos,target,916
Set 1,Pos,target,915
Set 1,Pos,target,214
Set 1,Pos,target,923
Set 1,Pos,target,843
Set 1,Pos,target,988
Set 1,Pos,target,999
Set 1,Pos,target,996
Set 1,Pos,target,987
Set 1,Pos,target,6
Set 1,Pos,target,996
Set 1,Pos,target,998
Set 1,Pos,target,969
Set 1,Pos,target,994
Set 1,Pos,target,506
Set 1,Pos,target,997
Set 1,Pos,target,986
Set 1,Pos,target,996
Set 1,Pos,target,994
Set 1,Pos,target,996
Set 1,Pos,target,999
Set 1,Pos,target,1
Set 1,Pos,target,912
Set 1,Pos,target,997
Set 1,Pos,target,996
Set 1,Pos,target,999
Set 1,Pos,target,999
Set 1,Pos,target,999
Set 1,Pos,target,994
Set 1,Pos,target,996
Set 1,Pos,target,999
Set 1,Pos,target,801
Set 1,Pos,target,996
Set 1,Pos,target,798
Set 1,Pos,target,802
Set 1,Pos,target,754
Set 1,Pos,target,182
Set 1,Pos,target,884
Set 1,Pos,target,9
Set 1,Pos,target,1000
Set 1,Pos,target,996
Set 1,Pos,target,996
Set 1,Pos,target,1000
Set 1,Pos,target,999
Set 1,Pos,target,993
Set 1,Pos,target,966
Set 1,Pos,target,332
Set 1,Pos,target,11
Set 1,Pos,target,24
Set 1,Pos,target,996
Set 1,Pos,target,1000
Set 1,Pos,target,999
Set 1,Pos,target,964
Set 1,Pos,target,956
Set 1,Pos,target,996
Set 1,Pos,target,876
Set 1,Pos,target,999
Set 1,Pos,target,815
Set 1,Pos,target,996
Set 1,Pos,target,954
Set 1,Pos,target,878
Set 1,Pos,target,987
Set 1,Pos,target,610
Set 1,Pos,target,996
Set 1,Pos,target,68
Set 1,Pos,target,996
Set 1,Pos,target,318
Set 1,Pos,target,1000
Set 1,Pos,target,960
Set 1,Pos,target,999
Set 1,Pos,target,801
Set 1,Pos,target,996
Set 1,Pos,target,989
Set 1,Pos,target,55
Set 1,Pos,target,996
Set 1,Pos,target,964
Set 1,Pos,target,972
Set 1,Pos,target,996
Set 1,Pos,target,933
Set 1,Pos,target,996
Set 1,Pos,target,1000
Set 1,Pos,target,617
Set 1,Pos,target,968
Set 1,Pos,target,1000
Set 1,Pos,target,996
Set 1,Pos,target,995
Set 1,Pos,target,996
Set 1,Pos,target,996
Set 1,Pos,target,1000
Set 1,Pos,target,996
Set 1,Pos,target,996
Set 1,Pos,target,924
Set 1,Pos,target,996
Set 1,Pos,target,996
Set 1,Pos,target,897
Set 1,Pos,target,995
Set 1,Pos,target,997
Set 1,Pos,target,873
Set 1,Pos,target,999
Set 1,Pos,target,999
Set 1,Pos,target,999
Set 1,Pos,target,1000
Set 1,Pos,target,996
Set 1,Pos,target,733
Set 1,Pos,target,1000
Set 1,Pos,target,626
Set 1,Pos,target,998
Set 1,Pos,target,992
Set 1,Pos,target,999
Set 1,Pos,target,996
Set 1,Pos,target,1000
Set 1,Pos,target,993
Set 1,Pos,target,881
Set 1,Pos,target,913
Set 1,Pos,target,996
Set 1,Pos,target,985
Set 1,Pos,target,18
Set 1,Pos,target,887
Set 1,Pos,target,815
Set 1,Pos,target,998
Set 1,Pos,target,997
Set 1,Pos,target,924
Set 1,Pos,target,996
Set 1,Pos,target,887
Set 1,Pos,target,996
Set 1,Pos,target,929
Set 1,Pos,target,996
Set 1,Pos,target,1000
Set 1,Pos,target,1000
Set 1,Pos,target,996
Set 1,Pos,target,996
Set 1,Pos,target,537
Set 1,Pos,target,998
Set 1,Pos,target,996
Set 1,Pos,target,996
Set 1,Pos,target,996
Set 1,Pos,target,999
Set 1,Pos,target,916
Set 1,Pos,target,1000
Set 1,Pos,target,999
Set 1,Pos,target,898
Set 1,Pos,target,980
Set 1,Pos,target,1000
Set 1,Pos,target,996
Set 1,Pos,target,995
Set 1,Pos,target,239
Set 1,Pos,target,1000
Set 1,Pos,target,995
Set 1,Pos,target,984
Set 1,Pos,target,996
Set 1,Pos,target,634
Set 1,Pos,target,996
Set 1,Pos,target,650
Set 1,Pos,target,978
Set 1,Pos,target,1000
Set 1,Pos,target,174
Set 1,Pos,target,4
Set 1,Pos,target,996
Set 1,Pos,target,23
Set 1,Pos,target,1000
Set 1,Pos,target,998
Set 1,Pos,target,996
Set 1,Pos,target,993
Set 1,Pos,target,990
Set 1,Pos,target,765
Set 1,Pos,target,793
Set 1,Pos,target,1000
Set 1,Pos,target,996
Set 1,Pos,target,944
Set 1,Pos,target,996
Set 1,Pos,target,871
Set 1,Pos,target,784
Set 1,Pos,target,995
Set 1,Pos,target,992
Set 1,Pos,target,380
Set 1,Pos,target,3
Set 1,Pos,target,1000
Set 1,Pos,target,1000
Set 1,Pos,target,1000
Set 1,Pos,target,914
Set 1,Pos,target,995
Set 1,Pos,target,747
Set 1,Pos,target,999
Set 1,Pos,target,992
Set 1,Pos,target,894
Set 1,Pos,target,907
Set 1,Pos,target,996
Set 1,Pos,target,868
Set 1,Pos,target,996
Set 1,Pos,target,993
Set 1,Pos,target,3
Set 1,Pos,target,995
Set 1,Pos,target,991
Set 1,Pos,target,999
Set 1,Pos,target,1000
Set 1,Pos,target,993
Set 1,Pos,target,1000
Set 1,Pos,target,1000
Set 1,Pos,target,1000
Set 1,Pos,target,996
Set 1,Pos,target,996
Set 1,Pos,target,995
Set 1,Pos,target,815
Set 1,Pos,target,970
Set 1,Pos,target,995
Set 1,Pos,target,999
Set 1,Pos,target,23
Set 1,Pos,target,999
Set 1,Pos,target,868
Set 1,Pos,target,962
Set 1,Pos,target,1000
Set 1,Pos,target,915
Set 1,Pos,target,899
Set 1,Pos,target,1000
Set 1,Pos,target,989
Set 1,Pos,target,999
Set 1,Pos,target,802
Set 1,Pos,target,999
Set 1,Pos,target,528
Set 1,Pos,target,996
Set 1,Pos,target,983
Set 1,Pos,target,764
Set 1,Pos,target,996
Set 1,Pos,target,1000
Set 1,Pos,target,846
Set 1,Pos,target,1000
Set 1,Pos,target,263
Set 1,Pos,target,1000
Set 1,Pos,target,1000
Set 1,Pos,target,782
Set 1,Pos,target,933
Set 1,Pos,target,996
Set 1,Pos,target,162
Set 1,Pos,target,986
Set 1,Pos,target,996
Set 1,Pos,target,951
Set 1,Pos,target,5
Set 1,Pos,target,106
Set 1,Pos,target,999
Set 1,Pos,target,987
Set 1,Pos,target,1
Set 1,Pos,target,663
Set 1,Pos,target,746
Set 1,Pos,target,993
Set 1,Pos,target,440
Set 1,Pos,target,983
Set 1,Pos,target,828
Set 1,Pos,target,761
Set 1,Pos,target,837
Set 1,Pos,target,439
Set 1,Pos,target,721
Set 1,Pos,target,748
Set 1,Pos,target,995
Set 1,Pos,target,996
Set 1,Pos,target,400
Set 1,Pos,target,561
Set 1,Pos,target,867
Set 1,Pos,target,999
Set 1,Pos,target,605
Set 1,Pos,decoy,35
Set 1,Pos,target,696
Set 1,Pos,target,999
Set 1,Pos,target,853
Set 1,Pos,target,744
Set 1,Pos,target,999
Set 1,Pos,target,221
Set 1,Pos,target,999
Set 1,Pos,target,1000
Set 1,Pos,target,996
Set 1,Pos,target,999
Set 1,Pos,target,994
Set 1,Pos,target,995
Set 1,Pos,target,1
Set 1,Pos,target,355
Set 1,Pos,target,809
Set 1,Pos,target,683
Set 1,Pos,target,851
Set 1,Pos,target,632
Set 1,Pos,target,392
Set 1,Pos,target,536
Set 1,Pos,target,637
Set 1,Pos,target,888
Set 1,Pos,decoy,147
Set 1,Pos,target,814
Set 1,Pos,target,186
Set 1,Pos,target,195
Set 1,Pos,target,829
Set 1,Pos,target,978
Set 1,Pos,target,877
Set 1,Pos,target,1000
Set 1,Pos,target,172
Set 1,Pos,target,895
Set 1,Pos,target,995
Set 1,Pos,target,270
Set 1,Pos,target,793
Set 1,Pos,target,998
Set 1,Pos,target,996
Set 1,Pos,target,643
Set 1,Pos,target,984
Set 1,Pos,target,233
Set 1,Pos,target,639
Set 1,Pos,target,441
Set 1,Pos,target,684
Set 1,Pos,target,942
Set 1,Pos,target,906
Set 1,Pos,target,510
Set 1,Pos,target,818
Set 1,Pos,target,812
Set 1,Pos,target,852
Set 1,Pos,target,860
Set 1,Pos,target,807
Set 1,Pos,target,999
Set 1,Pos,target,948
Set 1,Pos,target,772
Set 1,Pos,target,999
Set 1,Pos,target,153
Set 1,Pos,target,580
Set 1,Pos,target,344
Set 1,Pos,target,848
Set 1,Pos,target,996
Set 1,Pos,target,956
Set 1,Pos,target,242
Set 1,Pos,target,956
Set 1,Pos,target,996
Set 1,Pos,target,789
Set 1,Pos,target,596
Set 1,Pos,target,374
Set 1,Pos,target,995
Set 1,Pos,target,991
Set 1,Pos,target,48
Set 1,Pos,target,597
Set 1,Pos,target,595
Set 1,Pos,target,435
Set 1,Pos,target,805
Set 1,Pos,target,970
Set 1,Pos,target,986
Set 1,Pos,target,990
Set 1,Pos,target,929
Set 1,Pos,target,973
Set 1,Pos,target,995
Set 1,Pos,target,570
Set 1,Pos,target,817
Set 1,Pos,target,733
Set 1,Pos,target,918
Set 1,Pos,target,959
Set 1,Pos,target,739
Set 1,Pos,target,940
Set 1,Pos,target,996
Set 1,Pos,target,303
Set 1,Pos,target,816
Set 1,Pos,target,995
Set 1,Pos,target,716
Set 1,Pos,target,365
Set 1,Pos,target,994
Set 1,Pos,target,575
Set 1,Pos,target,949
Set 1,Pos,target,982
Set 1,Pos,target,836
Set 1,Pos,target,619
Set 1,Pos,target,996
Set 1,Pos,target,568
Set 1,Pos,decoy,32
Set 1,Pos,target,996
Set 1,Pos,target,786
Set 1,Pos,target,999
Set 1,Pos,target,505
Set 1,Pos,target,904
Set 1,Pos,target,995
Set 1,Pos,target,853
Set 1,Pos,target,651
Set 1,Pos,target,815
Set 1,Pos,target,940
Set 1,Pos,target,996
Set 1,Pos,target,639
Set 1,Pos,target,983
Set 1,Pos,target,869
Set 1,Pos,decoy,32
Set 1,Pos,target,523
Set 1,Pos,target,783
Set 1,Pos,target,394
Set 1,Pos,target,679
Set 1,Pos,target,995
Set 1,Pos,target,583
Set 1,Pos,target,996
Set 1,Pos,target,988
Set 1,Pos,target,669
Set 1,Pos,target,680
Set 1,Pos,target,650
Set 1,Pos,target,791
Set 1,Pos,decoy,612
Set 1,Pos,target,702
Set 1,Pos,target,918
Set 1,Pos,target,884
Set 1,Pos,target,992
Set 1,Pos,target,297
Set 1,Pos,target,940
Set 1,Pos,target,996
Set 1,Pos,target,962
Set 1,Pos,decoy,64
Set 1,Pos,target,999
Set 1,Pos,target,730
Set 1,Pos,target,635
Set 1,Pos,target,816
Set 1,Pos,target,995
Set 1,Pos,target,996
Set 1,Pos,decoy,78
Set 1,Pos,target,852
Set 1,Pos,target,658
Set 1,Pos,target,790
Set 1,Pos,target,156
Set 1,Pos,target,732
Set 1,Pos,target,986
Set 1,Pos,target,466
Set 1,Pos,target,810
Set 1,Pos,target,993
Set 1,Pos,target,850
Set 1,Pos,target,929
Set 1,Pos,target,986
Set 1,Pos,target,694
Set 1,Pos,target,678
Set 1,Pos,target,695
Set 1,Pos,target,779
Set 1,Pos,target,996
Set 1,Pos,target,851
Set 1,Pos,target,424
Set 1,Pos,target,995
Set 1,Pos,target,995
Set 1,Pos,target,503
Set 1,Pos,target,954
Set 1,Pos,target,708
Set 1,Pos,target,757
Set 1,Pos,target,75
Set 1,Pos,target,892
Set 1,Pos,target,449
Set 1,Pos,target,963
Set 1,Pos,target,723
Set 1,Pos,target,995
Set 1,Pos,target,701
Set 1,Pos,target,867
Set 1,Pos,target,996
Set 1,Pos,target,993
Set 1,Pos,target,556
Set 1,Pos,target,988
Set 1,Pos,target,991
Set 1,Pos,target,984
Set 1,Pos,target,882
Set 1,Pos,target,734
Set 1,Pos,target,236
Set 1,Pos,target,995
Set 1,Pos,target,653
Set 1,Pos,target,285
Set 1,Pos,target,808
Set 1,Pos,target,993
Set 1,Pos,target,871
Set 1,Pos,target,747
Set 1,Pos,target,518
Set 1,Pos,target,988
Set 1,Pos,target,980
Set 1,Pos,target,975
Set 1,Pos,target,997
Set 1,Pos,target,995
Set 1,Pos,target,759
Set 1,Pos,target,971
Set 1,Pos,target,204
Set 1,Pos,target,986
Set 1,Pos,target,912
Set 1,Pos,target,8
Set 1,Pos,target,993
Set 1,Pos,target,806
Set 1,Pos,target,980
Set 1,Pos,target,643
Set 1,Pos,target,993
Set 1,Pos,target,914
Set 1,Pos,target,986
Set 1,Pos,target,995
Set 1,Pos,target,860
Set 1,Pos,target,473
Set 1,Pos,target,994
Set 1,Pos,target,846
Set 1,Pos,target,983
Set 1,Pos,target,815
Set 1,Pos,target,414
Set 1,Pos,target,994
Set 1,Pos,target,975
Set 1,Pos,target,948
Set 1,Pos,target,750
Set 1,Pos,target,226
Set 1,Pos,target,949
Set 1,Pos,target,628
Set 1,Pos,target,7
Set 1,Pos,target,122
Set 1,Pos,target,994
Set 1,Pos,target,174
Set 1,Pos,target,979
Set 1,Pos,target,433
Set 1,Pos,target,992
Set 1,Pos,target,634
Set 1,Pos,target,993
Set 1,Pos,target,993
Set 1,Pos,target,87
Set 1,Pos,target,990
Set 1,Pos,target,979
Set 1,Pos,target,764
Set 1,Pos,target,442
Set 1,Pos,target,925
Set 1,Pos,target,993
Set 1,Pos,target,941
Set 1,Pos,target,208
Set 1,Pos,target,747
Set 1,Pos,target,2
Set 1,Pos,target,991
Set 1,Pos,target,219
Set 1,Pos,target,724
Set 1,Pos,target,992
Set 1,Pos,target,270
Set 1,Pos,target,793
Set 1,Pos,target,985
Set 1,Pos,target,972
Set 1,Pos,target,946
Set 1,Pos,target,994
Set 1,Pos,target,91
Set 1,Pos,target,627
Set 1,Pos,target,172
Set 1,Pos,target,968
Set 1,Pos,target,991
Set 1,Pos,target,982
Set 1,Pos,target,796
Set 1,Pos,target,682
Set 1,Pos,target,831
Set 1,Pos,target,199
Set 1,Pos,target,4
Set 1,Pos,target,985
Set 1,Pos,target,555
Set 1,Pos,target,993
Set 1,Pos,target,982
Set 1,Pos,target,935
Set 1,Pos,target,170
Set 1,Pos,target,835
Set 1,Pos,target,993
Set 1,Pos,target,983
Set 1,Pos,target,985
Set 1,Pos,target,979
Set 1,Pos,target,434
Set 1,Pos,target,871
Set 1,Pos,target,677
Set 1,Pos,target,53
Set 1,Pos,target,197
Set 1,Pos,target,174
Set 1,Pos,target,1
Set 1,Pos,target,647
Set 1,Pos,target,988
Set 1,Pos,target,212
Set 1,Pos,target,986
Set 1,Pos,target,977
Set 1,Pos,target,977
Set 1,Pos,target,991
Set 1,Pos,target,989
Set 1,Pos,target,92
Set 1,Pos,target,154
Set 1,Pos,target,166
Set 1,Pos,target,984
Set 1,Pos,target,960
Set 1,Pos,target,983
Set 1,Pos,target,745
Set 1,Pos,target,726
Set 1,Pos,target,782
Set 1,Pos,target,988
Set 1,Pos,target,988
Set 1,Pos,target,984
Set 1,Pos,target,622
Set 1,Pos,target,971
Set 1,Pos,target,72
Set 1,Pos,target,962
Set 1,Pos,target,975
Set 1,Pos,target,712
Set 1,Pos,target,604
Set 1,Pos,target,716
Set 1,Pos,target,881
Set 1,Pos,target,65
Set 1,Pos,target,980
Set 1,Pos,target,189
Set 1,Pos,target,990
Set 1,Pos,target,195
Set 1,Pos,target,919
Set 1,Pos,target,72
Set 1,Pos,target,986
Set 1,Pos,target,983
Set 1,Pos,target,728
Set 1,Pos,target,107
Set 1,Pos,target,985
Set 1,Pos,target,948
Set 1,Pos,target,578
Set 1,Pos,target,664
Set 1,Pos,target,603
Set 1,Pos,target,1
Set 1,Pos,target,980
Set 1,Pos,target,183
Set 1,Pos,target,759
Set 1,Pos,target,863
Set 1,Pos,target,989
Set 1,Pos,target,983
Set 1,Pos,target,974
Set 1,Pos,target,103
Set 1,Pos,target,958
Set 1,Pos,target,987
Set 1,Pos,target,661
Set 1,Pos,target,995
Set 1,Pos,target,838
Set 1,Pos,target,1
Set 1,Pos,target,969
Set 1,Pos,target,61
Set 1,Pos,target,37
Set 1,Pos,target,218
Set 1,Pos,target,947
Set 1,Pos,target,531
Set 1,Pos,target,231
Set 1,Pos,target,980
Set 1,Pos,target,986
Set 1,Pos,target,10
Set 1,Pos,target,978
Set 1,Pos,target,856
Set 1,Pos,target,849
Set 1,Pos,target,994
Set 1,Pos,target,955
Set 1,Pos,target,955
Set 1,Pos,target,949
Set 1,Pos,target,847
Set 1,Pos,target,8
Set 1,Pos,target,971
Set 1,Pos,target,992
Set 1,Pos,target,278
Set 1,Pos,target,991
Set 1,Pos,target,990
Set 1,Pos,target,443
Set 1,Pos,target,995
Set 1,Pos,target,998
Set 1,Pos,target,977
Set 1,Pos,target,979
Set 1,Pos,target,966
Set 1,Pos,target,44
Set 1,Pos,target,994
Set 1,Pos,target,994
Set 1,Pos,target,980
Set 1,Pos,target,995
Set 1,Pos,target,990
Set 1,Pos,target,996
Set 1,Pos,target,989
Set 1,Pos,target,996
Set 1,Pos,target,997
Set 1,Pos,target,995
Set 1,Pos,target,2
Set 1,Pos,target,984
Set 1,Pos,target,981
Set 1,Pos,target,987
Set 1,Pos,target,301
Set 1,Pos,target,183
Set 1,Pos,target,991
Set 1,Pos,target,483
Set 1,Pos,target,956
Set 1,Pos,target,772
Set 1,Pos,target,912
Set 1,Pos,target,814
Set 1,Pos,target,784
Set 1,Pos,target,656
Set 1,Pos,target,750
Set 1,Pos,target,734
Set 1,Pos,target,392
Set 1,Pos,target,503
Set 1,Pos,target,582
Set 1,Pos,target,456
Set 1,Pos,target,818
Set 1,Pos,target,509
Set 1,Pos,target,972
Set 1,Pos,target,996
Set 1,Pos,target,999
Set 1,Pos,target,996
Set 1,Pos,target,994
Set 1,Pos,target,983
Set 1,Pos,target,731
Set 1,Pos,target,975
Set 1,Pos,target,776
Set 1,Pos,target,58
Set 1,Pos,target,68
Set 1,Pos,target,992
Set 1,Pos,target,996
Set 1,Pos,target,942
Set 1,Pos,target,35
Set 1,Pos,target,955
Set 1,Pos,target,952
Set 1,Pos,target,940
Set 1,Pos,target,784
Set 1,Pos,target,969
Set 1,Pos,target,979
Set 1,Pos,target,440
Set 1,Pos,target,917
Set 1,Pos,target,987
Set 1,Pos,target,999
Set 1,Pos,target,976
Set 1,Pos,target,790
Set 1,Pos,target,939
Set 1,Pos,target,713
Set 1,Pos,target,513
Set 1,Pos,target,333
Set 1,Pos,target,103
Set 1,Pos,target,341
Set 1,Pos,target,947
Set 1,Pos,target,486
Set 1,Pos,target,237
Set 1,Pos,target,821
Set 1,Pos,target,101
Set 1,Pos,target,303
Set 1,Pos,target,706
Set 1,Pos,target,61
Set 1,Pos,target,199
Set 1,Pos,target,16
Set 1,Pos,target,612
Set 1,Pos,target,730
Set 1,Pos,target,2
Set 1,Pos,target,81
Set 1,Pos,target,84
Set 1,Pos,target,167
Set 1,Pos,target,787
Set 1,Pos,target,936
Set 1,Pos,target,249
Set 1,Pos,target,790
Set 1,Pos,target,999
Set 1,Pos,target,495
Set 1,Pos,target,771
Set 1,Pos,target,982
Set 1,Pos,target,846
Set 1,Pos,target,873
Set 1,Pos,target,359
Set 1,Pos,target,980
Set 1,Pos,target,842
Set 1,Pos,target,265
Set 1,Pos,target,305
Set 1,Pos,target,966
Set 1,Pos,target,640
Set 1,Pos,target,19
Set 1,Pos,target,515
Set 1,Pos,target,972
Set 1,Pos,target,957
Set 1,Pos,target,307
Set 1,Pos,target,987
Set 1,Pos,target,87
Set 1,Pos,target,5
Set 1,Pos,target,9
Set 1,Pos,target,868
Set 1,Pos,target,729
Set 1,Pos,target,855
Set 1,Pos,target,991
Set 1,Pos,target,60
Set 1,Pos,target,817
Set 1,Pos,target,4
Set 1,Pos,target,830
Set 1,Pos,target,946
Set 1,Pos,target,92
Set 1,Pos,target,816
Set 1,Pos,target,965
Set 1,Pos,target,965
Set 1,Pos,target,951
Set 1,Pos,target,44
Set 1,Pos,target,223
Set 1,Pos,target,930
Set 1,Pos,target,12
Set 1,Pos,target,828
Set 1,Pos,target,939
Set 1,Pos,target,943
Set 1,Pos,target,122
Set 1,Pos,target,940
Set 1,Pos,target,958
Set 1,Pos,target,999
Set 1,Pos,target,994
Set 1,Pos,target,735
Set 1,Pos,target,602
Set 1,Pos,target,968
Set 1,Pos,target,5
Set 1,Pos,target,8
Set 1,Pos,target,944
Set 1,Pos,target,940
Set 1,Pos,target,937
Set 1,Pos,target,974
Set 1,Pos,target,896
Set 1,Pos,target,929
Set 1,Pos,target,948
Set 1,Pos,target,990
Set 1,Pos,target,141
Set 1,Pos,target,42
Set 1,Pos,target,976
Set 1,Pos,target,840
Set 1,Pos,target,827
Set 1,Pos,target,229
Set 1,Pos,target,945
Set 1,Pos,target,15
Set 1,Pos,target,995
Set 1,Pos,decoy,34
Set 1,Pos,target,3
Set 1,Pos,target,980
Set 1,Pos,target,985
Set 1,Pos,target,945
Set 1,Pos,target,982
Set 1,Pos,target,994
Set 1,Pos,target,922
Set 1,Pos,target,992
Set 1,Pos,target,929
Set 1,Pos,target,995
Set 1,Pos,target,986
Set 1,Pos,target,953
Set 1,Pos,target,933
Set 1,Pos,target,982
Set 1,Pos,target,987
Set 1,Pos,target,947
Set 1,Pos,target,996
Set 1,Pos,target,837
Set 1,Pos,target,987
Set 1,Pos,target,987
Set 1,Pos,target,826
Set 1,Pos,target,995
Set 1,Pos,target,994
Set 1,Pos,target,987
Set 1,Pos,target,984
Set 1,Pos,target,994
Set 1,Pos,target,988
Set 1,Pos,target,984
Set 1,Pos,target,995
Set 1,Pos,target,968
Set 1,Pos,target,984
Set 1,Pos,target,11
Set 1,Pos,target,995
Set 1,Pos,target,797
Set 1,Pos,target,996
Set 1,Pos,target,983
Set 1,Pos,target,996
Set 1,Pos,target,996
Set 1,Pos,target,996
Set 1,Pos,target,996
Set 1,Pos,target,956
Set 1,Pos,target,953
Set 1,Pos,target,918
Set 1,Pos,target,996
Set 1,Pos,target,996
Set 1,Pos,target,987
Set 1,Pos,target,999
Set 1,Pos,target,996
Set 1,Pos,target,999
Set 1,Pos,target,989
Set 1,Pos,target,927
Set 1,Pos,target,999
Set 1,Pos,target,985
Set 1,Pos,target,384
Set 1,Pos,target,994
Set 1,Pos,target,996
Set 1,Pos,target,756
Set 1,Pos,target,733
Set 1,Pos,target,985
Set 1,Pos,target,947
Set 1,Pos,target,216
Set 1,Pos,target,912
Set 1,Pos,target,214
Set 1,Pos,target,999
Set 1,Pos,target,987
Set 1,Pos,target,999
Set 1,Pos,target,996
Set 1,Pos,target,996
Set 1,Pos,target,960
Set 1,Pos,target,977
Set 1,Pos,target,994
Set 1,Pos,target,794
Set 1,Pos,target,1
Set 1,Pos,target,996
Set 1,Pos,target,996
Set 1,Pos,target,996
Set 1,Pos,target,999
Set 1,Pos,target,994
Set 1,Pos,target,958
Set 1,Pos,target,996
Set 1,Pos,target,996
Set 1,Pos,target,999
Set 1,Pos,target,996
Set 1,Pos,target,1000
Set 1,Pos,target,989
Set 1,Pos,target,996
Set 1,Pos,target,803
Set 1,Pos,target,989
Set 1,Pos,target,939
Set 1,Pos,target,999
Set 1,Pos,target,975
Set 1,Pos,target,958
Set 1,Pos,target,999
Set 1,Pos,target,712
Set 1,Pos,target,996
Set 1,Pos,target,1000
Set 1,Pos,target,31
Set 1,Pos,target,999
Set 1,Pos,target,988
Set 1,Pos,target,331
Set 1,Pos,target,998
Set 1,Pos,target,941
Set 1,Pos,target,952
Set 1,Pos,target,951
Set 1,Pos,target,1000
Set 1,Pos,target,996
Set 1,Pos,target,996
Set 1,Pos,target,878
Set 1,Pos,target,949
Set 1,Pos,target,926
Set 1,Pos,target,839
Set 1,Pos,target,955
Set 1,Pos,target,1000
Set 1,Pos,target,966
Set 1,Pos,target,997
Set 1,Pos,target,945
Set 1,Pos,target,33
Set 1,Pos,target,66
Set 1,Pos,target,996
Set 1,Pos,target,996
Set 1,Pos,target,993
Set 1,Pos,target,1000
Set 1,Pos,target,996
Set 1,Pos,target,991
Set 1,Pos,target,996
Set 1,Pos,target,36
Set 1,Pos,target,994
Set 1,Pos,target,996
Set 1,Pos,target,133
Set 1,Pos,target,996
Set 1,Pos,target,749
Set 1,Pos,target,996
Set 1,Pos,target,996
Set 1,Pos,target,959
Set 1,Pos,target,996
Set 1,Pos,target,942
Set 1,Pos,target,963
Set 1,Pos,target,966
Set 1,Pos,target,1000
Set 1,Pos,target,1000
Set 1,Pos,target,1000
Set 1,Pos,target,978
Set 1,Pos,target,996
Set 1,Pos,target,1000
Set 1,Pos,target,984
Set 1,Pos,target,996
Set 1,Pos,target,999
Set 1,Pos,target,925
Set 1,Pos,target,996
Set 1,Pos,target,891
Set 1,Pos,target,875
Set 1,Pos,target,1000
Set 1,Pos,target,999
Set 1,Pos,target,995
Set 1,Pos,target,711
Set 1,Pos,target,318
Set 1,Pos,target,1000
Set 1,Pos,target,7
Set 1,Pos,target,996
Set 1,Pos,target,996
Set 1,Pos,target,996
Set 1,Pos,target,711
Set 1,Pos,target,995
Set 1,Pos,target,996
Set 1,Pos,target,992
Set 1,Pos,target,994
Set 1,Pos,target,820
Set 1,Pos,target,996
Set 1,Pos,target,1000
Set 1,Pos,target,995
Set 1,Pos,target,890
Set 1,Pos,target,996
Set 1,Pos,target,996
Set 1,Pos,target,996
Set 1,Pos,target,914
Set 1,Pos,target,21
Set 1,Pos,target,975
Set 1,Pos,target,996
Set 1,Pos,target,997
Set 1,Pos,target,925
Set 1,Pos,target,996
Set 1,Pos,target,893
Set 1,Pos,target,996
Set 1,Pos,target,996
Set 1,Pos,target,997
Set 1,Pos,target,996
Set 1,Pos,target,999
Set 1,Pos,target,999
Set 1,Pos,target,996
Set 1,Pos,target,903
Set 1,Pos,target,1000
Set 1,Pos,target,988
Set 1,Pos,target,1000
Set 1,Pos,target,783
Set 1,Pos,target,996
Set 1,Pos,target,980
Set 1,Pos,target,996
Set 1,Pos,target,996
Set 1,Pos,target,996
Set 1,Pos,target,1000
Set 1,Pos,target,989
Set 1,Pos,target,995
Set 1,Pos,target,996
Set 1,Pos,target,923
Set 1,Pos,target,996
Set 1,Pos,target,638
Set 1,Pos,target,1000
Set 1,Pos,target,647
Set 1,Pos,target,986
Set 1,Pos,target,41
Set 1,Pos,target,1000
Set 1,Pos,target,996
Set 1,Pos,target,1000
Set 1,Pos,target,320
Set 1,Pos,target,3
Set 1,Pos,target,23
Set 1,Pos,target,1000
Set 1,Pos,target,995
Set 1,Pos,target,921
Set 1,Pos,target,991
Set 1,Pos,target,992
Set 1,Pos,target,779
Set 1,Pos,target,996
Set 1,Pos,target,943
Set 1,Pos,target,1000
Set 1,Pos,target,996
Set 1,Pos,target,996
Set 1,Pos,target,787
Set 1,Pos,target,812
Set 1,Pos,target,995
Set 1,Pos,target,339
Set 1,Pos,target,981
Set 1,Pos,target,993
Set 1,Pos,target,1000
Set 1,Pos,target,339
Set 1,Pos,target,911
Set 1,Pos,target,681
Set 1,Pos,target,877
Set 1,Pos,target,991
Set 1,Pos,target,13
Set 1,Pos,target,998
Set 1,Pos,target,996
Set 1,Pos,target,1000
Set 1,Pos,target,4
Set 1,Pos,target,996
Set 1,Pos,target,998
Set 1,Pos,target,1000
Set 1,Pos,target,1000
Set 1,Pos,target,1000
Set 1,Pos,target,991
Set 1,Pos,target,995
Set 1,Pos,target,356
Set 1,Pos,target,996
Set 1,Pos,target,773
Set 1,Pos,target,1000
Set 1,Pos,target,996
Set 1,Pos,target,970
Set 1,Pos,target,999
Set 1,Pos,target,1000
Set 1,Pos,target,957
Set 1,Pos,target,999
Set 1,Pos,target,879
Set 1,Pos,target,947
Set 1,Pos,target,940
Set 1,Pos,target,995
Set 1,Pos,target,892
Set 1,Pos,target,999
Set 1,Pos,target,786
Set 1,Pos,target,560
Set 1,Pos,target,999
Set 1,Pos,target,608
Set 1,Pos,target,996
Set 1,Pos,target,985
Set 1,Pos,target,996
Set 1,Pos,target,640
Set 1,Pos,target,996
Set 1,Pos,target,995
Set 1,Pos,target,1000
Set 1,Pos,target,832
Set 1,Pos,target,995
Set 1,Pos,target,1000
Set 1,Pos,target,225
Set 1,Pos,target,929
Set 1,Pos,target,835
Set 1,Pos,target,990
Set 1,Pos,target,909
Set 1,Pos,target,1000
Set 1,Pos,target,996
Set 1,Pos,target,2
Set 1,Pos,target,238
Set 1,Pos,target,370
Set 1,Pos,target,661
Set 1,Pos,target,980
Set 1,Pos,target,659
Set 1,Pos,target,438
Set 1,Pos,target,1000
Set 1,Pos,target,829
Set 1,Pos,target,687
Set 1,Pos,target,834
Set 1,Pos,target,16
Set 1,Pos,target,990
Set 1,Pos,target,431
Set 1,Pos,target,836
Set 1,Pos,target,757
Set 1,Pos,target,993
Set 1,Pos,target,269
Set 1,Pos,target,999
Set 1,Pos,target,854
Set 1,Pos,target,534
Set 1,Pos,target,999
Set 1,Pos,target,1000
Set 1,Pos,decoy,33
Set 1,Pos,target,877
Set 1,Pos,target,999
Set 1,Pos,target,587
Set 1,Pos,target,773
Set 1,Pos,target,996
Set 1,Pos,target,879
Set 1,Pos,target,1000
Set 1,Pos,target,996
Set 1,Pos,target,362
Set 1,Pos,target,995
Set 1,Pos,target,468
Set 1,Pos,target,3
Set 1,Pos,target,676
Set 1,Pos,target,21
Set 1,Pos,target,600
Set 1,Pos,target,205
Set 1,Pos,target,684
Set 1,Pos,target,332
Set 1,Pos,target,639
Set 1,Pos,target,147
Set 1,Pos,target,895
Set 1,Pos,decoy,138
Set 1,Pos,target,155
Set 1,Pos,target,784
Set 1,Pos,target,191
Set 1,Pos,target,996
Set 1,Pos,target,840
Set 1,Pos,target,980
Set 1,Pos,target,836
Set 1,Pos,target,98
Set 1,Pos,target,125
Set 1,Pos,target,318
Set 1,Pos,target,702
Set 1,Pos,target,997
Set 1,Pos,target,963
Set 1,Pos,target,610
Set 1,Pos,target,890
Set 1,Pos,target,391
Set 1,Pos,target,999
Set 1,Pos,target,760
Set 1,Pos,target,928
Set 1,Pos,target,901
Set 1,Pos,target,783
Set 1,Pos,target,545
Set 1,Pos,target,813
Set 1,Pos,target,868
Set 1,Pos,target,849
Set 1,Pos,target,831
Set 1,Pos,target,139
Set 1,Pos,target,999
Set 1,Pos,target,516
Set 1,Pos,target,958
Set 1,Pos,target,205
Set 1,Pos,target,999
Set 1,Pos,target,856
Set 1,Pos,target,217
Set 1,Pos,target,994
Set 1,Pos,target,995
Set 1,Pos,target,860
Set 1,Pos,target,573
Set 1,Pos,target,958
Set 1,Pos,target,996
Set 1,Pos,target,329
Set 1,Pos,target,953
Set 1,Pos,target,996
Set 1,Pos,target,354
Set 1,Pos,target,696
Set 1,Pos,target,833
Set 1,Pos,target,996
Set 1,Pos,target,991
Set 1,Pos,target,584
Set 1,Pos,target,111
Set 1,Pos,target,615
Set 1,Pos,target,797
Set 1,Pos,target,458
Set 1,Pos,target,996
Set 1,Pos,target,915
Set 1,Pos,target,640
Set 1,Pos,target,270
Set 1,Pos,target,927
Set 1,Pos,target,815
Set 1,Pos,target,805
Set 1,Pos,target,697
Set 1,Pos,target,924
Set 1,Pos,target,975
Set 1,Pos,target,704
Set 1,Pos,target,731
Set 1,Pos,target,929
Set 1,Pos,target,452
Set 1,Pos,target,996
Set 1,Pos,target,996
Set 1,Pos,target,630
Set 1,Pos,target,304
Set 1,Pos,target,689
Set 1,Pos,target,976
Set 1,Pos,target,952
Set 1,Pos,target,999
Set 1,Pos,target,996
Set 1,Pos,target,407
Set 1,Pos,decoy,114
Set 1,Pos,target,833
Set 1,Pos,target,582
Set 1,Pos,target,706
Set 1,Pos,target,993
Set 1,Pos,target,378
Set 1,Pos,target,555
Set 1,Pos,target,453
Set 1,Pos,decoy,27
Set 1,Pos,target,611
Set 1,Pos,target,497
Set 1,Pos,target,991
Set 1,Pos,target,996
Set 1,Pos,target,866
Set 1,Pos,target,858
Set 1,Pos,target,852
Set 1,Pos,target,618
Set 1,Pos,target,937
Set 1,Pos,target,996
Set 1,Pos,target,637
Set 1,Pos,target,864
Set 1,Pos,target,383
Set 1,Pos,target,785
Set 1,Pos,target,120
Set 1,Pos,target,792
Set 1,Pos,target,530
Set 1,Pos,target,995
Set 1,Pos,target,993
Set 1,Pos,target,987
Set 1,Pos,target,706
Set 1,Pos,target,658
Set 1,Pos,target,841
Set 1,Pos,target,996
Set 1,Pos,target,860
Set 1,Pos,target,994
Set 1,Pos,target,937
Set 1,Pos,decoy,117
Set 1,Pos,target,946
Set 1,Pos,decoy,76
Set 1,Pos,target,697
Set 1,Pos,target,864
Set 1,Pos,target,999
Set 1,Pos,target,750
Set 1,Pos,target,774
Set 1,Pos,target,785
Set 1,Pos,target,775
Set 1,Pos,target,645
Set 1,Pos,target,992
Set 1,Pos,target,904
Set 1,Pos,target,979
Set 1,Pos,target,984
Set 1,Pos,target,996
Set 1,Pos,target,995
Set 1,Pos,target,15
Set 1,Pos,target,823
Set 1,Pos,target,697
Set 1,Pos,target,111
Set 1,Pos,target,159
Set 1,Pos,target,998
Set 1,Pos,target,521
Set 1,Pos,target,835
Set 1,Pos,target,689
Set 1,Pos,target,704
Set 1,Pos,target,866
Set 1,Pos,target,995
Set 1,Pos,target,847
Set 1,Pos,target,698
Set 1,Pos,target,786
Set 1,Pos,target,995
Set 1,Pos,target,992
Set 1,Pos,target,995
Set 1,Pos,target,813
Set 1,Pos,target,995
Set 1,Pos,target,651
Set 1,Pos,decoy,75
Set 1,Pos,target,916
Set 1,Pos,target,476
Set 1,Pos,target,958
Set 1,Pos,target,706
Set 1,Pos,target,54
Set 1,Pos,target,812
Set 1,Pos,target,991
Set 1,Pos,target,994
Set 1,Pos,target,993
Set 1,Pos,target,839
Set 1,Pos,target,990
Set 1,Pos,target,989
Set 1,Pos,target,494
Set 1,Pos,target,510
Set 1,Pos,target,829
Set 1,Pos,target,994
Set 1,Pos,target,736
Set 1,Pos,target,797
Set 1,Pos,target,986
Set 1,Pos,target,679
Set 1,Pos,target,972
Set 1,Pos,target,997
Set 1,Pos,target,994
Set 1,Pos,target,866
Set 1,Pos,target,976
Set 1,Pos,target,810
Set 1,Pos,target,984
Set 1,Pos,target,995
Set 1,Pos,target,997
Set 1,Pos,target,309
Set 1,Pos,target,554
Set 1,Pos,target,107
Set 1,Pos,target,800
Set 1,Pos,target,950
Set 1,Pos,target,912
Set 1,Pos,target,26
Set 1,Pos,target,780
Set 1,Pos,target,977
Set 1,Pos,target,973
Set 1,Pos,target,987
Set 1,Pos,target,990
Set 1,Pos,target,994
Set 1,Pos,target,412
Set 1,Pos,target,977
Set 1,Pos,target,980
Set 1,Pos,target,719
Set 1,Pos,target,967
Set 1,Pos,target,997
Set 1,Pos,target,991
Set 1,Pos,target,814
Set 1,Pos,target,994
Set 1,Pos,target,995
Set 1,Pos,target,275
Set 1,Pos,target,779
Set 1,Pos,target,461
Set 1,Pos,target,758
Set 1,Pos,target,173
Set 1,Pos,target,988
Set 1,Pos,target,715
Set 1,Pos,target,674
Set 1,Pos,target,8
Set 1,Pos,target,984
Set 1,Pos,target,985
Set 1,Pos,target,984
Set 1,Pos,target,992
Set 1,Pos,target,393
Set 1,Pos,target,971
Set 1,Pos,target,978
Set 1,Pos,target,455
Set 1,Pos,target,995
Set 1,Pos,target,980
Set 1,Pos,target,231
Set 1,Pos,target,990
Set 1,Pos,target,994
Set 1,Pos,target,995
Set 1,Pos,target,441
Set 1,Pos,target,590
Set 1,Pos,target,640
Set 1,Pos,target,234
Set 1,Pos,target,793
Set 1,Pos,target,891
Set 1,Pos,target,4
Set 1,Pos,target,948
Set 1,Pos,target,979
Set 1,Pos,target,974
Set 1,Pos,target,992
Set 1,Pos,target,983
Set 1,Pos,target,923
Set 1,Pos,target,993
Set 1,Pos,target,219
Set 1,Pos,target,109
Set 1,Pos,target,991
Set 1,Pos,target,991
Set 1,Pos,target,993
Set 1,Pos,target,734
Set 1,Pos,target,405
Set 1,Pos,target,226
Set 1,Pos,target,490
Set 1,Pos,target,249
Set 1,Pos,target,989
Set 1,Pos,target,987
Set 1,Pos,target,968
Set 1,Pos,target,991
Set 1,Pos,target,4
Set 1,Pos,target,977
Set 1,Pos,target,985
Set 1,Pos,target,143
Set 1,Pos,target,900
Set 1,Pos,target,986
Set 1,Pos,target,992
Set 1,Pos,target,974
Set 1,Pos,target,639
Set 1,Pos,target,984
Set 1,Pos,target,419
Set 1,Pos,target,423
Set 1,Pos,target,609
Set 1,Pos,target,6
Set 1,Pos,target,246
Set 1,Pos,target,846
Set 1,Pos,target,991
Set 1,Pos,target,973
Set 1,Pos,target,956
Set 1,Pos,target,990
Set 1,Pos,target,965
Set 1,Pos,target,933
Set 1,Pos,target,231
Set 1,Pos,target,988
Set 1,Pos,target,753
Set 1,Pos,target,992
Set 1,Pos,target,788
Set 1,Pos,target,815
Set 1,Pos,target,977
Set 1,Pos,target,279
Set 1,Pos,target,983
Set 1,Pos,target,256
Set 1,Pos,target,653
Set 1,Pos,target,218
Set 1,Pos,target,987
Set 1,Pos,target,3
Set 1,Pos,target,961
Set 1,Pos,target,985
Set 1,Pos,target,161
Set 1,Pos,target,987
Set 1,Pos,target,989
Set 1,Pos,target,731
Set 1,Pos,target,727
Set 1,Pos,target,918
Set 1,Pos,target,111
Set 1,Pos,target,291
Set 1,Pos,target,954
Set 1,Pos,target,183
Set 1,Pos,target,669
Set 1,Pos,target,959
Set 1,Pos,target,940
Set 1,Pos,target,979
Set 1,Pos,target,2
Set 1,Pos,target,984
Set 1,Pos,target,923
Set 1,Pos,target,993
Set 1,Pos,target,221
Set 1,Pos,target,952
Set 1,Pos,target,992
Set 1,Pos,target,748
Set 1,Pos,target,63
Set 1,Pos,target,981
Set 1,Pos,target,863
Set 1,Pos,target,188
Set 1,Pos,target,956
Set 1,Pos,target,204
Set 1,Pos,target,175
Set 1,Pos,target,2
Set 1,Pos,target,986
Set 1,Pos,target,980
Set 1,Pos,target,987
Set 1,Pos,target,403
Set 1,Pos,target,953
Set 1,Pos,target,992
Set 1,Pos,target,434
Set 1,Pos,target,725
Set 1,Pos,target,320
Set 1,Pos,target,933
Set 1,Pos,target,647
Set 1,Pos,target,571
Set 1,Pos,target,2
Set 1,Pos,target,983
Set 1,Pos,target,877
Set 1,Pos,target,980
Set 1,Pos,target,990
Set 1,Pos,target,963
Set 1,Pos,target,985
Set 1,Pos,target,943
Set 1,Pos,target,780
Set 1,Pos,target,213
Set 1,Pos,target,687
Set 1,Pos,target,994
Set 1,Pos,target,851
Set 1,Pos,target,374
Set 1,Pos,target,983
Set 1,Pos,target,7
Set 1,Pos,target,180
Set 1,Pos,target,992
Set 1,Pos,target,973
Set 1,Pos,target,993
Set 1,Pos,target,666
Set 1,Pos,target,843
Set 1,Pos,target,995
Set 1,Pos,target,977
Set 1,Pos,target,983
Set 1,Pos,target,991
Set 1,Pos,target,996
Set 1,Pos,target,972
Set 1,Pos,target,101
Set 1,Pos,target,995
Set 1,Pos,target,998
Set 1,Pos,target,987
Set 1,Pos,target,803
Set 1,Pos,target,995
Set 1,Pos,target,991
Set 1,Pos,target,992
Set 1,Pos,target,247
Set 1,Pos,target,996
Set 1,Pos,target,992
Set 1,Pos,target,999
Set 1,Pos,target,995
Set 1,Pos,target,991
Set 1,Pos,target,997
Set 1,Pos,target,996
Set 1,Pos,target,991
Set 1,Pos,target,995
Set 1,Pos,target,472
Set 1,Pos,target,239
Set 1,Pos,target,279
Set 1,Pos,target,560
Set 1,Pos,target,407
Set 1,Pos,target,50
Set 1,Pos,target,705
Set 1,Pos,target,946
Set 1,Pos,target,697
Set 1,Pos,target,886
Set 1,Pos,target,48
Set 1,Pos,target,839
Set 1,Pos,target,636
Set 1,Pos,target,555
Set 1,Pos,target,56
Set 1,Pos,target,886
Set 1,Pos,target,582
Set 1,Pos,target,297
Set 1,Pos,target,814
Set 1,Pos,target,508
Set 1,Pos,target,994
Set 1,Pos,target,999
Set 1,Pos,target,995
Set 1,Pos,target,996
Set 1,Pos,target,994
Set 1,Pos,target,349
Set 1,Pos,target,965
Set 1,Pos,target,989
Set 1,Pos,target,969
Set 1,Pos,target,988
Set 1,Pos,target,993
Set 1,Pos,target,5
Set 1,Pos,target,691
Set 1,Pos,target,990
Set 1,Pos,target,590
Set 1,Pos,target,991
Set 1,Pos,target,80
Set 1,Pos,target,835
Set 1,Pos,target,378
Set 1,Pos,target,855
Set 1,Pos,target,897
Set 1,Pos,target,288
Set 1,Pos,target,991
Set 1,Pos,target,992
Set 1,Pos,target,84
Set 1,Pos,target,998
Set 1,Pos,target,968
Set 1,Pos,target,995
Set 1,Pos,target,950
Set 1,Pos,target,466
Set 1,Pos,target,816
Set 1,Pos,target,949
Set 1,Pos,target,916
Set 1,Pos,target,846
Set 1,Pos,target,408
Set 1,Pos,target,961
Set 1,Pos,target,854
Set 1,Pos,target,788
Set 1,Pos,target,687
Set 1,Pos,target,810
Set 1,Pos,target,558
Set 1,Pos,decoy,205
Set 1,Pos,target,166
Set 1,Pos,target,213
Set 1,Pos,target,605
Set 1,Pos,target,114
Set 1,Pos,target,94
Set 1,Pos,target,255
Set 1,Pos,target,107
Set 1,Pos,target,47
Set 1,Pos,target,96
Set 1,Pos,target,789
Set 1,Pos,target,768
Set 1,Pos,target,76
Set 1,Pos,target,945
Set 1,Pos,target,870
Set 1,Pos,target,980
Set 1,Pos,target,930
Set 1,Pos,target,350
Set 1,Pos,target,465
Set 1,Pos,target,568
Set 1,Pos,target,996
Set 1,Pos,target,1
Set 1,Pos,target,684
Set 1,Pos,target,981
Set 1,Pos,target,934
Set 1,Pos,target,922
Set 1,Pos,target,934
Set 1,Pos,target,118
Set 1,Pos,target,887
Set 1,Pos,target,794
Set 1,Pos,target,984
Set 1,Pos,target,881
Set 1,Pos,target,985
Set 1,Pos,target,581
Set 1,Pos,target,856
Set 1,Pos,target,868
Set 1,Pos,target,978
Set 1,Pos,target,581
Set 1,Pos,target,85
Set 1,Pos,target,965
Set 1,Pos,target,724
Set 1,Pos,target,993
Set 1,Pos,target,976
Set 1,Pos,target,816
Set 1,Pos,target,949
Set 1,Pos,target,85
Set 1,Pos,target,886
Set 1,Pos,target,989
Set 1,Pos,target,945
Set 1,Pos,target,1000
Set 1,Pos,target,817
Set 1,Pos,target,999
Set 1,Pos,target,451
Set 1,Pos,target,997
Set 1,Pos,target,934
Set 1,Pos,target,1
Set 1,Pos,target,173
Set 1,Pos,target,816
Set 1,Pos,target,954
Set 1,Pos,target,954
Set 1,Pos,target,184
Set 1,Pos,target,81
Set 1,Pos,target,983
Set 1,Pos,target,980
Set 1,Pos,target,946
Set 1,Pos,target,974
Set 1,Pos,target,996
Set 1,Pos,target,900
Set 1,Pos,target,345
Set 1,Pos,target,938
Set 1,Pos,target,1000
Set 1,Pos,target,828
Set 1,Pos,target,13
Set 1,Pos,target,998
Set 1,Pos,target,2
Set 1,Pos,target,773
Set 1,Pos,target,45
Set 1,Pos,target,715
Set 1,Pos,target,946
Set 1,Pos,target,940
Set 1,Pos,target,995
Set 1,Pos,target,935
Set 1,Pos,target,948
Set 1,Pos,target,983
Set 1,Pos,target,42
Set 1,Pos,target,986
Set 1,Pos,target,933
Set 1,Pos,target,996
Set 1,Pos,target,989
Set 1,Pos,target,960
Set 1,Pos,target,958
Set 1,Pos,target,921
Set 1,Pos,target,12
Set 1,Pos,target,965
Set 1,Pos,target,994
Set 1,Pos,decoy,45
Set 1,Pos,target,29
Set 1,Pos,target,254
Set 1,Pos,target,827
Set 1,Pos,target,995
Set 1,Pos,target,153
Set 1,Pos,target,995
Set 1,Pos,target,997
Set 1,Pos,target,969
Set 1,Pos,target,45
Set 1,Pos,target,941
Set 1,Pos,target,995
Set 1,Pos,target,997
Set 1,Pos,target,996
Set 1,Pos,target,946
Set 1,Pos,target,933
Set 1,Pos,target,991
Set 1,Pos,target,990
Set 1,Pos,target,993
Set 1,Pos,target,996
Set 1,Pos,target,995
Set 1,Pos,target,855
Set 1,Pos,target,854
Set 1,Pos,target,989
Set 1,Pos,target,996
Set 1,Pos,target,659
Set 1,Pos,target,437
Set 1,Pos,target,990
Set 1,Pos,target,994
Set 1,Pos,target,990
Set 1,Pos,target,160
Set 1,Pos,target,995
Set 1,Pos,target,982
Set 1,Pos,target,995
Set 1,Pos,target,994
Set 1,Pos,target,993
Set 1,Pos,target,995
Set 1,Pos,target,947
Set 1,Pos,target,996
Set 1,Pos,target,986
Set 1,Pos,target,996
Set 1,Pos,target,996
Set 1,Pos,target,946
Set 1,Pos,target,245
Set 1,Pos,target,996
Set 1,Pos,target,805
Set 1,Pos,target,996
Set 1,Pos,target,920
Set 1,Pos,target,933
Set 1,Pos,target,909
Set 1,Pos,target,927
Set 1,Pos,target,996
Set 1,Pos,target,996
Set 1,Pos,target,1000
Set 1,Pos,target,948
Set 1,Pos,target,995
Set 1,Pos,target,996
Set 1,Pos,target,930
Set 1,Pos,target,999
Set 1,Pos,target,994
Set 1,Pos,target,840
Set 1,Pos,target,983
Set 1,Pos,target,996
Set 1,Pos,target,181
Set 1,Pos,target,895
Set 1,Pos,target,1000
Set 1,Pos,target,846
Set 1,Pos,target,999
Set 1,Pos,target,992
Set 1,Pos,target,8
Set 1,Pos,target,996
Set 1,Pos,target,995
Set 1,Pos,target,920
Set 1,Pos,target,141
Set 1,Pos,target,999
Set 1,Pos,target,457
Set 1,Pos,target,1000
Set 1,Pos,target,989
Set 1,Pos,target,996
Set 1,Pos,target,996
Set 1,Pos,target,1000
Set 1,Pos,target,997
Set 1,Pos,target,1
Set 1,Pos,target,1000
Set 1,Pos,target,913
Set 1,Pos,target,999
Set 1,Pos,target,996
Set 1,Pos,target,987
Set 1,Pos,target,996
Set 1,Pos,target,997
Set 1,Pos,target,1000
Set 1,Pos,target,996
Set 1,Pos,target,999
Set 1,Pos,target,685
Set 1,Pos,target,468
Set 1,Pos,target,996
Set 1,Pos,target,137
Set 1,Pos,target,841
Set 1,Pos,target,985
Set 1,Pos,target,999
Set 1,Pos,target,748
Set 1,Pos,target,996
Set 1,Pos,target,1000
Set 1,Pos,target,993
Set 1,Pos,target,996
Set 1,Pos,target,682
Set 1,Pos,target,112
Set 1,Pos,target,991
Set 1,Pos,target,996
Set 1,Pos,target,946
Set 1,Pos,target,917
Set 1,Pos,target,999
Set 1,Pos,target,723
Set 1,Pos,target,996
Set 1,Pos,target,689
Set 1,Pos,target,996
Set 1,Pos,target,811
Set 1,Pos,target,34
Set 1,Pos,target,995
Set 1,Pos,target,957
Set 1,Pos,target,940
Set 1,Pos,target,960
Set 1,Pos,target,969
Set 1,Pos,target,926
Set 1,Pos,target,992
Set 1,Pos,target,24
Set 1,Pos,target,996
Set 1,Pos,target,991
Set 1,Pos,target,996
Set 1,Pos,target,1000
Set 1,Pos,target,994
Set 1,Pos,target,996
Set 1,Pos,target,853
Set 1,Pos,target,999
Set 1,Pos,target,987
Set 1,Pos,target,996
Set 1,Pos,target,996
Set 1,Pos,target,951
Set 1,Pos,target,1000
Set 1,Pos,target,995
Set 1,Pos,target,1000
Set 1,Pos,target,945
Set 1,Pos,target,999
Set 1,Pos,target,987
Set 1,Pos,target,1000
Set 1,Pos,target,1000
Set 1,Pos,target,997
Set 1,Pos,target,996
Set 1,Pos,target,1000
Set 1,Pos,target,976
Set 1,Pos,target,949
Set 1,Pos,target,996
Set 1,Pos,target,996
Set 1,Pos,target,1000
Set 1,Pos,target,902
Set 1,Pos,target,897
Set 1,Pos,target,996
Set 1,Pos,target,996
Set 1,Pos,target,1000
Set 1,Pos,target,996
Set 1,Pos,target,597
Set 1,Pos,target,1000
Set 1,Pos,target,1000
Set 1,Pos,target,594
Set 1,Pos,target,998
Set 1,Pos,target,948
Set 1,Pos,target,912
Set 1,Pos,target,997
Set 1,Pos,target,996
Set 1,Pos,target,996
Set 1,Pos,target,995
Set 1,Pos,target,661
Set 1,Pos,target,997
Set 1,Pos,target,996
Set 1,Pos,target,846
Set 1,Pos,target,996
Set 1,Pos,target,993
Set 1,Pos,target,874
Set 1,Pos,target,996
Set 1,Pos,target,918
Set 1,Pos,target,996
Set 1,Pos,target,20
Set 1,Pos,target,891
Set 1,Pos,target,947
Set 1,Pos,target,991
Set 1,Pos,target,993
Set 1,Pos,target,886
Set 1,Pos,target,996
Set 1,Pos,target,998
Set 1,Pos,target,1000
Set 1,Pos,target,1000
Set 1,Pos,target,995
Set 1,Pos,target,871
Set 1,Pos,target,215
Set 1,Pos,target,999
Set 1,Pos,target,996
Set 1,Pos,target,996
Set 1,Pos,target,999
Set 1,Pos,target,996
Set 1,Pos,target,996
Set 1,Pos,target,996
Set 1,Pos,target,999
Set 1,Pos,target,666
Set 1,Pos,target,1000
Set 1,Pos,target,870
Set 1,Pos,target,1000
Set 1,Pos,target,996
Set 1,Pos,target,1000
Set 1,Pos,target,981
Set 1,Pos,target,996
Set 1,Pos,target,992
Set 1,Pos,target,636
Set 1,Pos,target,994
Set 1,Pos,target,993
Set 1,Pos,target,998
Set 1,Pos,target,991
Set 1,Pos,target,645
Set 1,Pos,target,996
Set 1,Pos,target,374
Set 1,Pos,target,1000
Set 1,Pos,target,999
Set 1,Pos,target,907
Set 1,Pos,target,2
Set 1,Pos,target,992
Set 1,Pos,target,991
Set 1,Pos,target,806
Set 1,Pos,target,964
Set 1,Pos,target,1000
Set 1,Pos,target,996
Set 1,Pos,target,965
Set 1,Pos,target,979
Set 1,Pos,target,19
Set 1,Pos,target,786
Set 1,Pos,target,999
Set 1,Pos,target,1000
Set 1,Pos,target,881
Set 1,Pos,target,275
Set 1,Pos,target,924
Set 1,Pos,target,1000
Set 1,Pos,target,844
Set 1,Pos,target,911
Set 1,Pos,target,996
Set 1,Pos,target,997
Set 1,Pos,target,990
Set 1,Pos,target,996
Set 1,Pos,target,1000
Set 1,Pos,target,995
Set 1,Pos,target,996
Set 1,Pos,target,989
Set 1,Pos,target,995
Set 1,Pos,target,996
Set 1,Pos,target,992
Set 1,Pos,target,1000
Set 1,Pos,target,994
Set 1,Pos,target,1000
Set 1,Pos,target,1000
Set 1,Pos,target,979
Set 1,Pos,target,996
Set 1,Pos,target,995
Set 1,Pos,target,847
Set 1,Pos,target,995
Set 1,Pos,target,832
Set 1,Pos,target,909
Set 1,Pos,target,1000
Set 1,Pos,target,968
Set 1,Pos,target,999
Set 1,Pos,target,999
Set 1,Pos,target,964
Set 1,Pos,target,860
Set 1,Pos,target,928
Set 1,Pos,target,479
Set 1,Pos,target,897
Set 1,Pos,target,10
Set 1,Pos,target,999
Set 1,Pos,target,19
Set 1,Pos,target,996
Set 1,Pos,target,16
Set 1,Pos,target,639
Set 1,Pos,target,769
Set 1,Pos,target,1000
Set 1,Pos,target,996
Set 1,Pos,target,331
Set 1,Pos,target,871
Set 1,Pos,target,1000
Set 1,Pos,target,150
Set 1,Pos,target,895
Set 1,Pos,target,776
Set 1,Pos,target,999
Set 1,Pos,target,217
Set 1,Pos,target,245
Set 1,Pos,target,1000
Set 1,Pos,target,992
Set 1,Pos,target,996
Set 1,Pos,target,995
Set 1,Pos,target,5
Set 1,Pos,target,995
Set 1,Pos,target,596
Set 1,Pos,target,450
Set 1,Pos,target,758
Set 1,Pos,target,678
Set 1,Pos,target,996
Set 1,Pos,target,993
Set 1,Pos,target,834
Set 1,Pos,target,830
Set 1,Pos,target,747
Set 1,Pos,target,333
Set 1,Pos,target,899
Set 1,Pos,target,1000
Set 1,Pos,target,999
Set 1,Pos,target,331
Set 1,Pos,target,984
Set 1,Pos,target,856
Set 1,Pos,target,999
Set 1,Pos,target,999
Set 1,Pos,decoy,12
Set 1,Pos,target,598
Set 1,Pos,target,759
Set 1,Pos,target,980
Set 1,Pos,target,282
Set 1,Pos,target,235
Set 1,Pos,target,189
Set 1,Pos,target,485
Set 1,Pos,target,564
Set 1,Pos,target,241
Set 1,Pos,target,1000
Set 1,Pos,target,995
Set 1,Pos,target,712
Set 1,Pos,target,132
Set 1,Pos,target,972
Set 1,Pos,target,618
Set 1,Pos,target,639
Set 1,Pos,target,470
Set 1,Pos,target,720
Set 1,Pos,target,875
Set 1,Pos,target,149
Set 1,Pos,target,745
Set 1,Pos,target,238
Set 1,Pos,target,295
Set 1,Pos,target,186
Set 1,Pos,target,434
Set 1,Pos,target,982
Set 1,Pos,target,910
Set 1,Pos,target,704
Set 1,Pos,target,992
Set 1,Pos,target,158
Set 1,Pos,target,517
Set 1,Pos,target,25
Set 1,Pos,target,996
Set 1,Pos,target,780
Set 1,Pos,target,995
Set 1,Pos,target,917
Set 1,Pos,target,269
Set 1,Pos,target,978
Set 1,Pos,target,1000
Set 1,Pos,target,995
Set 1,Pos,target,439
Set 1,Pos,target,845
Set 1,Pos,target,870
Set 1,Pos,target,178
Set 1,Pos,target,911
Set 1,Pos,target,576
Set 1,Pos,target,843
Set 1,Pos,target,681
Set 1,Pos,target,853
Set 1,Pos,target,999
Set 1,Pos,target,999
Set 1,Pos,target,931
Set 1,Pos,target,543
Set 1,Pos,target,125
Set 1,Pos,target,999
Set 1,Pos,target,218
Set 1,Pos,target,423
Set 1,Pos,target,996
Set 1,Pos,target,946
Set 1,Pos,target,996
Set 1,Pos,target,974
Set 1,Pos,target,999
Set 1,Pos,target,996
Set 1,Pos,target,714
Set 1,Pos,target,796
Set 1,Pos,target,822
Set 1,Pos,target,861
Set 1,Pos,target,998
Set 1,Pos,target,588
Set 1,Pos,target,7
Set 1,Pos,target,622
Set 1,Pos,target,522
Set 1,Pos,target,993
Set 1,Pos,target,898
Set 1,Pos,target,987
Set 1,Pos,target,499
Set 1,Pos,target,338
Set 1,Pos,target,901
Set 1,Pos,target,907
Set 1,Pos,target,970
Set 1,Pos,target,875
Set 1,Pos,target,815
Set 1,Pos,target,601
Set 1,Pos,target,746
Set 1,Pos,target,913
Set 1,Pos,target,924
Set 1,Pos,target,996
Set 1,Pos,target,996
Set 1,Pos,target,519
Set 1,Pos,target,66
Set 1,Pos,target,526
Set 1,Pos,target,995
Set 1,Pos,target,340
Set 1,Pos,target,571
Set 1,Pos,target,708
Set 1,Pos,target,950
Set 1,Pos,target,987
Set 1,Pos,target,912
Set 1,Pos,target,999
Set 1,Pos,target,890
Set 1,Pos,target,996
Set 1,Pos,target,993
Set 1,Pos,decoy,116
Set 1,Pos,target,616
Set 1,Pos,target,587
Set 1,Pos,target,996
Set 1,Pos,target,472
Set 1,Pos,target,337
Set 1,Pos,target,486
Set 1,Pos,target,763
Set 1,Pos,target,864
Set 1,Pos,target,996
Set 1,Pos,target,808
Set 1,Pos,target,696
Set 1,Pos,target,785
Set 1,Pos,target,996
Set 1,Pos,target,930
Set 1,Pos,target,638
Set 1,Pos,target,983
Set 1,Pos,target,269
Set 1,Pos,target,730
Set 1,Pos,target,383
Set 1,Pos,target,739
Set 1,Pos,target,994
Set 1,Pos,decoy,113
Set 1,Pos,target,576
Set 1,Pos,target,994
Set 1,Pos,target,996
Set 1,Pos,target,999
Set 1,Pos,target,974
Set 1,Pos,target,637
Set 1,Pos,target,672
Set 1,Pos,target,996
Set 1,Pos,target,995
Set 1,Pos,target,981
Set 1,Pos,target,616
Set 1,Pos,target,895
Set 1,Pos,target,745
Set 1,Pos,target,930
Set 1,Pos,target,896
Set 1,Pos,target,230
Set 1,Pos,decoy,16
Set 1,Pos,target,830
Set 1,Pos,target,844
Set 1,Pos,target,995
Set 1,Pos,decoy,72
Set 1,Pos,target,725
Set 1,Pos,target,785
Set 1,Pos,target,251
Set 1,Pos,target,993
Set 1,Pos,target,728
Set 1,Pos,target,735
Set 1,Pos,target,746
Set 1,Pos,target,996
Set 1,Pos,target,930
Set 1,Pos,target,995
Set 1,Pos,target,708
Set 1,Pos,target,113
Set 1,Pos,target,12
Set 1,Pos,decoy,109
Set 1,Pos,target,843
Set 1,Pos,target,462
Set 1,Pos,target,882
Set 1,Pos,target,942
Set 1,Pos,target,703
Set 1,Pos,target,522
Set 1,Pos,target,995
Set 1,Pos,target,694
Set 1,Pos,target,993
Set 1,Pos,target,718
Set 1,Pos,target,995
Set 1,Pos,target,740
Set 1,Pos,target,739
Set 1,Pos,target,999
Set 1,Pos,target,830
Set 1,Pos,target,995
Set 1,Pos,target,701
Set 1,Pos,target,996
Set 1,Pos,target,830
Set 1,Pos,target,920
Set 1,Pos,target,999
Set 1,Pos,target,523
Set 1,Pos,target,970
Set 1,Pos,target,949
Set 1,Pos,target,990
Set 1,Pos,target,939
Set 1,Pos,target,644
Set 1,Pos,target,995
Set 1,Pos,target,731
Set 1,Pos,target,795
Set 1,Pos,target,907
Set 1,Pos,target,982
Set 1,Pos,target,923
Set 1,Pos,target,993
Set 1,Pos,target,689
Set 1,Pos,target,996
Set 1,Pos,target,997
Set 1,Pos,target,996
Set 1,Pos,target,778
Set 1,Pos,target,761
Set 1,Pos,target,571
Set 1,Pos,target,274
Set 1,Pos,target,990
Set 1,Pos,target,665
Set 1,Pos,target,585
Set 1,Pos,target,895
Set 1,Pos,target,290
Set 1,Pos,target,583
Set 1,Pos,target,977
Set 1,Pos,target,995
Set 1,Pos,target,224
Set 1,Pos,target,996
Set 1,Pos,target,816
Set 1,Pos,target,985
Set 1,Pos,target,641
Set 1,Pos,target,970
Set 1,Pos,target,781
Set 1,Pos,target,248
Set 1,Pos,target,998
Set 1,Pos,target,830
Set 1,Pos,target,998
Set 1,Pos,target,903
Set 1,Pos,target,795
Set 1,Pos,target,994
Set 1,Pos,target,659
Set 1,Pos,target,946
Set 1,Pos,target,992
Set 1,Pos,target,976
Set 1,Pos,target,812
Set 1,Pos,target,996
Set 1,Pos,target,998
Set 1,Pos,target,43
Set 1,Pos,target,958
Set 1,Pos,target,994
Set 1,Pos,target,901
Set 1,Pos,target,364
Set 1,Pos,target,556
Set 1,Pos,target,994
Set 1,Pos,target,35
Set 1,Pos,target,995
Set 1,Pos,target,971
Set 1,Pos,target,731
Set 1,Pos,target,2
Set 1,Pos,target,885
Set 1,Pos,target,700
Set 1,Pos,target,997
Set 1,Pos,target,929
Set 1,Pos,target,102
Set 1,Pos,target,268
Set 1,Pos,target,851
Set 1,Pos,target,991
Set 1,Pos,target,880
Set 1,Pos,target,588
Set 1,Pos,target,769
Set 1,Pos,target,991
Set 1,Pos,target,716
Set 1,Pos,target,988
Set 1,Pos,target,994
Set 1,Pos,target,991
Set 1,Pos,target,32
Set 1,Pos,target,987
Set 1,Pos,target,240
Set 1,Pos,target,581
Set 1,Pos,target,992
Set 1,Pos,target,980
Set 1,Pos,target,997
Set 1,Pos,target,85
Set 1,Pos,target,980
Set 1,Pos,target,538
Set 1,Pos,target,775
Set 1,Pos,target,784
Set 1,Pos,target,995
Set 1,Pos,target,809
Set 1,Pos,target,995
Set 1,Pos,target,131
Set 1,Pos,target,839
Set 1,Pos,target,627
Set 1,Pos,target,989
Set 1,Pos,target,996
Set 1,Pos,target,772
Set 1,Pos,target,936
Set 1,Pos,target,681
Set 1,Pos,target,24
Set 1,Pos,target,972
Set 1,Pos,target,829
Set 1,Pos,target,994
Set 1,Pos,target,980
Set 1,Pos,target,115
Set 1,Pos,target,997
Set 1,Pos,target,976
Set 1,Pos,target,996
Set 1,Pos,target,498
Set 1,Pos,target,562
Set 1,Pos,target,724
Set 1,Pos,target,992
Set 1,Pos,target,987
Set 1,Pos,target,729
Set 1,Pos,target,169
Set 1,Pos,target,984
Set 1,Pos,target,560
Set 1,Pos,target,995
Set 1,Pos,target,5
Set 1,Pos,target,987
Set 1,Pos,target,990
Set 1,Pos,target,953
Set 1,Pos,target,791
Set 1,Pos,target,997
Set 1,Pos,target,956
Set 1,Pos,target,778
Set 1,Pos,target,134
Set 1,Pos,target,151
Set 1,Pos,target,951
Set 1,Pos,target,966
Set 1,Pos,target,287
Set 1,Pos,target,989
Set 1,Pos,target,735
Set 1,Pos,target,452
Set 1,Pos,target,975
Set 1,Pos,target,985
Set 1,Pos,target,755
Set 1,Pos,target,982
Set 1,Pos,target,657
Set 1,Pos,target,987
Set 1,Pos,target,148
Set 1,Pos,target,3
Set 1,Pos,target,989
Set 1,Pos,target,955
Set 1,Pos,target,994
Set 1,Pos,target,651
Set 1,Pos,target,768
Set 1,Pos,target,918
Set 1,Pos,target,985
Set 1,Pos,target,190
Set 1,Pos,target,880
Set 1,Pos,target,172
Set 1,Pos,target,978
Set 1,Pos,target,674
Set 1,Pos,target,988
Set 1,Pos,target,941
Set 1,Pos,target,256
Set 1,Pos,target,989
Set 1,Pos,target,753
Set 1,Pos,target,980
Set 1,Pos,target,522
Set 1,Pos,target,991
Set 1,Pos,target,712
Set 1,Pos,target,660
Set 1,Pos,target,5
Set 1,Pos,target,993
Set 1,Pos,target,960
Set 1,Pos,target,993
Set 1,Pos,target,847
Set 1,Pos,target,730
Set 1,Pos,target,957
Set 1,Pos,target,648
Set 1,Pos,target,262
Set 1,Pos,target,968
Set 1,Pos,target,249
Set 1,Pos,target,991
Set 1,Pos,target,966
Set 1,Pos,target,235
Set 1,Pos,target,982
Set 1,Pos,target,995
Set 1,Pos,target,896
Set 1,Pos,target,717
Set 1,Pos,target,146
Set 1,Pos,target,6
Set 1,Pos,target,990
Set 1,Pos,target,992
Set 1,Pos,target,921
Set 1,Pos,target,588
Set 1,Pos,target,986
Set 1,Pos,target,979
Set 1,Pos,target,266
Set 1,Pos,target,752
Set 1,Pos,target,678
Set 1,Pos,target,993
Set 1,Pos,target,989
Set 1,Pos,target,970
Set 1,Pos,target,202
Set 1,Pos,target,981
Set 1,Pos,target,975
Set 1,Pos,target,992
Set 1,Pos,target,967
Set 1,Pos,target,2
Set 1,Pos,target,991
Set 1,Pos,target,994
Set 1,Pos,target,944
Set 1,Pos,target,261
Set 1,Pos,target,690
Set 1,Pos,target,205
Set 1,Pos,target,168
Set 1,Pos,target,951
Set 1,Pos,target,394
Set 1,Pos,target,204
Set 1,Pos,target,993
Set 1,Pos,target,948
Set 1,Pos,target,755
Set 1,Pos,target,975
Set 1,Pos,target,992
Set 1,Pos,target,988
Set 1,Pos,target,2
Set 1,Pos,target,987
Set 1,Pos,target,993
Set 1,Pos,target,991
Set 1,Pos,target,659
Set 1,Pos,target,226
Set 1,Pos,target,169
Set 1,Pos,target,396
Set 1,Pos,target,544
Set 1,Pos,target,567
Set 1,Pos,target,994
Set 1,Pos,target,873
Set 1,Pos,target,975
Set 1,Pos,target,871
Set 1,Pos,target,975
Set 1,Pos,target,219
Set 1,Pos,target,963
Set 1,Pos,target,918
Set 1,Pos,target,989
Set 1,Pos,target,995
Set 1,Pos,target,993
Set 1,Pos,target,38
Set 1,Pos,target,390
Set 1,Pos,target,995
Set 1,Pos,target,999
Set 1,Pos,target,652
Set 1,Pos,target,995
Set 1,Pos,target,994
Set 1,Pos,target,995
Set 1,Pos,target,441
Set 1,Pos,target,991
Set 1,Pos,target,993
Set 1,Pos,target,996
Set 1,Pos,target,72
Set 1,Pos,target,992
Set 1,Pos,target,107
Set 1,Pos,target,987
Set 1,Pos,target,999
Set 1,Pos,target,996
Set 1,Pos,target,1000
Set 1,Pos,target,995
Set 1,Pos,target,996
Set 1,Pos,target,980
Set 1,Pos,target,998
Set 1,Pos,target,989
Set 1,Pos,target,993
Set 1,Pos,target,995
Set 1,Pos,target,490
Set 1,Pos,target,780
Set 1,Pos,target,447
Set 1,Pos,target,364
Set 1,Pos,target,958
Set 1,Pos,target,220
Set 1,Pos,target,938
Set 1,Pos,target,663
Set 1,Pos,target,926
Set 1,Pos,target,772
Set 1,Pos,target,831
Set 1,Pos,target,24
Set 1,Pos,target,534
Set 1,Pos,target,905
Set 1,Pos,target,585
Set 1,Pos,target,976
Set 1,Pos,target,993
Set 1,Pos,target,829
Set 1,Pos,target,998
Set 1,Pos,target,417
Set 1,Pos,target,999
Set 1,Pos,target,995
Set 1,Pos,target,961
Set 1,Pos,target,700
Set 1,Pos,target,991
Set 1,Pos,target,996
Set 1,Pos,target,994
Set 1,Pos,target,597
Set 1,Pos,target,964
Set 1,Pos,target,985
Set 1,Pos,target,913
Set 1,Pos,target,840
Set 1,Pos,target,588
Set 1,Pos,target,935
Set 1,Pos,target,551
Set 1,Pos,target,163
Set 1,Pos,target,15
Set 1,Pos,target,359
Set 1,Pos,target,962
Set 1,Pos,target,216
Set 1,Pos,target,994
Set 1,Pos,target,995
Set 1,Pos,target,984
Set 1,Pos,target,997
Set 1,Pos,target,47
Set 1,Pos,target,808
Set 1,Pos,target,982
Set 1,Pos,target,971
Set 1,Pos,target,865
Set 1,Pos,target,796
Set 1,Pos,target,930
Set 1,Pos,target,271
Set 1,Pos,target,933
Set 1,Pos,target,978
Set 1,Pos,target,792
Set 1,Pos,target,421
Set 1,Pos,target,812
Set 1,Pos,target,146
Set 1,Pos,target,417
Set 1,Pos,target,811
Set 1,Pos,target,115
Set 1,Pos,target,1
Set 1,Pos,target,362
Set 1,Pos,target,462
Set 1,Pos,target,261
Set 1,Pos,target,300
Set 1,Pos,target,562
Set 1,Pos,target,12
Set 1,Pos,target,323
Set 1,Pos,target,68
Set 1,Pos,target,806
Set 1,Pos,target,191
Set 1,Pos,target,199
Set 1,Pos,target,112
Set 1,Pos,target,214
Set 1,Pos,target,221
Set 1,Pos,target,123
Set 1,Pos,target,365
Set 1,Pos,target,183
Set 1,Pos,target,846
Set 1,Pos,target,395
Set 1,Pos,target,26
Set 1,Pos,target,849
Set 1,Pos,target,950
Set 1,Pos,target,72
Set 1,Pos,target,198
Set 1,Pos,target,399
Set 1,Pos,target,785
Set 1,Pos,target,282
Set 1,Pos,target,939
Set 1,Pos,target,86
Set 1,Pos,target,603
Set 1,Pos,target,713
Set 1,Pos,target,293
Set 1,Pos,target,901
Set 1,Pos,target,935
Set 1,Pos,target,991
Set 1,Pos,target,958
Set 1,Pos,target,878
Set 1,Pos,target,940
Set 1,Pos,target,941
Set 1,Pos,target,966
Set 1,Pos,target,614
Set 1,Pos,target,984
Set 1,Pos,target,875
Set 1,Pos,target,308
Set 1,Pos,target,978
Set 1,Pos,target,896
Set 1,Pos,target,17
Set 1,Pos,target,964
Set 1,Pos,target,307
Set 1,Pos,target,937
Set 1,Pos,target,932
Set 1,Pos,target,948
Set 1,Pos,target,947
Set 1,Pos,target,866
Set 1,Pos,target,785
Set 1,Pos,target,448
Set 1,Pos,target,929
Set 1,Pos,target,944
Set 1,Pos,target,999
Set 1,Pos,target,817
Set 1,Pos,target,532
Set 1,Pos,target,983
Set 1,Pos,target,998
Set 1,Pos,target,829
Set 1,Pos,target,19
Set 1,Pos,target,994
Set 1,Pos,target,56
Set 1,Pos,target,43
Set 1,Pos,target,816
Set 1,Pos,target,908
Set 1,Pos,target,955
Set 1,Pos,target,121
Set 1,Pos,target,140
Set 1,Pos,target,988
Set 1,Pos,target,224
Set 1,Pos,target,945
Set 1,Pos,target,144
Set 1,Pos,target,977
Set 1,Pos,target,644
Set 1,Pos,target,828
Set 1,Pos,target,977
Set 1,Pos,target,940
Set 1,Pos,target,965
Set 1,Pos,target,1000
Set 1,Pos,target,999
Set 1,Pos,target,995
Set 1,Pos,target,817
Set 1,Pos,target,936
Set 1,Pos,target,66
Set 1,Pos,target,940
Set 1,Pos,target,939
Set 1,Pos,target,992
Set 1,Pos,target,979
Set 1,Pos,target,947
Set 1,Pos,target,991
Set 1,Pos,target,965
Set 1,Pos,target,987
Set 1,Pos,target,25
Set 1,Pos,target,937
Set 1,Pos,target,990
Set 1,Pos,target,954
Set 1,Pos,target,951
Set 1,Pos,target,32
Set 1,Pos,target,13
Set 1,Pos,target,989
Set 1,Pos,target,995
Set 1,Pos,decoy,20
Set 1,Pos,target,993
Set 1,Pos,target,180
Set 1,Pos,target,905
Set 1,Pos,target,996
Set 1,Pos,target,999
Set 1,Pos,target,931
Set 1,Pos,target,935
Set 1,Pos,target,995
Set 1,Pos,target,993
Set 1,Pos,target,998
Set 1,Pos,target,911
Set 1,Pos,target,996
Set 1,Pos,target,943
Set 1,Pos,target,995
Set 1,Pos,target,992
Set 1,Pos,target,995
Set 1,Pos,target,995
Set 1,Pos,target,995
Set 1,Pos,target,886
Set 1,Pos,target,995
Set 1,Pos,target,992
Set 1,Pos,target,980
Set 1,Pos,target,970
Set 1,Pos,target,990
Set 1,Pos,target,995
Set 1,Pos,target,9
Set 1,Pos,target,995
Set 1,Pos,target,118
Set 1,Pos,target,609
Set 1,Pos,target,956
Set 1,Pos,target,973
Set 1,Pos,target,992
Set 1,Pos,target,984
Set 1,Pos,target,995
Set 1,Pos,target,995
Set 1,Pos,target,996
Set 1,Pos,target,947
Set 1,Pos,target,993
Set 1,Pos,target,996
Set 1,Pos,target,996
Set 1,Pos,target,996
Set 1,Pos,target,996
Set 1,Pos,target,947
Set 1,Pos,target,820
Set 1,Pos,target,302
Set 1,Pos,target,987
Set 1,Pos,target,933
Set 1,Pos,target,943
Set 1,Pos,target,994
Set 1,Pos,target,996
Set 1,Pos,target,959
Set 1,Pos,target,996
Set 1,Pos,target,996
Set 1,Pos,target,996
Set 1,Pos,target,872
Set 1,Pos,target,988
Set 1,Pos,target,1000
Set 1,Pos,target,999
Set 1,Pos,target,993
Set 1,Pos,target,996
Set 1,Pos,target,996
Set 1,Pos,target,895
Set 1,Pos,target,158
Set 1,Pos,target,965
Set 1,Pos,target,896
Set 1,Pos,target,996
Set 1,Pos,target,893
Set 1,Pos,target,996
Set 1,Pos,target,1000
Set 1,Pos,target,768
Set 1,Pos,target,996
Set 1,Pos,target,990
Set 1,Pos,target,999
Set 1,Pos,target,996
Set 1,Pos,target,987
Set 1,Pos,target,994
Set 1,Pos,target,982
Set 1,Pos,target,5
Set 1,Pos,target,999
Set 1,Pos,target,995
Set 1,Pos,target,1000
Set 1,Pos,target,999
Set 1,Pos,target,997
Set 1,Pos,target,989
Set 1,Pos,target,996
Set 1,Pos,target,1
Set 1,Pos,target,913
Set 1,Pos,target,995
Set 1,Pos,target,995
Set 1,Pos,target,473
Set 1,Pos,target,57
Set 1,Pos,target,996
Set 1,Pos,target,996
Set 1,Pos,target,996
Set 1,Pos,target,1000
Set 1,Pos,target,991
Set 1,Pos,target,999
Set 1,Pos,target,995
Set 1,Pos,target,830
Set 1,Pos,target,996
Set 1,Pos,target,1000
Set 1,Pos,target,958
Set 1,Pos,target,729
Set 1,Pos,target,11
Set 1,Pos,target,941
Set 1,Pos,target,999
Set 1,Pos,target,713
Set 1,Pos,target,999
Set 1,Pos,target,995
Set 1,Pos,target,996
Set 1,Pos,target,905
Set 1,Pos,target,1000
Set 1,Pos,target,451
Set 1,Pos,target,959
Set 1,Pos,target,996
Set 1,Pos,target,953
Set 1,Pos,target,999
Set 1,Pos,target,996
Set 1,Pos,target,758
Set 1,Pos,target,996
Set 1,Pos,target,933
Set 1,Pos,target,996
Set 1,Pos,target,20
Set 1,Pos,target,906
Set 1,Pos,target,468
Set 1,Pos,target,939
Set 1,Pos,target,977
Set 1,Pos,target,894
Set 1,Pos,target,996
Set 1,Pos,target,972
Set 1,Pos,target,999
Set 1,Pos,target,944
Set 1,Pos,target,996
Set 1,Pos,target,996
Set 1,Pos,target,996
Set 1,Pos,target,754
Set 1,Pos,target,994
Set 1,Pos,target,999
Set 1,Pos,target,1000
Set 1,Pos,target,996
Set 1,Pos,target,999
Set 1,Pos,target,996
Set 1,Pos,target,996
Set 1,Pos,target,937
Set 1,Pos,target,952
Set 1,Pos,target,1000
Set 1,Pos,target,944
Set 1,Pos,target,997
Set 1,Pos,target,1000
Set 1,Pos,target,1000
Set 1,Pos,target,991
Set 1,Pos,target,965
Set 1,Pos,target,952
Set 1,Pos,target,996
Set 1,Pos,target,996
Set 1,Pos,target,996
Set 1,Pos,target,996
Set 1,Pos,target,1000
Set 1,Pos,target,996
Set 1,Pos,target,994
Set 1,Pos,target,996
Set 1,Pos,target,893
Set 1,Pos,target,893
Set 1,Pos,target,915
Set 1,Pos,target,999
Set 1,Pos,target,999
Set 1,Pos,target,999
Set 1,Pos,target,1000
Set 1,Pos,target,993
Set 1,Pos,target,556
Set 1,Pos,target,1000
Set 1,Pos,target,1000
Set 1,Pos,target,580
Set 1,Pos,target,951
Set 1,Pos,target,605
Set 1,Pos,target,999
Set 1,Pos,target,931
Set 1,Pos,target,996
Set 1,Pos,target,996
Set 1,Pos,target,996
Set 1,Pos,target,670
Set 1,Pos,target,999
Set 1,Pos,target,991
Set 1,Pos,target,846
Set 1,Pos,target,996
Set 1,Pos,target,992
Set 1,Pos,target,939
Set 1,Pos,target,996
Set 1,Pos,target,996
Set 1,Pos,target,996
Set 1,Pos,target,1000
Set 1,Pos,target,19
Set 1,Pos,target,995
Set 1,Pos,target,996
Set 1,Pos,target,992
Set 1,Pos,target,947
Set 1,Pos,target,996
Set 1,Pos,target,992
Set 1,Pos,target,868
Set 1,Pos,target,996
Set 1,Pos,target,999
Set 1,Pos,target,879
Set 1,Pos,target,996
Set 1,Pos,target,296
Set 1,Pos,target,994
Set 1,Pos,target,922
Set 1,Pos,target,996
Set 1,Pos,target,1000
Set 1,Pos,target,1000
Set 1,Pos,target,988
Set 1,Pos,target,726
Set 1,Pos,target,999
Set 1,Pos,target,780
Set 1,Pos,target,1000
Set 1,Pos,target,996
Set 1,Pos,target,1000
Set 1,Pos,target,980
Set 1,Pos,target,985
Set 1,Pos,target,996
Set 1,Pos,target,1000
Set 1,Pos,target,920
Set 1,Pos,target,995
Set 1,Pos,target,983
Set 1,Pos,target,995
Set 1,Pos,target,586
Set 1,Pos,target,996
Set 1,Pos,target,662
Set 1,Pos,target,948
Set 1,Pos,target,936
Set 1,Pos,target,1000
Set 1,Pos,target,242
Set 1,Pos,target,999
Set 1,Pos,target,999
Set 1,Pos,target,2
Set 1,Pos,target,981
Set 1,Pos,target,962
Set 1,Pos,target,996
Set 1,Pos,target,998
Set 1,Pos,target,64
Set 1,Pos,target,993
Set 1,Pos,target,992
Set 1,Pos,target,996
Set 1,Pos,target,831
Set 1,Pos,target,1000
Set 1,Pos,target,996
Set 1,Pos,target,996
Set 1,Pos,target,968
Set 1,Pos,target,19
Set 1,Pos,target,941
Set 1,Pos,target,20
Set 1,Pos,target,760
Set 1,Pos,target,980
Set 1,Pos,target,996
Set 1,Pos,decoy,703
Set 1,Pos,target,988
Set 1,Pos,target,999
Set 1,Pos,target,874
Set 1,Pos,target,870
Set 1,Pos,target,993
Set 1,Pos,target,898
Set 1,Pos,target,991
Set 1,Pos,target,996
Set 1,Pos,target,996
Set 1,Pos,target,999
Set 1,Pos,target,1000
Set 1,Pos,target,999
Set 1,Pos,target,996
Set 1,Pos,target,993
Set 1,Pos,target,996
Set 1,Pos,target,1000
Set 1,Pos,target,993
Set 1,Pos,target,995
Set 1,Pos,target,917
Set 1,Pos,target,1000
Set 1,Pos,target,684
Set 1,Pos,target,991
Set 1,Pos,target,996
Set 1,Pos,target,1000
Set 1,Pos,target,995
Set 1,Pos,target,994
Set 1,Pos,target,996
Set 1,Pos,target,999
Set 1,Pos,target,999
Set 1,Pos,target,999
Set 1,Pos,target,969
Set 1,Pos,target,24
Set 1,Pos,target,961
Set 1,Pos,target,283
Set 1,Pos,target,1000
Set 1,Pos,target,909
Set 1,Pos,target,999
Set 1,Pos,target,10
Set 1,Pos,target,15
Set 1,Pos,target,999
Set 1,Pos,target,812
Set 1,Pos,target,996
Set 1,Pos,target,979
Set 1,Pos,target,22
Set 1,Pos,target,829
Set 1,Pos,target,996
Set 1,Pos,target,855
Set 1,Pos,target,1000
Set 1,Pos,target,79
Set 1,Pos,target,996
Set 1,Pos,target,986
Set 1,Pos,target,991
Set 1,Pos,target,872
Set 1,Pos,target,25
Set 1,Pos,target,762
Set 1,Pos,target,999
Set 1,Pos,target,1000
Set 1,Pos,target,921
Set 1,Pos,target,993
Set 1,Pos,target,104
Set 1,Pos,target,5
Set 1,Pos,target,1000
Set 1,Pos,target,598
Set 1,Pos,target,691
Set 1,Pos,target,755
Set 1,Pos,target,446
Set 1,Pos,target,837
Set 1,Pos,target,999
Set 1,Pos,target,996
Set 1,Pos,target,977
Set 1,Pos,target,1000
Set 1,Pos,target,991
Set 1,Pos,target,448
Set 1,Pos,target,675
Set 1,Pos,target,996
Set 1,Pos,target,999
Set 1,Pos,target,657
Set 1,Pos,target,999
Set 1,Pos,target,367
Set 1,Pos,target,535
Set 1,Pos,target,999
Set 1,Pos,target,112
Set 1,Pos,target,287
Set 1,Pos,target,376
Set 1,Pos,target,765
Set 1,Pos,target,883
Set 1,Pos,target,957
Set 1,Pos,target,302
Set 1,Pos,target,6
Set 1,Pos,target,987
Set 1,Pos,target,170
Set 1,Pos,target,794
Set 1,Pos,target,150
Set 1,Pos,target,250
Set 1,Pos,target,714
Set 1,Pos,target,977
Set 1,Pos,target,666
Set 1,Pos,decoy,68
Set 1,Pos,target,818
Set 1,Pos,target,696
Set 1,Pos,target,913
Set 1,Pos,target,808
Set 1,Pos,target,496
Set 1,Pos,target,269
Set 1,Pos,target,797
Set 1,Pos,target,995
Set 1,Pos,target,15
Set 1,Pos,target,181
Set 1,Pos,target,896
Set 1,Pos,target,981
Set 1,Pos,target,835
Set 1,Pos,target,50
Set 1,Pos,target,653
Set 1,Pos,target,197
Set 1,Pos,target,751
Set 1,Pos,target,999
Set 1,Pos,target,1000
Set 1,Pos,target,915
Set 1,Pos,target,634
Set 1,Pos,target,640
Set 1,Pos,target,996
Set 1,Pos,target,406
Set 1,Pos,target,446
Set 1,Pos,target,850
Set 1,Pos,target,997
Set 1,Pos,target,762
Set 1,Pos,target,886
Set 1,Pos,target,863
Set 1,Pos,target,911
Set 1,Pos,target,995
Set 1,Pos,target,562
Set 1,Pos,target,855
Set 1,Pos,target,999
Set 1,Pos,target,869
Set 1,Pos,target,999
Set 1,Pos,target,918
Set 1,Pos,target,996
Set 1,Pos,target,171
Set 1,Pos,target,808
Set 1,Pos,target,528
Set 1,Pos,target,863
Set 1,Pos,target,894
Set 1,Pos,target,996
Set 1,Pos,target,976
Set 1,Pos,target,999
Set 1,Pos,target,795
Set 1,Pos,target,996
Set 1,Pos,target,713
Set 1,Pos,target,553
Set 1,Pos,target,997
Set 1,Pos,target,585
Set 1,Pos,target,994
Set 1,Pos,target,592
Set 1,Pos,target,500
Set 1,Pos,target,905
Set 1,Pos,target,507
Set 1,Pos,target,352
Set 1,Pos,target,913
Set 1,Pos,target,804
Set 1,Pos,target,849
Set 1,Pos,target,966
Set 1,Pos,target,653
Set 1,Pos,target,988
Set 1,Pos,target,793
Set 1,Pos,target,759
Set 1,Pos,target,912
Set 1,Pos,target,558
Set 1,Pos,target,793
Set 1,Pos,target,942
Set 1,Pos,target,996
Set 1,Pos,target,996
Set 1,Pos,target,700
Set 1,Pos,target,996
Set 1,Pos,target,334
Set 1,Pos,target,972
Set 1,Pos,target,595
Set 1,Pos,target,581
Set 1,Pos,target,558
Set 1,Pos,target,981
Set 1,Pos,target,917
Set 1,Pos,target,769
Set 1,Pos,target,824
Set 1,Pos,target,996
Set 1,Pos,target,532
Set 1,Pos,target,75
Set 1,Pos,target,993
Set 1,Pos,target,20
Set 1,Pos,target,612
Set 1,Pos,target,477
Set 1,Pos,target,555
Set 1,Pos,target,999
Set 1,Pos,target,544
Set 1,Pos,target,901
Set 1,Pos,target,996
Set 1,Pos,target,595
Set 1,Pos,target,802
Set 1,Pos,target,768
Set 1,Pos,target,941
Set 1,Pos,target,633
Set 1,Pos,target,996
Set 1,Pos,target,996
Set 1,Pos,target,1
Set 1,Pos,target,389
Set 1,Pos,target,801
Set 1,Pos,target,989
Set 1,Pos,target,995
Set 1,Pos,target,586
Set 1,Pos,target,648
Set 1,Pos,target,996
Set 1,Pos,target,671
Set 1,Pos,target,775
Set 1,Pos,target,699
Set 1,Pos,target,711
Set 1,Pos,target,996
Set 1,Pos,target,978
Set 1,Pos,target,996
Set 1,Pos,target,718
Set 1,Pos,target,903
Set 1,Pos,target,889
Set 1,Pos,target,999
Set 1,Pos,target,959
Set 1,Pos,target,276
Set 1,Pos,target,217
Set 1,Pos,decoy,76
Set 1,Pos,target,813
Set 1,Pos,target,766
Set 1,Pos,target,712
Set 1,Pos,target,976
Set 1,Pos,target,449
Set 1,Pos,target,996
Set 1,Pos,target,735
Set 1,Pos,target,871
Set 1,Pos,target,992
Set 1,Pos,target,848
Set 1,Pos,target,932
Set 1,Pos,target,663
Set 1,Pos,target,15
Set 1,Pos,target,769
Set 1,Pos,target,359
Set 1,Pos,target,765
Set 1,Pos,target,997
Set 1,Pos,target,539
Set 1,Pos,target,841
Set 1,Pos,target,996
Set 1,Pos,target,704
Set 1,Pos,target,710
Set 1,Pos,target,996
Set 1,Pos,target,995
Set 1,Pos,target,996
Set 1,Pos,target,993
Set 1,Pos,target,889
Set 1,Pos,target,773
Set 1,Pos,target,996
Set 1,Pos,target,726
Set 1,Pos,target,995
Set 1,Pos,target,811
Set 1,Pos,target,873
Set 1,Pos,target,902
Set 1,Pos,target,998
Set 1,Pos,target,520
Set 1,Pos,target,934
Set 1,Pos,target,854
Set 1,Pos,target,999
Set 1,Pos,target,695
Set 1,Pos,target,695
Set 1,Pos,target,911
Set 1,Pos,target,950
Set 1,Pos,target,772
Set 1,Pos,target,995
Set 1,Pos,target,734
Set 1,Pos,target,992
Set 1,Pos,target,994
Set 1,Pos,target,888
Set 1,Pos,target,805
Set 1,Pos,target,867
Set 1,Pos,target,228
Set 1,Pos,target,821
Set 1,Pos,target,964
Set 1,Pos,target,936
Set 1,Pos,target,761
Set 1,Pos,target,981
Set 1,Pos,target,65
Set 1,Pos,target,987
Set 1,Pos,target,975
Set 1,Pos,target,992
Set 1,Pos,target,996
Set 1,Pos,target,995
Set 1,Pos,target,996
Set 1,Pos,target,569
Set 1,Pos,target,979
Set 1,Pos,target,986
Set 1,Pos,target,777
Set 1,Pos,target,922
Set 1,Pos,target,882
Set 1,Pos,target,997
Set 1,Pos,target,648
Set 1,Pos,target,979
Set 1,Pos,target,719
Set 1,Pos,target,269
Set 1,Pos,target,998
Set 1,Pos,target,992
Set 1,Pos,target,994
Set 1,Pos,target,757
Set 1,Pos,target,777
Set 1,Pos,target,66
Set 1,Pos,target,940
Set 1,Pos,target,867
Set 1,Pos,target,910
Set 1,Pos,target,987
Set 1,Pos,target,996
Set 1,Pos,target,992
Set 1,Pos,target,998
Set 1,Pos,target,985
Set 1,Pos,target,922
Set 1,Pos,target,991
Set 1,Pos,target,866
Set 1,Pos,target,498
Set 1,Pos,target,997
Set 1,Pos,target,843
Set 1,Pos,target,996
Set 1,Pos,target,991
Set 1,Pos,target,620
Set 1,Pos,target,992
Set 1,Pos,target,994
Set 1,Pos,target,132
Set 1,Pos,target,889
Set 1,Pos,target,770
Set 1,Pos,target,970
Set 1,Pos,target,39
Set 1,Pos,target,634
Set 1,Pos,target,565
Set 1,Pos,target,660
Set 1,Pos,target,990
Set 1,Pos,target,996
Set 1,Pos,target,997
Set 1,Pos,target,907
Set 1,Pos,target,980
Set 1,Pos,target,845
Set 1,Pos,target,796
Set 1,Pos,target,985
Set 1,Pos,target,736
Set 1,Pos,target,984
Set 1,Pos,target,994
Set 1,Pos,target,713
Set 1,Pos,target,960
Set 1,Pos,target,220
Set 1,Pos,target,724
Set 1,Pos,target,988
Set 1,Pos,target,996
Set 1,Pos,target,990
Set 1,Pos,target,762
Set 1,Pos,target,638
Set 1,Pos,target,190
Set 1,Pos,target,617
Set 1,Pos,target,20
Set 1,Pos,target,976
Set 1,Pos,target,165
Set 1,Pos,target,990
Set 1,Pos,target,201
Set 1,Pos,target,996
Set 1,Pos,target,995
Set 1,Pos,target,944
Set 1,Pos,target,500
Set 1,Pos,target,897
Set 1,Pos,target,756
Set 1,Pos,target,71
Set 1,Pos,target,257
Set 1,Pos,target,743
Set 1,Pos,target,995
Set 1,Pos,target,973
Set 1,Pos,target,967
Set 1,Pos,target,987
Set 1,Pos,target,993
Set 1,Pos,target,314
Set 1,Pos,target,994
Set 1,Pos,target,663
Set 1,Pos,target,779
Set 1,Pos,target,993
Set 1,Pos,target,12
Set 1,Pos,target,31
Set 1,Pos,target,993
Set 1,Pos,target,876
Set 1,Pos,target,986
Set 1,Pos,target,994
Set 1,Pos,target,997
Set 1,Pos,target,496
Set 1,Pos,target,989
Set 1,Pos,target,429
Set 1,Pos,target,835
Set 1,Pos,target,645
Set 1,Pos,target,709
Set 1,Pos,target,983
Set 1,Pos,target,103
Set 1,Pos,target,988
Set 1,Pos,target,994
Set 1,Pos,target,976
Set 1,Pos,target,934
Set 1,Pos,target,643
Set 1,Pos,target,882
Set 1,Pos,target,734
Set 1,Pos,target,971
Set 1,Pos,target,14
Set 1,Pos,target,989
Set 1,Pos,target,270
Set 1,Pos,target,993
Set 1,Pos,target,488
Set 1,Pos,target,995
Set 1,Pos,target,995
Set 1,Pos,target,917
Set 1,Pos,target,952
Set 1,Pos,target,289
Set 1,Pos,target,460
Set 1,Pos,target,632
Set 1,Pos,target,677
Set 1,Pos,target,683
Set 1,Pos,target,988
Set 1,Pos,target,696
Set 1,Pos,target,984
Set 1,Pos,target,988
Set 1,Pos,target,773
Set 1,Pos,target,152
Set 1,Pos,target,661
Set 1,Pos,target,967
Set 1,Pos,target,12
Set 1,Pos,target,990
Set 1,Pos,target,994
Set 1,Pos,target,995
Set 1,Pos,target,966
Set 1,Pos,target,990
Set 1,Pos,target,730
Set 1,Pos,target,865
Set 1,Pos,target,26
Set 1,Pos,target,970
Set 1,Pos,target,308
Set 1,Pos,target,986
Set 1,Pos,target,663
Set 1,Pos,target,489
Set 1,Pos,target,979
Set 1,Pos,target,994
Set 1,Pos,target,876
Set 1,Pos,target,975
Set 1,Pos,target,767
Set 1,Pos,target,179
Set 1,Pos,target,992
Set 1,Pos,target,10
Set 1,Pos,target,554
Set 1,Pos,target,995
Set 1,Pos,target,995
Set 1,Pos,target,979
Set 1,Pos,target,920
Set 1,Pos,target,934
Set 1,Pos,target,733
Set 1,Pos,target,725
Set 1,Pos,target,869
Set 1,Pos,target,977
Set 1,Pos,target,287
Set 1,Pos,target,50
Set 1,Pos,target,671
Set 1,Pos,target,315
Set 1,Pos,target,979
Set 1,Pos,target,991
Set 1,Pos,target,396
Set 1,Pos,target,873
Set 1,Pos,target,986
Set 1,Pos,target,962
Set 1,Pos,target,963
Set 1,Pos,target,988
Set 1,Pos,target,396
Set 1,Pos,target,10
Set 1,Pos,target,994
Set 1,Pos,target,995
Set 1,Pos,target,970
Set 1,Pos,target,943
Set 1,Pos,target,362
Set 1,Pos,target,206
Set 1,Pos,target,564
Set 1,Pos,target,627
Set 1,Pos,target,730
Set 1,Pos,target,977
Set 1,Pos,target,993
Set 1,Pos,target,68
Set 1,Pos,target,815
Set 1,Pos,target,994
Set 1,Pos,target,531
Set 1,Pos,target,964
Set 1,Pos,target,993
Set 1,Pos,target,924
Set 1,Pos,target,205
Set 1,Pos,target,3
Set 1,Pos,target,994
Set 1,Pos,target,995
Set 1,Pos,target,985
Set 1,Pos,target,931
Set 1,Pos,target,949
Set 1,Pos,target,981
Set 1,Pos,target,982
Set 1,Pos,target,994
Set 1,Pos,target,813
Set 1,Pos,target,991
Set 1,Pos,target,269
Set 1,Pos,target,989
Set 1,Pos,target,71
Set 1,Pos,target,994
Set 1,Pos,target,61
Set 1,Pos,target,999
Set 1,Pos,target,996
Set 1,Pos,target,995
Set 1,Pos,target,409
Set 1,Pos,target,995
Set 1,Pos,target,995
Set 1,Pos,target,992
Set 1,Pos,target,500
Set 1,Pos,target,998
Set 1,Pos,target,994
Set 1,Pos,target,977
Set 1,Pos,target,993
Set 1,Pos,target,182
Set 1,Pos,target,984
Set 1,Pos,target,1000
Set 1,Pos,target,171
Set 1,Pos,target,994
Set 1,Pos,target,983
Set 1,Pos,target,980
Set 1,Pos,target,997
Set 1,Pos,target,980
Set 1,Pos,target,572
Set 1,Pos,target,929
Set 1,Pos,target,492
Set 1,Pos,target,437
Set 1,Pos,target,544
Set 1,Pos,target,642
Set 1,Pos,target,232
Set 1,Pos,target,129
Set 1,Pos,target,842
Set 1,Pos,target,895
Set 1,Pos,target,224
Set 1,Pos,target,405
Set 1,Pos,target,999
Set 1,Pos,target,965
Set 1,Pos,target,968
Set 1,Pos,target,994
Set 1,Pos,target,348
Set 1,Pos,target,211
Set 1,Pos,target,352
Set 1,Pos,target,834
Set 1,Pos,target,272
Set 1,Pos,target,626
Set 1,Pos,target,977
Set 1,Pos,target,445
Set 1,Pos,target,346
Set 1,Pos,target,315
Set 1,Pos,target,846
Set 1,Pos,target,978
Set 1,Pos,target,427
Set 1,Pos,target,849
Set 1,Pos,target,890
Set 1,Pos,target,191
Set 1,Pos,target,496
Set 1,Pos,target,11
Set 1,Pos,target,180
Set 1,Pos,target,922
Set 1,Pos,target,444
Set 1,Pos,target,690
Set 1,Pos,target,950
Set 1,Pos,target,507
Set 1,Pos,target,978
Set 1,Pos,target,959
Set 1,Pos,target,148
Set 1,Pos,target,850
Set 1,Pos,target,983
Set 1,Pos,target,981
Set 1,Pos,target,586
Set 1,Pos,target,899
Set 1,Pos,target,549
Set 1,Pos,target,16
Set 1,Pos,target,290
Set 1,Pos,target,668
Set 1,Pos,target,966
Set 1,Pos,target,814
Set 1,Pos,target,935
Set 1,Pos,target,189
Set 1,Pos,target,947
Set 1,Pos,target,638
Set 1,Pos,target,999
Set 1,Pos,target,932
Set 1,Pos,target,706
Set 1,Pos,target,999
Set 1,Pos,target,936
Set 1,Pos,target,938
Set 1,Pos,target,993
Set 1,Pos,target,109
Set 1,Pos,target,67
Set 1,Pos,target,775
Set 1,Pos,target,928
Set 1,Pos,target,956
Set 1,Pos,target,233
Set 1,Pos,target,990
Set 1,Pos,target,943
Set 1,Pos,target,231
Set 1,Pos,target,944
Set 1,Pos,target,963
Set 1,Pos,target,1
Set 1,Pos,target,320
Set 1,Pos,target,939
Set 1,Pos,target,936
Set 1,Pos,target,999
Set 1,Pos,target,997
Set 1,Pos,target,202
Set 1,Pos,target,189
Set 1,Pos,target,938
Set 1,Pos,target,936
Set 1,Pos,target,947
Set 1,Pos,target,964
Set 1,Pos,target,996
Set 1,Pos,target,951
Set 1,Pos,target,955
Set 1,Pos,target,984
Set 1,Pos,target,10
Set 1,Pos,target,937
Set 1,Pos,target,936
Set 1,Pos,target,994
Set 1,Pos,target,965
Set 1,Pos,target,14
Set 1,Pos,target,994
Set 1,Pos,target,734
Set 1,Pos,target,350
Set 1,Pos,target,428
Set 1,Pos,target,929
Set 1,Pos,target,936
Set 1,Pos,target,974
Set 1,Pos,target,939
Set 1,Pos,target,894
Set 1,Pos,target,995
Set 1,Pos,target,805
Set 1,Pos,target,932
Set 1,Pos,target,28
Set 1,Pos,target,16
Set 1,Pos,target,992
Set 1,Pos,target,993
Set 1,Pos,target,993
Set 1,Pos,target,988
Set 1,Pos,target,998
Set 1,Pos,target,833
Set 1,Pos,target,996
Set 1,Pos,target,995
Set 1,Pos,target,983
Set 1,Pos,target,996
Set 1,Pos,target,995
Set 1,Pos,target,988
Set 1,Pos,target,774
Set 1,Pos,target,996
Set 1,Pos,target,983
Set 1,Pos,target,992
Set 1,Pos,target,996
Set 1,Pos,target,763
Set 1,Pos,target,990
Set 1,Pos,target,377
Set 1,Pos,target,996
Set 1,Pos,target,996
Set 1,Pos,target,467
Set 1,Pos,target,135
Set 1,Pos,target,996
Set 1,Pos,target,996
Set 1,Pos,target,979
Set 1,Pos,target,994
Set 1,Pos,target,996
Set 1,Pos,target,995
Set 1,Pos,target,921
Set 1,Pos,target,993
Set 1,Pos,target,996
Set 1,Pos,target,923
Set 1,Pos,target,337
Set 1,Pos,target,995
Set 1,Pos,target,987
Set 1,Pos,target,920
Set 1,Pos,target,994
Set 1,Pos,target,734
Set 1,Pos,target,941
Set 1,Pos,target,920
Set 1,Pos,target,996
Set 1,Pos,target,996
Set 1,Pos,target,1000
Set 1,Pos,target,996
Set 1,Pos,target,996
Set 1,Pos,target,976
Set 1,Pos,target,1000
Set 1,Pos,target,931
Set 1,Pos,target,999
Set 1,Pos,target,933
Set 1,Pos,target,996
Set 1,Pos,target,996
Set 1,Pos,target,954
Set 1,Pos,target,112
Set 1,Pos,target,965
Set 1,Pos,target,908
Set 1,Pos,target,996
Set 1,Pos,target,971
Set 1,Pos,target,996
Set 1,Pos,target,996
Set 1,Pos,target,996
Set 1,Pos,target,999
Set 1,Pos,target,977
Set 1,Pos,target,996
Set 1,Pos,target,999
Set 1,Pos,target,984
Set 1,Pos,target,5
Set 1,Pos,target,996
Set 1,Pos,target,866
Set 1,Pos,target,701
Set 1,Pos,target,1000
Set 1,Pos,target,991
Set 1,Pos,target,996
Set 1,Pos,target,999
Set 1,Pos,target,988
Set 1,Pos,target,996
Set 1,Pos,target,995
Set 1,Pos,target,999
Set 1,Pos,target,996
Set 1,Pos,target,996
Set 1,Pos,target,999
Set 1,Pos,target,992
Set 1,Pos,target,996
Set 1,Pos,target,987
Set 1,Pos,target,996
Set 1,Pos,target,999
Set 1,Pos,target,996
Set 1,Pos,target,994
Set 1,Pos,target,870
Set 1,Pos,target,1000
Set 1,Pos,target,979
Set 1,Pos,target,951
Set 1,Pos,target,918
Set 1,Pos,target,777
Set 1,Pos,target,999
Set 1,Pos,target,193
Set 1,Pos,target,998
Set 1,Pos,target,996
Set 1,Pos,target,392
Set 1,Pos,target,1000
Set 1,Pos,target,996
Set 1,Pos,target,945
Set 1,Pos,target,65
Set 1,Pos,target,996
Set 1,Pos,target,996
Set 1,Pos,target,999
Set 1,Pos,target,996
Set 1,Pos,target,884
Set 1,Pos,target,293
Set 1,Pos,target,996
Set 1,Pos,target,911
Set 1,Pos,target,909
Set 1,Pos,target,80
Set 1,Pos,target,997
Set 1,Pos,target,998
Set 1,Pos,target,995
Set 1,Pos,target,1000
Set 1,Pos,target,996
Set 1,Pos,target,812
Set 1,Pos,target,991
Set 1,Pos,target,973
Set 1,Pos,target,1000
Set 1,Pos,target,893
Set 1,Pos,target,59
Set 1,Pos,target,980
Set 1,Pos,target,996
Set 1,Pos,target,996
Set 1,Pos,target,996
Set 1,Pos,target,870
Set 1,Pos,target,999
Set 1,Pos,target,996
Set 1,Pos,target,942
Set 1,Pos,target,996
Set 1,Pos,target,1000
Set 1,Pos,target,998
Set 1,Pos,target,986
Set 1,Pos,target,996
Set 1,Pos,target,1000
Set 1,Pos,target,966
Set 1,Pos,target,948
Set 1,Pos,target,996
Set 1,Pos,target,927
Set 1,Pos,target,999
Set 1,Pos,target,996
Set 1,Pos,target,901
Set 1,Pos,target,996
Set 1,Pos,target,961
Set 1,Pos,target,969
Set 1,Pos,target,899
Set 1,Pos,target,993
Set 1,Pos,target,999
Set 1,Pos,target,996
Set 1,Pos,target,1000
Set 1,Pos,target,607
Set 1,Pos,target,1000
Set 1,Pos,target,972
Set 1,Pos,target,999
Set 1,Pos,target,998
Set 1,Pos,target,996
Set 1,Pos,target,716
Set 1,Pos,target,992
Set 1,Pos,target,859
Set 1,Pos,target,998
Set 1,Pos,target,1000
Set 1,Pos,target,996
Set 1,Pos,target,991
Set 1,Pos,target,996
Set 1,Pos,target,985
Set 1,Pos,target,996
Set 1,Pos,target,996
Set 1,Pos,target,996
Set 1,Pos,target,933
Set 1,Pos,target,1000
Set 1,Pos,target,996
Set 1,Pos,target,22
Set 1,Pos,target,1000
Set 1,Pos,target,996
Set 1,Pos,target,995
Set 1,Pos,target,534
Set 1,Pos,target,997
Set 1,Pos,target,994
Set 1,Pos,target,954
Set 1,Pos,target,881
Set 1,Pos,target,996
Set 1,Pos,target,999
Set 1,Pos,target,999
Set 1,Pos,target,944
Set 1,Pos,target,996
Set 1,Pos,target,921
Set 1,Pos,target,996
Set 1,Pos,target,998
Set 1,Pos,target,993
Set 1,Pos,target,904
Set 1,Pos,target,1000
Set 1,Pos,target,1000
Set 1,Pos,target,1000
Set 1,Pos,target,996
Set 1,Pos,target,980
Set 1,Pos,target,996
Set 1,Pos,target,1000
Set 1,Pos,target,989
Set 1,Pos,target,649
Set 1,Pos,target,989
Set 1,Pos,target,988
Set 1,Pos,target,989
Set 1,Pos,target,998
Set 1,Pos,target,646
Set 1,Pos,target,127
Set 1,Pos,target,996
Set 1,Pos,target,1000
Set 1,Pos,target,333
Set 1,Pos,target,999
Set 1,Pos,target,679
Set 1,Pos,target,996
Set 1,Pos,target,996
Set 1,Pos,target,1000
Set 1,Pos,target,2
Set 1,Pos,target,967
Set 1,Pos,target,912
Set 1,Pos,target,992
Set 1,Pos,target,996
Set 1,Pos,target,991
Set 1,Pos,target,707
Set 1,Pos,target,1000
Set 1,Pos,target,996
Set 1,Pos,target,996
Set 1,Pos,target,958
Set 1,Pos,target,17
Set 1,Pos,target,996
Set 1,Pos,target,999
Set 1,Pos,target,910
Set 1,Pos,target,1000
Set 1,Pos,target,982
Set 1,Pos,target,969
Set 1,Pos,target,14
Set 1,Pos,target,809
Set 1,Pos,target,23
Set 1,Pos,target,996
Set 1,Pos,target,996
Set 1,Pos,target,9
Set 1,Pos,target,999
Set 1,Pos,target,998
Set 1,Pos,target,993
Set 1,Pos,target,999
Set 1,Pos,target,913
Set 1,Pos,target,1000
Set 1,Pos,target,996
Set 1,Pos,target,826
Set 1,Pos,target,1000
Set 1,Pos,target,999
Set 1,Pos,target,1000
Set 1,Pos,target,990
Set 1,Pos,target,996
Set 1,Pos,target,787
Set 1,Pos,target,677
Set 1,Pos,target,996
Set 1,Pos,target,856
Set 1,Pos,target,926
Set 1,Pos,target,968
Set 1,Pos,target,999
Set 1,Pos,target,19
Set 1,Pos,target,958
Set 1,Pos,target,870
Set 1,Pos,target,913
Set 1,Pos,target,895
Set 1,Pos,target,999
Set 1,Pos,target,18
Set 1,Pos,target,1000
Set 1,Pos,target,999
Set 1,Pos,target,20
Set 1,Pos,target,996
Set 1,Pos,target,784
Set 1,Pos,target,996
Set 1,Pos,target,1000
Set 1,Pos,target,996
Set 1,Pos,target,980
Set 1,Pos,target,823
Set 1,Pos,target,46
Set 1,Pos,target,996
Set 1,Pos,target,1000
Set 1,Pos,target,996
Set 1,Pos,target,995
Set 1,Pos,target,949
Set 1,Pos,target,928
Set 1,Pos,target,940
Set 1,Pos,target,792
Set 1,Pos,target,999
Set 1,Pos,target,998
Set 1,Pos,target,7
Set 1,Pos,target,629
Set 1,Pos,target,999
Set 1,Pos,target,1000
Set 1,Pos,target,892
Set 1,Pos,target,447
Set 1,Pos,target,1000
Set 1,Pos,target,996
Set 1,Pos,target,571
Set 1,Pos,target,436
Set 1,Pos,target,1000
Set 1,Pos,target,994
Set 1,Pos,target,838
Set 1,Pos,target,701
Set 1,Pos,target,598
Set 1,Pos,target,838
Set 1,Pos,target,728
Set 1,Pos,target,432
Set 1,Pos,target,700
Set 1,Pos,target,994
Set 1,Pos,target,999
Set 1,Pos,target,982
Set 1,Pos,target,506
Set 1,Pos,target,318
Set 1,Pos,target,999
Set 1,Pos,target,976
Set 1,Pos,decoy,18
Set 1,Pos,target,834
Set 1,Pos,target,996
Set 1,Pos,target,754
Set 1,Pos,target,249
Set 1,Pos,target,1000
Set 1,Pos,target,999
Set 1,Pos,target,78
Set 1,Pos,target,996
Set 1,Pos,target,1000
Set 1,Pos,target,131
Set 1,Pos,target,999
Set 1,Pos,target,996
Set 1,Pos,target,586
Set 1,Pos,target,257
Set 1,Pos,target,637
Set 1,Pos,target,825
Set 1,Pos,target,537
Set 1,Pos,target,741
Set 1,Pos,target,620
Set 1,Pos,target,708
Set 1,Pos,target,917
Set 1,Pos,target,139
Set 1,Pos,target,3
Set 1,Pos,target,143
Set 1,Pos,target,611
Set 1,Pos,target,822
Set 1,Pos,target,289
Set 1,Pos,target,901
Set 1,Pos,target,190
Set 1,Pos,target,982
Set 1,Pos,target,887
Set 1,Pos,target,769
Set 1,Pos,target,988
Set 1,Pos,target,214
Set 1,Pos,target,997
Set 1,Pos,target,999
Set 1,Pos,target,186
Set 1,Pos,target,793
Set 1,Pos,target,947
Set 1,Pos,target,586
Set 1,Pos,target,999
Set 1,Pos,target,996
Set 1,Pos,target,1000
Set 1,Pos,target,370
Set 1,Pos,target,798
Set 1,Pos,target,18
Set 1,Pos,target,549
Set 1,Pos,target,866
Set 1,Pos,target,78
Set 1,Pos,target,867
Set 1,Pos,target,580
Set 1,Pos,target,899
Set 1,Pos,target,761
Set 1,Pos,target,802
Set 1,Pos,target,832
Set 1,Pos,target,834
Set 1,Pos,target,639
Set 1,Pos,target,999
Set 1,Pos,target,928
Set 1,Pos,target,778
Set 1,Pos,target,600
Set 1,Pos,target,585
Set 1,Pos,target,435
Set 1,Pos,target,725
Set 1,Pos,target,902
Set 1,Pos,target,996
Set 1,Pos,target,995
Set 1,Pos,target,870
Set 1,Pos,target,977
Set 1,Pos,target,996
Set 1,Pos,target,996
Set 1,Pos,target,660
Set 1,Pos,target,793
Set 1,Pos,target,842
Set 1,Pos,target,181
Set 1,Pos,target,195
Set 1,Pos,target,543
Set 1,Pos,target,433
Set 1,Pos,target,992
Set 1,Pos,target,557
Set 1,Pos,target,626
Set 1,Pos,target,501
Set 1,Pos,target,996
Set 1,Pos,target,980
Set 1,Pos,target,361
Set 1,Pos,target,974
Set 1,Pos,target,799
Set 1,Pos,target,992
Set 1,Pos,target,703
Set 1,Pos,target,911
Set 1,Pos,target,785
Set 1,Pos,target,930
Set 1,Pos,target,996
Set 1,Pos,target,717
Set 1,Pos,target,707
Set 1,Pos,target,333
Set 1,Pos,target,949
Set 1,Pos,target,569
Set 1,Pos,target,999
Set 1,Pos,target,876
Set 1,Pos,target,621
Set 1,Pos,target,850
Set 1,Pos,target,841
Set 1,Pos,target,996
Set 1,Pos,target,947
Set 1,Pos,decoy,118
Set 1,Pos,target,556
Set 1,Pos,target,994
Set 1,Pos,target,996
Set 1,Pos,target,560
Set 1,Pos,target,475
Set 1,Pos,target,609
Set 1,Pos,target,455
Set 1,Pos,target,347
Set 1,Pos,target,994
Set 1,Pos,target,813
Set 1,Pos,target,874
Set 1,Pos,target,996
Set 1,Pos,target,803
Set 1,Pos,target,910
Set 1,Pos,target,736
Set 1,Pos,target,942
Set 1,Pos,target,317
Set 1,Pos,target,993
Set 1,Pos,target,983
Set 1,Pos,target,996
Set 1,Pos,target,402
Set 1,Pos,target,797
Set 1,Pos,target,995
Set 1,Pos,target,775
Set 1,Pos,target,995
Set 1,Pos,decoy,122
Set 1,Pos,target,620
Set 1,Pos,target,999
Set 1,Pos,target,491
Set 1,Pos,target,738
Set 1,Pos,target,996
Set 1,Pos,target,706
Set 1,Pos,target,972
Set 1,Pos,target,658
Set 1,Pos,target,972
Set 1,Pos,target,899
Set 1,Pos,target,741
Set 1,Pos,target,936
Set 1,Pos,target,195
Set 1,Pos,decoy,11
Set 1,Pos,target,786
Set 1,Pos,target,724
Set 1,Pos,decoy,76
Set 1,Pos,target,312
Set 1,Pos,target,796
Set 1,Pos,target,761
Set 1,Pos,target,976
Set 1,Pos,target,995
Set 1,Pos,target,994
Set 1,Pos,target,697
Set 1,Pos,target,996
Set 1,Pos,target,614
Set 1,Pos,target,995
Set 1,Pos,target,309
Set 1,Pos,target,937
Set 1,Pos,target,746
Set 1,Pos,target,16
Set 1,Pos,target,633
Set 1,Pos,target,742
Set 1,Pos,target,554
Set 1,Pos,target,875
Set 1,Pos,target,891
Set 1,Pos,target,771
Set 1,Pos,target,910
Set 1,Pos,target,999
Set 1,Pos,target,995
Set 1,Pos,target,992
Set 1,Pos,target,647
Set 1,Pos,target,996
Set 1,Pos,target,997
Set 1,Pos,target,805
Set 1,Pos,target,664
Set 1,Pos,target,900
Set 1,Pos,target,999
Set 1,Pos,target,809
Set 1,Pos,target,995
Set 1,Pos,target,858
Set 1,Pos,target,691
Set 1,Pos,target,990
Set 1,Pos,target,789
Set 1,Pos,target,998
Set 1,Pos,target,484
Set 1,Pos,target,923
Set 1,Pos,target,944
Set 1,Pos,target,746
Set 1,Pos,target,955
Set 1,Pos,target,3
Set 1,Pos,target,996
Set 1,Pos,target,738
Set 1,Pos,target,892
Set 1,Pos,target,674
Set 1,Pos,target,994
Set 1,Pos,target,994
Set 1,Pos,target,796
Set 1,Pos,target,938
Set 1,Pos,target,995
Set 1,Pos,target,607
Set 1,Pos,target,878
Set 1,Pos,target,991
Set 1,Pos,target,686
Set 1,Pos,target,696
Set 1,Pos,target,271
Set 1,Pos,target,988
Set 1,Pos,target,955
Set 1,Pos,target,993
Set 1,Pos,target,995
Set 1,Pos,target,942
Set 1,Pos,target,994
Set 1,Pos,target,999
Set 1,Pos,target,883
Set 1,Pos,target,999
Set 1,Pos,target,772
Set 1,Pos,target,996
Set 1,Pos,target,691
Set 1,Pos,target,935
Set 1,Pos,target,382
Set 1,Pos,target,606
Set 1,Pos,target,957
Set 1,Pos,target,705
Set 1,Pos,target,786
Set 1,Pos,target,757
Set 1,Pos,target,953
Set 1,Pos,target,873
Set 1,Pos,target,735
Set 1,Pos,target,866
Set 1,Pos,target,811
Set 1,Pos,target,993
Set 1,Pos,target,988
Set 1,Pos,target,976
Set 1,Pos,target,640
Set 1,Pos,target,987
Set 1,Pos,target,997
Set 1,Pos,target,662
Set 1,Pos,target,971
Set 1,Pos,target,985
Set 1,Pos,target,174
Set 1,Pos,target,906
Set 1,Pos,target,998
Set 1,Pos,target,993
Set 1,Pos,target,850
Set 1,Pos,target,995
Set 1,Pos,target,998
Set 1,Pos,target,991
Set 1,Pos,target,256
Set 1,Pos,target,995
Set 1,Pos,target,747
Set 1,Pos,target,998
Set 1,Pos,target,811
Set 1,Pos,target,702
Set 1,Pos,target,239
Set 1,Pos,target,998
Set 1,Pos,target,749
Set 1,Pos,target,28
Set 1,Pos,target,909
Set 1,Pos,decoy,5
Set 1,Pos,target,764
Set 1,Pos,target,703
Set 1,Pos,target,992
Set 1,Pos,target,790
Set 1,Pos,target,952
Set 1,Pos,target,987
Set 1,Pos,target,993
Set 1,Pos,target,986
Set 1,Pos,target,981
Set 1,Pos,target,62
Set 1,Pos,target,991
Set 1,Pos,target,998
Set 1,Pos,target,939
Set 1,Pos,target,719
Set 1,Pos,target,995
Set 1,Pos,target,991
Set 1,Pos,target,625
Set 1,Pos,target,998
Set 1,Pos,target,992
Set 1,Pos,target,806
Set 1,Pos,target,551
Set 1,Pos,target,847
Set 1,Pos,target,112
Set 1,Pos,target,514
Set 1,Pos,target,991
Set 1,Pos,target,789
Set 1,Pos,target,520
Set 1,Pos,target,831
Set 1,Pos,target,841
Set 1,Pos,target,972
Set 1,Pos,target,982
Set 1,Pos,target,973
Set 1,Pos,target,45
Set 1,Pos,target,981
Set 1,Pos,target,997
Set 1,Pos,target,991
Set 1,Pos,target,996
Set 1,Pos,target,521
Set 1,Pos,target,900
Set 1,Pos,target,994
Set 1,Pos,target,535
Set 1,Pos,target,884
Set 1,Pos,target,997
Set 1,Pos,target,180
Set 1,Pos,target,978
Set 1,Pos,target,619
Set 1,Pos,target,651
Set 1,Pos,target,981
Set 1,Pos,target,83
Set 1,Pos,target,130
Set 1,Pos,target,989
Set 1,Pos,target,835
Set 1,Pos,target,94
Set 1,Pos,target,380
Set 1,Pos,target,515
Set 1,Pos,target,718
Set 1,Pos,target,982
Set 1,Pos,target,239
Set 1,Pos,target,956
Set 1,Pos,target,13
Set 1,Pos,target,993
Set 1,Pos,target,994
Set 1,Pos,target,981
Set 1,Pos,target,991
Set 1,Pos,target,995
Set 1,Pos,target,132
Set 1,Pos,target,695
Set 1,Pos,target,993
Set 1,Pos,target,816
Set 1,Pos,target,976
Set 1,Pos,target,612
Set 1,Pos,target,578
Set 1,Pos,target,995
Set 1,Pos,target,800
Set 1,Pos,target,996
Set 1,Pos,target,200
Set 1,Pos,target,986
Set 1,Pos,target,805
Set 1,Pos,target,117
Set 1,Pos,target,473
Set 1,Pos,target,491
Set 1,Pos,target,968
Set 1,Pos,target,176
Set 1,Pos,target,21
Set 1,Pos,target,957
Set 1,Pos,target,994
Set 1,Pos,target,996
Set 1,Pos,target,985
Set 1,Pos,target,995
Set 1,Pos,target,992
Set 1,Pos,target,151
Set 1,Pos,target,624
Set 1,Pos,target,977
Set 1,Pos,target,871
Set 1,Pos,target,993
Set 1,Pos,target,215
Set 1,Pos,target,180
Set 1,Pos,target,679
Set 1,Pos,target,985
Set 1,Pos,target,992
Set 1,Pos,target,724
Set 1,Pos,target,261
Set 1,Pos,target,497
Set 1,Pos,target,671
Set 1,Pos,target,980
Set 1,Pos,target,8
Set 1,Pos,target,398
Set 1,Pos,target,991
Set 1,Pos,target,993
Set 1,Pos,target,905
Set 1,Pos,target,995
Set 1,Pos,target,252
Set 1,Pos,target,994
Set 1,Pos,target,970
Set 1,Pos,target,746
Set 1,Pos,target,979
Set 1,Pos,target,643
Set 1,Pos,target,215
Set 1,Pos,target,45
Set 1,Pos,target,990
Set 1,Pos,target,762
Set 1,Pos,target,231
Set 1,Pos,target,984
Set 1,Pos,target,784
Set 1,Pos,target,981
Set 1,Pos,target,293
Set 1,Pos,target,194
Set 1,Pos,target,983
Set 1,Pos,target,6
Set 1,Pos,target,177
Set 1,Pos,target,990
Set 1,Pos,target,998
Set 1,Pos,target,995
Set 1,Pos,target,995
Set 1,Pos,target,980
Set 1,Pos,target,877
Set 1,Pos,target,970
Set 1,Pos,target,985
Set 1,Pos,target,510
Set 1,Pos,target,982
Set 1,Pos,target,657
Set 1,Pos,target,824
Set 1,Pos,target,779
Set 1,Pos,target,990
Set 1,Pos,target,155
Set 1,Pos,target,858
Set 1,Pos,target,554
Set 1,Pos,target,338
Set 1,Pos,target,969
Set 1,Pos,target,2
Set 1,Pos,target,990
Set 1,Pos,target,994
Set 1,Pos,target,995
Set 1,Pos,target,994
Set 1,Pos,target,976
Set 1,Pos,target,969
Set 1,Pos,target,941
Set 1,Pos,target,984
Set 1,Pos,target,608
Set 1,Pos,target,360
Set 1,Pos,target,982
Set 1,Pos,target,686
Set 1,Pos,target,751
Set 1,Pos,target,617
Set 1,Pos,target,798
Set 1,Pos,target,979
Set 1,Pos,target,450
Set 1,Pos,target,245
Set 1,Pos,target,873
Set 1,Pos,target,512
Set 1,Pos,target,8
Set 1,Pos,target,72
Set 1,Pos,target,989
Set 1,Pos,target,977
Set 1,Pos,target,992
Set 1,Pos,target,155
Set 1,Pos,target,995
Set 1,Pos,target,994
Set 1,Pos,target,967
Set 1,Pos,target,673
Set 1,Pos,target,995
Set 1,Pos,target,955
Set 1,Pos,target,991
Set 1,Pos,target,985
Set 1,Pos,target,804
Set 1,Pos,target,988
Set 1,Pos,target,34
Set 1,Pos,target,992
Set 1,Pos,target,990
Set 1,Pos,target,999
Set 1,Pos,target,89
Set 1,Pos,target,622
Set 1,Pos,target,996
Set 1,Pos,target,996
Set 1,Pos,target,708
Set 1,Pos,target,587
Set 1,Pos,target,397
Set 1,Pos,target,997
Set 1,Pos,target,996
Set 1,Pos,target,998
Set 1,Pos,target,997
Set 1,Pos,target,101
Set 1,Pos,target,253
Set 1,Pos,target,975
Set 1,Pos,target,997
Set 1,Pos,target,1000
Set 1,Pos,target,665
Set 1,Pos,target,996
Set 1,Pos,target,619
Set 1,Pos,decoy,209
Set 1,Pos,target,95
Set 1,Pos,target,43
Set 1,Pos,target,44
Set 1,Pos,target,178
Set 1,Pos,target,273
Set 1,Pos,decoy,2
Set 1,Pos,target,478
Set 1,Pos,target,1
Set 1,Pos,target,404
Set 1,Pos,target,1
Set 1,Pos,target,969
Set 1,Pos,target,8
Set 1,Pos,decoy,6
Set 1,Pos,target,924
Set 1,Pos,target,382
Set 1,Pos,decoy,3
Set 1,Pos,target,7
Set 1,Pos,target,761
Set 1,Pos,target,66
Set 1,Pos,decoy,15
Set 1,Pos,target,164
Set 1,Pos,target,154
Set 1,Pos,target,811
Set 1,Pos,target,1
Set 1,Pos,target,2
Set 1,Pos,target,185
Set 1,Pos,target,700
Set 1,Pos,target,405
Set 1,Pos,target,709
Set 1,Pos,target,859
Set 1,Pos,target,799
Set 1,Pos,target,315
Set 1,Pos,target,448
Set 1,Pos,target,868
Set 1,Pos,target,621
Set 1,Pos,target,823
Set 1,Pos,target,600
Set 1,Pos,target,866
Set 1,Pos,target,875
Set 1,Pos,target,711
Set 1,Pos,target,104
Set 1,Pos,target,805
Set 1,Pos,target,91
Set 1,Pos,target,860
Set 1,Pos,target,224
Set 1,Pos,target,681
Set 1,Pos,target,852
Set 1,Pos,target,803
Set 1,Pos,target,815
Set 1,Pos,target,607
Set 1,Pos,target,912
Set 1,Pos,target,731
Set 1,Pos,target,141
Set 1,Pos,target,882
Set 1,Pos,target,929
Set 1,Pos,target,992
Set 1,Pos,target,889
Set 1,Pos,target,956
Set 1,Pos,target,974
Set 1,Pos,target,927
Set 1,Pos,target,778
Set 1,Pos,target,696
Set 1,Pos,target,419
Set 1,Pos,target,229
Set 1,Pos,target,863
Set 1,Pos,target,243
Set 1,Pos,target,391
Set 1,Pos,target,189
Set 1,Pos,target,250
Set 1,Pos,target,989
Set 1,Pos,target,611
Set 1,Pos,target,234
Set 1,Pos,target,788
Set 1,Pos,target,225
Set 1,Pos,decoy,193
Set 1,Pos,target,783
Set 1,Pos,target,276
Set 1,Pos,target,446
Set 1,Pos,target,109
Set 1,Pos,target,838
Set 1,Pos,target,188
Set 1,Pos,target,990
Set 1,Pos,target,144
Set 1,Pos,target,695
Set 1,Pos,target,714
Set 1,Pos,target,714
Set 1,Pos,target,605
Set 1,Pos,target,534
Set 1,Pos,target,263
Set 1,Pos,decoy,1
Set 1,Pos,target,206
Set 1,Pos,target,4
Set 1,Pos,target,996
Set 1,Pos,target,807
Set 1,Pos,target,951
Set 1,Pos,target,738
Set 1,Pos,target,378
Set 1,Pos,target,879
Set 1,Pos,target,778
Set 1,Pos,target,470
Set 1,Pos,target,730
Set 1,Pos,target,96
Set 1,Pos,target,984
Set 1,Pos,target,180
Set 1,Pos,target,848
Set 1,Pos,target,232
Set 1,Pos,target,381
Set 1,Pos,target,697
Set 1,Pos,target,557
Set 1,Pos,target,663
Set 1,Pos,target,981
Set 1,Pos,decoy,58
Set 1,Pos,target,874
Set 1,Pos,target,702
Set 1,Pos,target,782
Set 1,Pos,target,709
Set 1,Pos,target,432
Set 1,Pos,target,942
Set 1,Pos,target,981
Set 1,Pos,target,715
Set 1,Pos,target,690
Set 1,Pos,target,845
Set 1,Pos,target,350
Set 1,Pos,target,98
Set 1,Pos,target,881
Set 1,Pos,target,992
Set 1,Pos,target,647
Set 1,Pos,target,783
Set 1,Pos,target,934
Set 1,Pos,target,765
Set 1,Pos,target,3
Set 1,Pos,target,732
Set 1,Pos,target,237
Set 1,Pos,target,374
Set 1,Pos,target,956
Set 1,Pos,target,902
Set 1,Pos,target,721
Set 1,Pos,target,104
Set 1,Pos,target,740
Set 1,Pos,target,2
Set 1,Pos,target,130
Set 1,Pos,target,887
Set 1,Pos,target,665
Set 1,Pos,target,214
Set 1,Pos,target,151
Set 1,Pos,target,982
Set 1,Pos,target,797
Set 1,Pos,target,178
Set 1,Pos,target,857
Set 1,Pos,target,897
Set 1,Pos,target,787
Set 1,Pos,target,872
Set 1,Pos,target,3
Set 1,Pos,target,490
Set 1,Pos,target,991
Set 1,Pos,target,853
Set 1,Pos,target,739
Set 1,Pos,target,891
Set 1,Pos,target,189
Set 1,Pos,target,817
Set 1,Pos,target,3
Set 1,Pos,target,797
Set 1,Pos,target,661
Set 1,Pos,target,159
Set 1,Pos,target,992
Set 1,Pos,target,165
Set 1,Pos,target,123
Set 1,Pos,target,222
Set 1,Pos,target,182
Set 1,Pos,target,831
Set 1,Pos,target,843
Set 1,Pos,target,902
Set 1,Pos,target,211
Set 1,Pos,target,161
Set 1,Pos,target,869
Set 1,Pos,target,995
Set 1,Pos,target,994
Set 1,Pos,target,986
Set 1,Pos,target,998
Set 1,Pos,target,993
Set 1,Pos,target,992
Set 1,Pos,target,996
Set 1,Pos,target,987
Set 1,Pos,target,100
Set 1,Pos,target,411
Set 1,Pos,target,478
Set 1,Pos,target,262
Set 1,Pos,target,981
Set 1,Pos,target,625
Set 1,Pos,target,968
Set 1,Pos,target,635
Set 1,Pos,target,764
Set 1,Pos,target,925
Set 1,Pos,target,577
Set 1,Pos,target,796
Set 1,Pos,target,698
Set 1,Pos,target,397
Set 1,Pos,target,528
Set 1,Pos,target,632
Set 1,Pos,target,224
Set 1,Pos,target,994
Set 1,Pos,target,894
Set 1,Pos,target,999
Set 1,Pos,target,993
Set 1,Pos,target,990
Set 1,Pos,target,944
Set 1,Pos,target,976
Set 1,Pos,target,884
Set 1,Pos,target,981
Set 1,Pos,target,988
Set 1,Pos,target,97
Set 1,Pos,target,955
Set 1,Pos,target,958
Set 1,Pos,target,930
Set 1,Pos,target,834
Set 1,Pos,target,884
Set 1,Pos,target,499
Set 1,Pos,target,121
Set 1,Pos,target,583
Set 1,Pos,target,996
Set 1,Pos,target,988
Set 1,Pos,target,987
Set 1,Pos,target,707
Set 1,Pos,target,782
Set 1,Pos,target,935
Set 1,Pos,target,714
Set 1,Pos,target,220
Set 1,Pos,target,525
Set 1,Pos,target,881
Set 1,Pos,target,593
Set 1,Pos,target,85
Set 1,Pos,target,374
Set 1,Pos,target,136
Set 1,Pos,target,346
Set 1,Pos,target,947
Set 1,Pos,target,511
Set 1,Pos,target,148
Set 1,Pos,target,96
Set 1,Pos,target,83
Set 1,Pos,target,940
Set 1,Pos,target,694
Set 1,Pos,target,129
Set 1,Pos,target,312
Set 1,Pos,target,824
Set 1,Pos,target,752
Set 1,Pos,target,989
Set 1,Pos,target,443
Set 1,Pos,target,800
Set 1,Pos,target,839
Set 1,Pos,target,479
Set 1,Pos,target,157
Set 1,Pos,target,812
Set 1,Pos,target,995
Set 1,Pos,target,809
Set 1,Pos,target,666
Set 1,Pos,target,865
Set 1,Pos,target,48
Set 1,Pos,target,627
Set 1,Pos,target,607
Set 1,Pos,target,764
Set 1,Pos,target,60
Set 1,Pos,target,314
Set 1,Pos,target,997
Set 1,Pos,target,562
Set 1,Pos,target,921
Set 1,Pos,target,953
Set 1,Pos,target,439
Set 1,Pos,target,572
Set 1,Pos,target,975
Set 1,Pos,target,900
Set 1,Pos,target,439
Set 1,Pos,target,887
Set 1,Pos,target,807
Set 1,Pos,target,387
Set 1,Pos,target,954
Set 1,Pos,target,526
Set 1,Pos,target,776
Set 1,Pos,target,694
Set 1,Pos,target,334
Set 1,Pos,target,933
Set 1,Pos,target,122
Set 1,Pos,target,72
Set 1,Pos,target,837
Set 1,Pos,target,136
Set 1,Pos,target,158
Set 1,Pos,target,171
Set 1,Pos,target,908
Set 1,Pos,target,685
Set 1,Pos,target,769
Set 1,Pos,target,897
Set 1,Pos,target,189
Set 1,Pos,target,1
Set 1,Pos,target,987
Set 1,Pos,target,940
Set 1,Pos,target,928
Set 1,Pos,target,978
Set 1,Pos,target,54
Set 1,Pos,target,933
Set 1,Pos,target,769
Set 1,Pos,target,983
Set 1,Pos,target,978
Set 1,Pos,target,902
Set 1,Pos,decoy,160
Set 1,Pos,target,986
Set 1,Pos,target,952
Set 1,Pos,target,762
Set 1,Pos,target,973
Set 1,Pos,target,970
Set 1,Pos,target,987
Set 1,Pos,target,998
Set 1,Pos,target,971
Set 1,Pos,target,978
Set 1,Pos,target,949
Set 1,Pos,target,995
Set 1,Pos,target,989
Set 1,Pos,target,976
Set 1,Pos,target,641
Set 1,Pos,target,992
Set 1,Pos,target,924
Set 1,Pos,target,995
Set 1,Pos,target,1
Set 1,Pos,target,997
Set 1,Pos,target,970
Set 1,Pos,target,945
Set 1,Pos,target,996
Set 1,Pos,target,958
Set 1,Pos,target,984
Set 1,Pos,target,987
Set 1,Pos,target,43
Set 1,Pos,target,996
Set 1,Pos,target,772
Set 1,Pos,target,296
Set 1,Pos,target,354
Set 1,Pos,target,996
Set 1,Pos,target,984
Set 1,Pos,target,1000
Set 1,Pos,target,965
Set 1,Pos,target,17
Set 1,Pos,target,1
Set 1,Pos,target,976
Set 1,Pos,target,996
Set 1,Pos,target,785
Set 1,Pos,target,994
Set 1,Pos,target,999
Set 1,Pos,target,988
Set 1,Pos,target,996
Set 1,Pos,target,996
Set 1,Pos,target,994
Set 1,Pos,target,999
Set 1,Pos,target,2
Set 1,Pos,target,64
Set 1,Pos,target,935
Set 1,Pos,target,937
Set 1,Pos,target,916
Set 1,Pos,target,996
Set 1,Pos,target,985
Set 1,Pos,target,929
Set 1,Pos,target,991
Set 1,Pos,target,998
Set 1,Pos,target,121
Set 1,Pos,target,998
Set 1,Pos,target,864
Set 1,Pos,target,996
Set 1,Pos,target,755
Set 1,Pos,target,828
Set 1,Pos,target,106
Set 1,Pos,target,996
Set 1,Pos,target,999
Set 1,Pos,decoy,6
Set 1,Pos,target,999
Set 1,Pos,target,82
Set 1,Pos,decoy,21
Set 1,Pos,target,973
Set 1,Pos,target,996
Set 1,Pos,target,998
Set 1,Pos,target,767
Set 1,Pos,target,99
Set 1,Pos,target,996
Set 1,Pos,target,986
Set 1,Pos,target,949
Set 1,Pos,target,995
Set 1,Pos,target,998
Set 1,Pos,target,6
Set 1,Pos,target,691
Set 1,Pos,target,996
Set 1,Pos,target,998
Set 1,Pos,target,996
Set 1,Pos,target,177
Set 1,Pos,target,958
Set 1,Pos,target,805
Set 1,Pos,target,735
Set 1,Pos,target,988
Set 1,Pos,target,998
Set 1,Pos,target,772
Set 1,Pos,target,982
Set 1,Pos,target,70
Set 1,Pos,target,184
Set 1,Pos,target,932
Set 1,Pos,target,192
Set 1,Pos,target,161
Set 1,Pos,target,798
Set 1,Pos,target,957
Set 1,Pos,target,839
Set 1,Pos,target,273
Set 1,Pos,target,617
Set 1,Pos,target,248
Set 1,Pos,target,974
Set 1,Pos,target,724
Set 1,Pos,target,70
Set 1,Pos,target,868
Set 1,Pos,target,936
Set 1,Pos,target,723
Set 1,Pos,target,230
Set 1,Pos,target,58
Set 1,Pos,target,958
Set 1,Pos,target,785
Set 1,Pos,target,842
Set 1,Pos,target,766
Set 1,Pos,target,231
Set 1,Pos,target,172
Set 1,Pos,target,997
Set 1,Pos,target,978
Set 1,Pos,target,209
Set 1,Pos,target,872
Set 1,Pos,target,848
Set 1,Pos,target,879
Set 1,Pos,target,995
Set 1,Pos,target,704
Set 1,Pos,target,916
Set 1,Pos,target,824
Set 1,Pos,target,856
Set 1,Pos,target,971
Set 1,Pos,target,799
Set 1,Pos,target,273
Set 1,Pos,target,457
Set 1,Pos,target,978
Set 1,Pos,target,920
Set 1,Pos,target,139
Set 1,Pos,target,808
Set 1,Pos,target,858
Set 1,Pos,target,990
Set 1,Pos,target,980
Set 1,Pos,target,938
Set 1,Pos,target,236
Set 1,Pos,target,903
Set 1,Pos,target,772
Set 1,Pos,decoy,644
Set 1,Pos,target,780
Set 1,Pos,decoy,5
Set 1,Pos,target,862
Set 1,Pos,target,921
Set 1,Pos,target,891
Set 1,Pos,target,91
Set 1,Pos,target,745
Set 1,Pos,target,621
Set 1,Pos,target,827
Set 1,Pos,target,404
Set 1,Pos,target,222
Set 1,Pos,target,4
Set 1,Pos,target,706
Set 1,Pos,target,864
Set 1,Pos,target,848
Set 1,Pos,decoy,1
Set 1,Pos,target,170
Set 1,Pos,target,960
Set 1,Pos,target,223
Set 1,Pos,target,858
Set 1,Pos,target,204
Set 1,Pos,target,134
Set 1,Pos,target,702
Set 1,Pos,target,162
Set 1,Pos,target,85
Set 1,Pos,target,881
Set 1,Pos,target,799
Set 1,Pos,target,977
Set 1,Pos,target,95
Set 1,Pos,target,210
Set 1,Pos,target,913
Set 1,Pos,target,745
Set 1,Pos,target,818
Set 1,Pos,target,187
Set 1,Pos,target,350
Set 1,Pos,target,905
Set 1,Pos,target,787
Set 1,Pos,target,964
Set 1,Pos,target,112
Set 1,Pos,target,885
Set 1,Pos,target,822
Set 1,Pos,target,147
Set 1,Pos,target,851
Set 1,Pos,target,317
Set 1,Pos,target,571
Set 1,Pos,target,963
Set 1,Pos,target,976
Set 1,Pos,target,88
Set 1,Pos,target,193
Set 1,Pos,target,242
Set 1,Pos,target,900
Set 1,Pos,target,900
Set 1,Pos,target,993
Set 1,Pos,target,204
Set 1,Pos,target,658
Set 1,Pos,target,259
Set 1,Pos,target,421
Set 1,Pos,target,764
Set 1,Pos,target,948
Set 1,Pos,target,731
Set 1,Pos,target,200
Set 1,Pos,target,221
Set 1,Pos,target,984
Set 1,Pos,target,801
Set 1,Pos,target,229
Set 1,Pos,decoy,5
Set 1,Pos,target,787
Set 1,Pos,target,715
Set 1,Pos,target,958
Set 1,Pos,target,321
Set 1,Pos,target,229
Set 1,Pos,target,814
Set 1,Pos,target,875
Set 1,Pos,target,576
Set 1,Pos,target,440
Set 1,Pos,target,248
Set 1,Pos,target,171
Set 1,Pos,target,965
Set 1,Pos,target,220
Set 1,Pos,target,467
Set 1,Pos,target,790
Set 1,Pos,target,190
Set 1,Pos,target,675
Set 1,Pos,target,923
Set 1,Pos,target,972
Set 1,Pos,target,748
Set 1,Pos,target,204
Set 1,Pos,target,145
Set 1,Pos,target,834
Set 1,Pos,target,683
Set 1,Pos,target,941
Set 1,Pos,target,818
Set 1,Pos,target,165
Set 1,Pos,target,803
Set 1,Pos,target,944
Set 1,Pos,target,815
Set 1,Pos,target,992
Set 1,Pos,target,987
Set 1,Pos,target,971
Set 1,Pos,decoy,2
Set 1,Pos,target,989
Set 1,Pos,target,974
Set 1,Pos,target,647
Set 1,Pos,target,596
Set 1,Pos,target,195
Set 1,Pos,target,949
Set 1,Pos,target,34
Set 1,Pos,target,123
Set 1,Pos,target,790
Set 1,Pos,target,193
Set 1,Pos,target,849
Set 1,Pos,target,228
Set 1,Pos,target,999
Set 1,Pos,target,954
Set 1,Pos,target,949
Set 1,Pos,target,250
Set 1,Pos,target,994
Set 1,Pos,target,281
Set 1,Pos,target,372
Set 1,Pos,target,476
Set 1,Pos,target,164
Set 1,Pos,target,748
Set 1,Pos,target,874
Set 1,Pos,target,421
Set 1,Pos,target,825
Set 1,Pos,target,158
Set 1,Pos,target,173
Set 1,Pos,target,130
Set 1,Pos,target,515
Set 1,Pos,target,961
Set 1,Pos,target,994
Set 1,Pos,target,448
Set 1,Pos,target,24
Set 1,Pos,target,976
Set 1,Pos,target,523
Set 1,Pos,target,721
Set 1,Pos,target,968
Set 1,Pos,target,748
Set 1,Pos,target,2
Set 1,Pos,target,891
Set 1,Pos,target,294
Set 1,Pos,target,885
Set 1,Pos,target,68
Set 1,Pos,target,125
Set 1,Pos,decoy,3
Set 1,Pos,target,124
Set 1,Pos,target,282
Set 1,Pos,target,778
Set 1,Pos,target,248
Set 1,Pos,target,618
Set 1,Pos,target,573
Set 1,Pos,target,523
Set 1,Pos,target,918
Set 1,Pos,target,773
Set 1,Pos,target,744
Set 1,Pos,target,718
Set 1,Pos,target,808
Set 1,Pos,target,464
Set 1,Pos,target,982
Set 1,Pos,target,994
Set 1,Pos,target,715
Set 1,Pos,target,1
Set 1,Pos,target,667
Set 1,Pos,target,910
Set 1,Pos,target,801
Set 1,Pos,target,915
Set 1,Pos,target,977
Set 1,Pos,target,949
Set 1,Pos,target,945
Set 1,Pos,target,334
Set 1,Pos,target,981
Set 1,Pos,target,400
Set 1,Pos,target,983
Set 1,Pos,target,993
Set 1,Pos,target,27
Set 1,Pos,target,992
Set 1,Pos,target,991
Set 1,Pos,target,975
Set 1,Pos,target,1
Set 1,Pos,target,890
Set 1,Pos,target,79
Set 1,Pos,target,993
Set 1,Pos,target,994
Set 1,Pos,target,997
Set 1,Pos,target,632
Set 1,Pos,target,986
Set 1,Pos,target,786
Set 1,Pos,target,32
Set 1,Pos,target,907
Set 1,Pos,target,981
Set 1,Pos,target,985
Set 1,Pos,target,950
Set 1,Pos,target,945
Set 1,Pos,target,466
Set 1,Pos,target,122
Set 1,Pos,target,990
Set 1,Pos,target,918
Set 1,Pos,target,996
Set 1,Pos,target,983
Set 1,Pos,target,997
Set 1,Pos,decoy,6
Set 1,Pos,target,996
Set 1,Pos,decoy,6
Set 1,Pos,target,992
Set 1,Pos,target,957
Set 1,Pos,target,624
Set 1,Pos,target,986
Set 1,Pos,target,993
Set 1,Pos,target,975
Set 1,Pos,target,957
Set 1,Pos,target,952
Set 1,Pos,target,29
Set 1,Pos,target,991
Set 1,Pos,target,652
Set 1,Pos,target,174
Set 1,Pos,target,986
Set 1,Pos,target,970
Set 1,Pos,target,724
Set 1,Pos,target,505
Set 1,Pos,target,266
Set 1,Pos,target,667
Set 1,Pos,target,1
Set 1,Pos,target,811
Set 1,Pos,target,254
Set 1,Pos,target,623
Set 1,Pos,target,615
Set 1,Pos,target,686
Set 1,Pos,target,260
Set 1,Pos,target,166
Set 1,Pos,target,896
Set 1,Pos,target,752
Set 1,Pos,target,286
Set 1,Pos,target,170
Set 1,Pos,target,106
Set 1,Pos,target,744
Set 1,Pos,target,914
Set 1,Pos,target,146
Set 1,Pos,target,789
Set 1,Pos,target,99
Set 1,Pos,target,885
Set 1,Pos,target,871
Set 1,Pos,target,235
Set 1,Pos,target,870
Set 1,Pos,target,959
Set 1,Pos,target,694
Set 1,Pos,target,990
Set 1,Pos,target,670
Set 1,Pos,target,985
Set 1,Pos,target,822
Set 1,Pos,target,554
Set 1,Pos,target,821
Set 1,Pos,target,165
Set 1,Pos,target,761
Set 1,Pos,target,134
Set 1,Pos,target,899
Set 1,Pos,target,869
Set 1,Pos,decoy,2
Set 1,Pos,target,309
Set 1,Pos,target,852
Set 1,Pos,target,109
Set 1,Pos,target,200
Set 1,Pos,target,986
Set 1,Pos,target,506
Set 1,Pos,decoy,800
Set 1,Pos,target,304
Set 1,Pos,target,905
Set 1,Pos,target,211
Set 1,Pos,target,880
Set 1,Pos,target,78
Set 1,Pos,target,855
Set 1,Pos,target,957
Set 1,Pos,target,975
Set 1,Pos,target,449
Set 1,Pos,target,874
Set 1,Pos,target,243
Set 1,Pos,target,763
Set 1,Pos,target,758
Set 1,Pos,target,69
Set 1,Pos,target,236
Set 1,Pos,target,979
Set 1,Pos,target,184
Set 1,Pos,target,801
Set 1,Pos,target,217
Set 1,Pos,target,267
Set 1,Pos,target,174
Set 1,Pos,target,149
Set 1,Pos,target,699
Set 1,Pos,target,972
Set 1,Pos,target,144
Set 1,Pos,target,785
Set 1,Pos,target,152
Set 1,Pos,target,966
Set 1,Pos,target,93
Set 1,Pos,target,229
Set 1,Pos,target,149
Set 1,Pos,target,348
Set 1,Pos,target,935
Set 1,Pos,target,818
Set 1,Pos,target,171
Set 1,Pos,target,180
Set 1,Pos,target,770
Set 1,Pos,target,795
Set 1,Pos,target,989
Set 1,Pos,target,821
Set 1,Pos,target,158
Set 1,Pos,target,257
Set 1,Pos,target,863
Set 1,Pos,target,205
Set 1,Pos,target,698
Set 1,Pos,target,93
Set 1,Pos,target,157
Set 1,Pos,target,137
Set 1,Pos,target,994
Set 1,Pos,target,687
Set 1,Pos,target,86
Set 1,Pos,target,170
Set 1,Pos,target,928
Set 1,Pos,target,214
Set 1,Pos,target,218
Set 1,Pos,target,68
Set 1,Pos,target,973
Set 1,Pos,target,181
Set 1,Pos,target,232
Set 1,Pos,target,374
Set 1,Pos,target,763
Set 1,Pos,target,982
Set 1,Pos,target,667
Set 1,Pos,target,990
Set 1,Pos,target,226
Set 1,Pos,target,1
Set 1,Pos,target,76
Set 1,Pos,target,765
Set 1,Pos,decoy,1
Set 1,Pos,target,990
Set 1,Pos,target,253
Set 1,Pos,target,101
Set 1,Pos,target,206
Set 1,Pos,target,772
Set 1,Pos,target,389
Set 1,Pos,target,777
Set 1,Pos,target,816
Set 1,Pos,target,978
Set 1,Pos,target,653
Set 1,Pos,target,585
Set 1,Pos,target,745
Set 1,Pos,target,893
Set 1,Pos,target,768
Set 1,Pos,target,994
Set 1,Pos,target,981
Set 1,Pos,target,989
Set 1,Pos,target,999
Set 1,Pos,target,985
Set 1,Pos,target,371
Set 1,Pos,target,949
Set 1,Pos,target,983
Set 1,Pos,target,913
Set 1,Pos,target,160
Set 1,Pos,target,881
Set 1,Pos,target,579
Set 1,Pos,target,745
Set 1,Pos,target,728
Set 1,Pos,target,653
Set 1,Pos,target,565
Set 1,Pos,target,959
Set 1,Pos,target,944
Set 1,Pos,target,307
Set 1,Pos,target,518
Set 1,Pos,target,494
Set 1,Pos,target,995
Set 1,Pos,target,999
Set 1,Pos,target,861
Set 1,Pos,target,989
Set 1,Pos,target,980
Set 1,Pos,target,728
Set 1,Pos,target,88
Set 1,Pos,target,994
Set 1,Pos,target,287
Set 1,Pos,target,815
Set 1,Pos,target,985
Set 1,Pos,target,959
Set 1,Pos,target,994
Set 1,Pos,target,576
Set 1,Pos,target,859
Set 1,Pos,target,612
Set 1,Pos,target,859
Set 1,Pos,target,954
Set 1,Pos,target,982
Set 1,Pos,target,870
Set 1,Pos,target,770
Set 1,Pos,target,124
Set 1,Pos,target,624
Set 1,Pos,target,63
Set 1,Pos,target,76
Set 1,Pos,target,889
Set 1,Pos,target,645
Set 1,Pos,target,992
Set 1,Pos,target,697
Set 1,Pos,target,982
Set 1,Pos,target,843
Set 1,Pos,target,904
Set 1,Pos,target,411
Set 1,Pos,decoy,11
Set 1,Pos,target,265
Set 1,Pos,target,235
Set 1,Pos,target,15
Set 1,Pos,target,975
Set 1,Pos,target,137
Set 1,Pos,target,986
Set 1,Pos,target,938
Set 1,Pos,target,962
Set 1,Pos,target,950
Set 1,Pos,target,853
Set 1,Pos,target,615
Set 1,Pos,target,810
Set 1,Pos,target,827
Set 1,Pos,target,967
Set 1,Pos,target,833
Set 1,Pos,target,150
Set 1,Pos,target,268
Set 1,Pos,target,942
Set 1,Pos,target,909
Set 1,Pos,target,931
Set 1,Pos,target,912
Set 1,Pos,target,946
Set 1,Pos,target,938
Set 1,Pos,target,897
Set 1,Pos,target,526
Set 1,Pos,target,999
Set 1,Pos,target,9
Set 1,Pos,target,972
Set 1,Pos,target,961
Set 1,Pos,target,18
Set 1,Pos,target,11
Set 1,Pos,target,170
Set 1,Pos,target,950
Set 1,Pos,target,954
Set 1,Pos,target,837
Set 1,Pos,target,976
Set 1,Pos,target,829
Set 1,Pos,target,940
Set 1,Pos,target,825
Set 1,Pos,target,808
Set 1,Pos,target,15
Set 1,Pos,target,824
Set 1,Pos,target,204
Set 1,Pos,target,950
Set 1,Pos,target,892
Set 1,Pos,target,313
Set 1,Pos,target,988
Set 1,Pos,target,84
Set 1,Pos,target,969
Set 1,Pos,target,933
Set 1,Pos,target,927
Set 1,Pos,target,959
Set 1,Pos,target,807
Set 1,Pos,target,992
Set 1,Pos,target,937
Set 1,Pos,target,977
Set 1,Pos,target,995
Set 1,Pos,target,848
Set 1,Pos,target,989
Set 1,Pos,target,980
Set 1,Pos,target,913
Set 1,Pos,target,944
Set 1,Pos,target,959
Set 1,Pos,target,1
Set 1,Pos,target,980
Set 1,Pos,target,949
Set 1,Pos,target,80
Set 1,Pos,target,974
Set 1,Pos,target,885
Set 1,Pos,target,913
Set 1,Pos,target,981
Set 1,Pos,target,995
Set 1,Pos,target,996
Set 1,Pos,target,995
Set 1,Pos,target,985
Set 1,Pos,target,994
Set 1,Pos,target,986
Set 1,Pos,target,989
Set 1,Pos,target,780
Set 1,Pos,target,994
Set 1,Pos,target,999
Set 1,Pos,target,995
Set 1,Pos,target,996
Set 1,Pos,target,999
Set 1,Pos,target,990
Set 1,Pos,target,994
Set 1,Pos,target,996
Set 1,Pos,target,832
Set 1,Pos,target,148
Set 1,Pos,target,215
Set 1,Pos,target,971
Set 1,Pos,target,992
Set 1,Pos,target,983
Set 1,Pos,target,998
Set 1,Pos,target,668
Set 1,Pos,target,667
Set 1,Pos,target,998
Set 1,Pos,target,996
Set 1,Pos,target,999
Set 1,Pos,target,8
Set 1,Pos,target,996
Set 1,Pos,target,960
Set 1,Pos,target,1
Set 1,Pos,target,794
Set 1,Pos,target,995
Set 1,Pos,target,996
Set 1,Pos,target,987
Set 1,Pos,target,987
Set 1,Pos,target,999
Set 1,Pos,target,995
Set 1,Pos,target,999
Set 1,Pos,target,996
Set 1,Pos,target,732
Set 1,Pos,target,996
Set 1,Pos,target,992
Set 1,Pos,target,962
Set 1,Pos,target,986
Set 1,Pos,target,1000
Set 1,Pos,target,991
Set 1,Pos,target,996
Set 1,Pos,target,996
Set 1,Pos,target,996
Set 1,Pos,target,69
Set 1,Pos,target,999
Set 1,Pos,target,996
Set 1,Pos,target,994
Set 1,Pos,target,578
Set 1,Pos,target,850
Set 1,Pos,target,996
Set 1,Pos,target,991
Set 1,Pos,target,987
Set 1,Pos,target,999
Set 1,Pos,target,1000
Set 1,Pos,target,9
Set 1,Pos,target,689
Set 1,Pos,target,940
Set 1,Pos,target,996
Set 1,Pos,target,954
Set 1,Pos,target,715
Set 1,Pos,target,996
Set 1,Pos,target,976
Set 1,Pos,target,986
Set 1,Pos,target,999
Set 1,Pos,target,27
Set 1,Pos,target,957
Set 1,Pos,target,995
Set 1,Pos,target,992
Set 1,Pos,target,996
Set 1,Pos,target,204
Set 1,Pos,target,997
Set 1,Pos,target,559
Set 1,Pos,target,999
Set 1,Pos,target,966
Set 1,Pos,target,984
Set 1,Pos,target,899
Set 1,Pos,target,997
Set 1,Pos,target,993
Set 1,Pos,target,984
Set 1,Pos,target,984
Set 1,Pos,target,954
Set 1,Pos,target,996
Set 1,Pos,target,948
Set 1,Pos,target,1000
Set 1,Pos,target,991
Set 1,Pos,target,1000
Set 1,Pos,target,949
Set 1,Pos,target,996
Set 1,Pos,target,999
Set 1,Pos,target,996
Set 1,Pos,target,999
Set 1,Pos,target,972
Set 1,Pos,target,996
Set 1,Pos,target,1000
Set 1,Pos,target,996
Set 1,Pos,target,811
Set 1,Pos,target,823
Set 1,Pos,target,941
Set 1,Pos,target,996
Set 1,Pos,target,905
Set 1,Pos,target,997
Set 1,Pos,target,999
Set 1,Pos,target,852
Set 1,Pos,target,1000
Set 1,Pos,target,1000
Set 1,Pos,target,996
Set 1,Pos,target,996
Set 1,Pos,target,1000
Set 1,Pos,target,709
Set 1,Pos,target,995
Set 1,Pos,target,935
Set 1,Pos,target,996
Set 1,Pos,target,992
Set 1,Pos,target,999
Set 1,Pos,target,994
Set 1,Pos,target,989
Set 1,Pos,target,996
Set 1,Pos,target,996
Set 1,Pos,target,786
Set 1,Pos,target,719
Set 1,Pos,target,996
Set 1,Pos,target,996
Set 1,Pos,target,835
Set 1,Pos,target,996
Set 1,Pos,target,952
Set 1,Pos,target,996
Set 1,Pos,target,996
Set 1,Pos,target,916
Set 1,Pos,target,962
Set 1,Pos,target,904
Set 1,Pos,target,1000
Set 1,Pos,target,996
Set 1,Pos,target,988
Set 1,Pos,target,16
Set 1,Pos,target,994
Set 1,Pos,target,999
Set 1,Pos,target,996
Set 1,Pos,target,1000
Set 1,Pos,target,996
Set 1,Pos,target,918
Set 1,Pos,target,123
Set 1,Pos,target,984
Set 1,Pos,target,1000
Set 1,Pos,target,1000
Set 1,Pos,target,996
Set 1,Pos,target,763
Set 1,Pos,target,681
Set 1,Pos,target,862
Set 1,Pos,target,996
Set 1,Pos,target,999
Set 1,Pos,target,996
Set 1,Pos,target,810
Set 1,Pos,target,996
Set 1,Pos,target,999
Set 1,Pos,target,1000
Set 1,Pos,target,996
Set 1,Pos,target,834
Set 1,Pos,target,966
Set 1,Pos,target,996
Set 1,Pos,target,1000
Set 1,Pos,target,974
Set 1,Pos,target,959
Set 1,Pos,target,706
Set 1,Pos,target,688
Set 1,Pos,target,999
Set 1,Pos,target,996
Set 1,Pos,target,998
Set 1,Pos,target,1000
Set 1,Pos,target,55
Set 1,Pos,target,996
Set 1,Pos,target,1000
Set 1,Pos,target,996
Set 1,Pos,target,993
Set 1,Pos,target,870
Set 1,Pos,target,917
Set 1,Pos,target,1000
Set 1,Pos,target,990
Set 1,Pos,target,958
Set 1,Pos,target,982
Set 1,Pos,target,865
Set 1,Pos,target,133
Set 1,Pos,target,1000
Set 1,Pos,target,996
Set 1,Pos,target,9
Set 1,Pos,target,968
Set 1,Pos,target,996
Set 1,Pos,target,999
Set 1,Pos,target,986
Set 1,Pos,target,996
Set 1,Pos,decoy,716
Set 1,Pos,target,908
Set 1,Pos,target,1000
Set 1,Pos,target,962
Set 1,Pos,target,939
Set 1,Pos,target,1000
Set 1,Pos,target,999
Set 1,Pos,target,996
Set 1,Pos,target,999
Set 1,Pos,target,992
Set 1,Pos,target,996
Set 1,Pos,target,322
Set 1,Pos,target,2
Set 1,Pos,target,999
Set 1,Pos,target,1000
Set 1,Pos,target,1000
Set 1,Pos,target,990
Set 1,Pos,target,991
Set 1,Pos,target,994
Set 1,Pos,target,782
Set 1,Pos,target,955
Set 1,Pos,target,960
Set 1,Pos,target,992
Set 1,Pos,target,999
Set 1,Pos,target,440
Set 1,Pos,target,856
Set 1,Pos,target,937
Set 1,Pos,target,827
Set 1,Pos,target,999
Set 1,Pos,target,5
Set 1,Pos,target,999
Set 1,Pos,target,999
Set 1,Pos,target,1000
Set 1,Pos,target,993
Set 1,Pos,target,999
Set 1,Pos,target,23
Set 1,Pos,target,47
Set 1,Pos,target,992
Set 1,Pos,target,206
Set 1,Pos,target,997
Set 1,Pos,target,568
Set 1,Pos,target,379
Set 1,Pos,target,999
Set 1,Pos,target,999
Set 1,Pos,target,993
Set 1,Pos,target,821
Set 1,Pos,target,18
Set 1,Pos,target,917
Set 1,Pos,target,999
Set 1,Pos,target,995
Set 1,Pos,target,999
Set 1,Pos,target,70
Set 1,Pos,target,995
Set 1,Pos,target,933
Set 1,Pos,target,806
Set 1,Pos,target,495
Set 1,Pos,target,784
Set 1,Pos,target,810
Set 1,Pos,target,711
Set 1,Pos,target,570
Set 1,Pos,target,568
Set 1,Pos,target,519
Set 1,Pos,target,990
Set 1,Pos,target,102
Set 1,Pos,target,999
Set 1,Pos,target,125
Set 1,Pos,target,185
Set 1,Pos,target,583
Set 1,Pos,target,633
Set 1,Pos,target,458
Set 1,Pos,target,614
Set 1,Pos,target,100
Set 1,Pos,target,126
Set 1,Pos,target,73
Set 1,Pos,target,678
Set 1,Pos,target,999
Set 1,Pos,target,734
Set 1,Pos,target,111
Set 1,Pos,target,999
Set 1,Pos,target,897
Set 1,Pos,target,658
Set 1,Pos,target,375
Set 1,Pos,target,181
Set 1,Pos,target,996
Set 1,Pos,target,558
Set 1,Pos,target,741
Set 1,Pos,target,248
Set 1,Pos,target,998
Set 1,Pos,target,659
Set 1,Pos,target,168
Set 1,Pos,target,643
Set 1,Pos,target,820
Set 1,Pos,target,911
Set 1,Pos,target,858
Set 1,Pos,target,193
Set 1,Pos,target,751
Set 1,Pos,target,981
Set 1,Pos,target,163
Set 1,Pos,target,849
Set 1,Pos,target,874
Set 1,Pos,target,618
Set 1,Pos,target,196
Set 1,Pos,target,966
Set 1,Pos,target,987
Set 1,Pos,target,603
Set 1,Pos,target,926
Set 1,Pos,target,982
Set 1,Pos,target,723
Set 1,Pos,target,197
Set 1,Pos,target,374
Set 1,Pos,target,859
Set 1,Pos,target,187
Set 1,Pos,target,159
Set 1,Pos,target,538
Set 1,Pos,target,727
Set 1,Pos,target,818
Set 1,Pos,target,853
Set 1,Pos,target,344
Set 1,Pos,target,907
Set 1,Pos,target,846
Set 1,Pos,target,862
Set 1,Pos,target,606
Set 1,Pos,target,810
Set 1,Pos,target,999
Set 1,Pos,target,493
Set 1,Pos,target,752
Set 1,Pos,target,220
Set 1,Pos,target,841
Set 1,Pos,target,407
Set 1,Pos,target,656
Set 1,Pos,target,845
Set 1,Pos,target,915
Set 1,Pos,target,996
Set 1,Pos,target,493
Set 1,Pos,target,994
Set 1,Pos,target,995
Set 1,Pos,target,405
Set 1,Pos,target,104
Set 1,Pos,target,993
Set 1,Pos,target,35
Set 1,Pos,target,490
Set 1,Pos,target,524
Set 1,Pos,target,807
Set 1,Pos,target,639
Set 1,Pos,target,15
Set 1,Pos,target,577
Set 1,Pos,target,638
Set 1,Pos,target,492
Set 1,Pos,target,842
Set 1,Pos,target,842
Set 1,Pos,target,926
Set 1,Pos,target,739
Set 1,Pos,target,886
Set 1,Pos,target,942
Set 1,Pos,decoy,4
Set 1,Pos,target,49
Set 1,Pos,target,943
Set 1,Pos,target,805
Set 1,Pos,target,661
Set 1,Pos,target,768
Set 1,Pos,target,899
Set 1,Pos,target,944
Set 1,Pos,target,715
Set 1,Pos,target,774
Set 1,Pos,target,544
Set 1,Pos,target,335
Set 1,Pos,target,996
Set 1,Pos,target,777
Set 1,Pos,target,995
Set 1,Pos,target,544
Set 1,Pos,target,983
Set 1,Pos,target,628
Set 1,Pos,target,960
Set 1,Pos,target,419
Set 1,Pos,target,996
Set 1,Pos,target,45
Set 1,Pos,target,823
Set 1,Pos,decoy,49
Set 1,Pos,target,996
Set 1,Pos,target,519
Set 1,Pos,target,542
Set 1,Pos,target,582
Set 1,Pos,target,705
Set 1,Pos,target,895
Set 1,Pos,target,869
Set 1,Pos,target,886
Set 1,Pos,target,575
Set 1,Pos,target,697
Set 1,Pos,target,909
Set 1,Pos,target,990
Set 1,Pos,target,996
Set 1,Pos,target,799
Set 1,Pos,decoy,6
Set 1,Pos,target,549
Set 1,Pos,target,824
Set 1,Pos,target,730
Set 1,Pos,target,480
Set 1,Pos,target,709
Set 1,Pos,target,994
Set 1,Pos,target,634
Set 1,Pos,target,846
Set 1,Pos,target,723
Set 1,Pos,target,902
Set 1,Pos,target,910
Set 1,Pos,target,792
Set 1,Pos,target,699
Set 1,Pos,target,884
Set 1,Pos,target,133
Set 1,Pos,target,899
Set 1,Pos,decoy,28
Set 1,Pos,target,749
Set 1,Pos,decoy,119
Set 1,Pos,target,63
Set 1,Pos,target,787
Set 1,Pos,target,859
Set 1,Pos,target,943
Set 1,Pos,target,992
Set 1,Pos,target,890
Set 1,Pos,target,979
Set 1,Pos,target,982
Set 1,Pos,target,648
Set 1,Pos,decoy,17
Set 1,Pos,target,997
Set 1,Pos,target,639
Set 1,Pos,target,700
Set 1,Pos,target,703
Set 1,Pos,target,612
Set 1,Pos,target,987
Set 1,Pos,target,712
Set 1,Pos,target,910
Set 1,Pos,target,813
Set 1,Pos,target,890
Set 1,Pos,target,989
Set 1,Pos,target,964
Set 1,Pos,target,862
Set 1,Pos,target,864
Set 1,Pos,target,880
Set 1,Pos,target,962
Set 1,Pos,target,285
Set 1,Pos,target,761
Set 1,Pos,target,464
Set 1,Pos,target,293
Set 1,Pos,target,988
Set 1,Pos,target,812
Set 1,Pos,target,955
Set 1,Pos,target,825
Set 1,Pos,target,812
Set 1,Pos,target,996
Set 1,Pos,target,976
Set 1,Pos,target,777
Set 1,Pos,target,228
Set 1,Pos,target,586
Set 1,Pos,target,978
Set 1,Pos,target,828
Set 1,Pos,target,859
Set 1,Pos,target,995
Set 1,Pos,target,587
Set 1,Pos,target,857
Set 1,Pos,target,572
Set 1,Pos,target,981
Set 1,Pos,target,213
Set 1,Pos,target,751
Set 1,Pos,target,586
Set 1,Pos,target,920
Set 1,Pos,target,924
Set 1,Pos,target,401
Set 1,Pos,target,903
Set 1,Pos,target,919
Set 1,Pos,target,201
Set 1,Pos,target,971
Set 1,Pos,target,854
Set 1,Pos,target,959
Set 1,Pos,target,929
Set 1,Pos,target,823
Set 1,Pos,target,965
Set 1,Pos,target,685
Set 1,Pos,target,898
Set 1,Pos,target,168
Set 1,Pos,target,643
Set 1,Pos,target,920
Set 1,Pos,target,855
Set 1,Pos,target,260
Set 1,Pos,target,133
Set 1,Pos,target,946
Set 1,Pos,target,787
Set 1,Pos,target,190
Set 1,Pos,target,985
Set 1,Pos,decoy,1
Set 1,Pos,target,950
Set 1,Pos,target,941
Set 1,Pos,target,970
Set 1,Pos,target,162
Set 1,Pos,target,841
Set 1,Pos,target,994
Set 1,Pos,target,236
Set 1,Pos,target,954
Set 1,Pos,target,954
Set 1,Pos,target,391
Set 1,Pos,target,973
Set 1,Pos,target,174
Set 1,Pos,target,221
Set 1,Pos,decoy,32
Set 1,Pos,target,961
Set 1,Pos,target,894
Set 1,Pos,target,74
Set 1,Pos,target,657
Set 1,Pos,target,74
Set 1,Pos,target,929
Set 1,Pos,target,811
Set 1,Pos,target,76
Set 1,Pos,target,956
Set 1,Pos,target,659
Set 1,Pos,target,90
Set 1,Pos,target,187
Set 1,Pos,target,965
Set 1,Pos,target,704
Set 1,Pos,target,861
Set 1,Pos,target,173
Set 1,Pos,target,32
Set 1,Pos,target,990
Set 1,Pos,target,227
Set 1,Pos,target,179
Set 1,Pos,target,151
Set 1,Pos,target,917
Set 1,Pos,target,225
Set 1,Pos,target,684
Set 1,Pos,target,186
Set 1,Pos,target,982
Set 1,Pos,target,804
Set 1,Pos,target,258
Set 1,Pos,target,149
Set 1,Pos,target,860
Set 1,Pos,target,889
Set 1,Pos,target,788
Set 1,Pos,target,205
Set 1,Pos,target,183
Set 1,Pos,target,799
Set 1,Pos,target,862
Set 1,Pos,target,931
Set 1,Pos,target,965
Set 1,Pos,target,184
Set 1,Pos,target,91
Set 1,Pos,target,908
Set 1,Pos,target,127
Set 1,Pos,target,852
Set 1,Pos,target,851
Set 1,Pos,target,962
Set 1,Pos,target,865
Set 1,Pos,target,193
Set 1,Pos,target,811
Set 1,Pos,target,722
Set 1,Pos,target,222
Set 1,Pos,target,985
Set 1,Pos,target,960
Set 1,Pos,target,114
Set 1,Pos,target,929
Set 1,Pos,target,202
Set 1,Pos,target,942
Set 1,Pos,target,978
Set 1,Pos,target,967
Set 1,Pos,target,973
Set 1,Pos,target,794
Set 1,Pos,target,986
Set 1,Pos,target,936
Set 1,Pos,target,879
Set 1,Pos,target,987
Set 1,Pos,target,334
Set 1,Pos,target,24
Set 1,Pos,target,548
Set 1,Pos,target,975
Set 1,Pos,target,889
Set 1,Pos,target,986
Set 1,Pos,target,841
Set 1,Pos,target,860
Set 1,Pos,target,989
Set 1,Pos,target,853
Set 1,Pos,target,816
Set 1,Pos,target,931
Set 1,Pos,target,827
Set 1,Pos,target,50
Set 1,Pos,target,3
Set 1,Pos,target,816
Set 1,Pos,target,25
Set 1,Pos,target,223
Set 1,Pos,target,934
Set 1,Pos,target,976
Set 1,Pos,target,894
Set 1,Pos,target,926
Set 1,Pos,target,854
Set 1,Pos,target,83
Set 1,Pos,target,937
Set 1,Pos,target,995
Set 1,Pos,target,995
Set 1,Pos,target,941
Set 1,Pos,target,939
Set 1,Pos,decoy,24
Set 1,Pos,target,872
Set 1,Pos,target,940
Set 1,Pos,target,824
Set 1,Pos,target,890
Set 1,Pos,target,13
Set 1,Pos,target,919
Set 1,Pos,target,943
Set 1,Pos,target,818
Set 1,Pos,target,49
Set 1,Pos,target,998
Set 1,Pos,target,955
Set 1,Pos,target,900
Set 1,Pos,target,875
Set 1,Pos,target,1
Set 1,Pos,target,981
Set 1,Pos,target,995
Set 1,Pos,target,884
Set 1,Pos,target,908
Set 1,Pos,target,977
Set 1,Pos,target,604
Set 1,Pos,target,985
Set 1,Pos,target,132
Set 1,Pos,target,965
Set 1,Pos,target,254
Set 1,Pos,target,991
Set 1,Pos,target,978
Set 1,Pos,target,989
Set 1,Pos,target,996
Set 1,Pos,target,986
Set 1,Pos,target,996
Set 1,Pos,target,995
Set 1,Pos,target,996
Set 1,Pos,target,999
Set 1,Pos,target,995
Set 1,Pos,target,996
Set 1,Pos,target,933
Set 1,Pos,target,996
Set 1,Pos,target,999
Set 1,Pos,target,999
Set 1,Pos,target,810
Set 1,Pos,target,982
Set 1,Pos,target,936
Set 1,Pos,target,179
Set 1,Pos,target,970
Set 1,Pos,target,249
Set 1,Pos,target,1
Set 1,Pos,target,996
Set 1,Pos,target,981
Set 1,Pos,target,996
Set 1,Pos,target,999
Set 1,Pos,target,857
Set 1,Pos,target,988
Set 1,Pos,target,933
Set 1,Pos,target,947
Set 1,Pos,target,14
Set 1,Pos,target,996
Set 1,Pos,target,996
Set 1,Pos,target,996
Set 1,Pos,target,999
Set 1,Pos,target,996
Set 1,Pos,target,989
Set 1,Pos,target,995
Set 1,Pos,target,996
Set 1,Pos,target,706
Set 1,Pos,target,999
Set 1,Pos,target,882
Set 1,Pos,target,993
Set 1,Pos,target,999
Set 1,Pos,target,855
Set 1,Pos,target,800
Set 1,Pos,target,997
Set 1,Pos,target,996
Set 1,Pos,target,992
Set 1,Pos,target,970
Set 1,Pos,target,1
Set 1,Pos,target,999
Set 1,Pos,target,279
Set 1,Pos,target,996
Set 1,Pos,target,928
Set 1,Pos,target,996
Set 1,Pos,target,1000
Set 1,Pos,target,996
Set 1,Pos,target,999
Set 1,Pos,target,996
Set 1,Pos,target,999
Set 1,Pos,target,216
Set 1,Pos,target,999
Set 1,Pos,target,940
Set 1,Pos,target,11
Set 1,Pos,target,996
Set 1,Pos,target,4
Set 1,Pos,target,962
Set 1,Pos,target,996
Set 1,Pos,target,1000
Set 1,Pos,target,965
Set 1,Pos,target,959
Set 1,Pos,target,996
Set 1,Pos,target,953
Set 1,Pos,target,978
Set 1,Pos,target,999
Set 1,Pos,target,999
Set 1,Pos,target,960
Set 1,Pos,target,979
Set 1,Pos,target,996
Set 1,Pos,target,995
Set 1,Pos,target,738
Set 1,Pos,target,994
Set 1,Pos,target,977
Set 1,Pos,target,957
Set 1,Pos,target,991
Set 1,Pos,target,166
Set 1,Pos,target,996
Set 1,Pos,target,999
Set 1,Pos,target,982
Set 1,Pos,target,946
Set 1,Pos,target,1000
Set 1,Pos,target,948
Set 1,Pos,target,945
Set 1,Pos,target,996
Set 1,Pos,target,996
Set 1,Pos,target,996
Set 1,Pos,target,1000
Set 1,Pos,target,972
Set 1,Pos,target,999
Set 1,Pos,target,1000
Set 1,Pos,target,996
Set 1,Pos,target,999
Set 1,Pos,target,996
Set 1,Pos,target,905
Set 1,Pos,target,996
Set 1,Pos,target,996
Set 1,Pos,target,900
Set 1,Pos,target,997
Set 1,Pos,target,996
Set 1,Pos,target,853
Set 1,Pos,target,1000
Set 1,Pos,target,959
Set 1,Pos,target,999
Set 1,Pos,target,996
Set 1,Pos,target,996
Set 1,Pos,target,996
Set 1,Pos,target,980
Set 1,Pos,target,1000
Set 1,Pos,target,691
Set 1,Pos,target,989
Set 1,Pos,target,992
Set 1,Pos,target,999
Set 1,Pos,target,664
Set 1,Pos,target,764
Set 1,Pos,target,991
Set 1,Pos,target,834
Set 1,Pos,target,996
Set 1,Pos,target,908
Set 1,Pos,target,996
Set 1,Pos,target,994
Set 1,Pos,target,996
Set 1,Pos,target,906
Set 1,Pos,target,935
Set 1,Pos,target,996
Set 1,Pos,target,1000
Set 1,Pos,target,996
Set 1,Pos,target,19
Set 1,Pos,target,14
Set 1,Pos,target,992
Set 1,Pos,target,996
Set 1,Pos,target,999
Set 1,Pos,target,936
Set 1,Pos,target,996
Set 1,Pos,target,584
Set 1,Pos,target,1000
Set 1,Pos,target,932
Set 1,Pos,target,996
Set 1,Pos,target,997
Set 1,Pos,target,971
Set 1,Pos,target,856
Set 1,Pos,target,999
Set 1,Pos,target,1000
Set 1,Pos,target,1000
Set 1,Pos,target,999
Set 1,Pos,target,996
Set 1,Pos,target,914
Set 1,Pos,target,995
Set 1,Pos,target,999
Set 1,Pos,target,906
Set 1,Pos,target,996
Set 1,Pos,target,996
Set 1,Pos,target,996
Set 1,Pos,target,840
Set 1,Pos,target,973
Set 1,Pos,target,966
Set 1,Pos,target,990
Set 1,Pos,target,1000
Set 1,Pos,target,971
Set 1,Pos,target,683
Set 1,Pos,target,679
Set 1,Pos,target,998
Set 1,Pos,target,1000
Set 1,Pos,target,995
Set 1,Pos,target,999
Set 1,Pos,target,999
Set 1,Pos,target,996
Set 1,Pos,target,982
Set 1,Pos,target,828
Set 1,Pos,target,996
Set 1,Pos,target,991
Set 1,Pos,target,23
Set 1,Pos,target,858
Set 1,Pos,target,959
Set 1,Pos,target,1000
Set 1,Pos,target,1000
Set 1,Pos,target,303
Set 1,Pos,target,996
Set 1,Pos,target,905
Set 1,Pos,target,883
Set 1,Pos,target,9
Set 1,Pos,target,464
Set 1,Pos,target,60
Set 1,Pos,target,1000
Set 1,Pos,target,999
Set 1,Pos,target,987
Set 1,Pos,decoy,733
Set 1,Pos,target,998
Set 1,Pos,target,942
Set 1,Pos,target,945
Set 1,Pos,target,996
Set 1,Pos,target,980
Set 1,Pos,target,928
Set 1,Pos,target,37
Set 1,Pos,target,1000
Set 1,Pos,target,994
Set 1,Pos,target,999
Set 1,Pos,target,999
Set 1,Pos,target,991
Set 1,Pos,target,996
Set 1,Pos,target,2
Set 1,Pos,target,992
Set 1,Pos,target,998
Set 1,Pos,target,901
Set 1,Pos,target,999
Set 1,Pos,target,996
Set 1,Pos,target,996
Set 1,Pos,target,1000
Set 1,Pos,target,996
Set 1,Pos,target,968
Set 1,Pos,target,1000
Set 1,Pos,target,810
Set 1,Pos,target,995
Set 1,Pos,target,854
Set 1,Pos,target,999
Set 1,Pos,target,991
Set 1,Pos,target,831
Set 1,Pos,target,509
Set 1,Pos,target,937
Set 1,Pos,target,999
Set 1,Pos,target,949
Set 1,Pos,target,999
Set 1,Pos,target,18
Set 1,Pos,target,999
Set 1,Pos,target,32
Set 1,Pos,target,999
Set 1,Pos,target,1000
Set 1,Pos,target,994
Set 1,Pos,target,996
Set 1,Pos,target,473
Set 1,Pos,target,547
Set 1,Pos,target,117
Set 1,Pos,target,994
Set 1,Pos,target,898
Set 1,Pos,target,225
Set 1,Pos,target,140
Set 1,Pos,target,315
Set 1,Pos,target,105
Set 1,Pos,target,237
Set 1,Pos,target,50
Set 1,Pos,target,1000
Set 1,Pos,target,800
Set 1,Pos,target,995
Set 1,Pos,target,700
Set 1,Pos,target,1000
Set 1,Pos,target,25
Set 1,Pos,target,1000
Set 1,Pos,target,325
Set 1,Pos,target,996
Set 1,Pos,target,990
Set 1,Pos,target,8
Set 1,Pos,target,2
Set 1,Pos,target,906
Set 1,Pos,target,999
Set 1,Pos,target,626
Set 1,Pos,target,4
Set 1,Pos,target,534
Set 1,Pos,target,994
Set 1,Pos,target,720
Set 1,Pos,target,191
Set 1,Pos,target,214
Set 1,Pos,target,164
Set 1,Pos,target,430
Set 1,Pos,target,596
Set 1,Pos,target,615
Set 1,Pos,target,817
Set 1,Pos,target,660
Set 1,Pos,target,979
Set 1,Pos,target,999
Set 1,Pos,target,430
Set 1,Pos,target,492
Set 1,Pos,target,120
Set 1,Pos,target,656
Set 1,Pos,target,273
Set 1,Pos,target,999
Set 1,Pos,target,249
Set 1,Pos,target,783
Set 1,Pos,target,639
Set 1,Pos,target,999
Set 1,Pos,target,14
Set 1,Pos,target,999
Set 1,Pos,target,399
Set 1,Pos,target,913
Set 1,Pos,target,999
Set 1,Pos,target,264
Set 1,Pos,target,223
Set 1,Pos,target,999
Set 1,Pos,target,732
Set 1,Pos,target,270
Set 1,Pos,target,27
Set 1,Pos,target,815
Set 1,Pos,target,388
Set 1,Pos,target,179
Set 1,Pos,target,996
Set 1,Pos,target,296
Set 1,Pos,target,929
Set 1,Pos,target,874
Set 1,Pos,target,783
Set 1,Pos,target,730
Set 1,Pos,target,476
Set 1,Pos,target,988
Set 1,Pos,target,584
Set 1,Pos,target,750
Set 1,Pos,target,850
Set 1,Pos,target,991
Set 1,Pos,target,969
Set 1,Pos,target,72
Set 1,Pos,target,255
Set 1,Pos,target,819
Set 1,Pos,target,717
Set 1,Pos,target,970
Set 1,Pos,target,828
Set 1,Pos,target,936
Set 1,Pos,target,204
Set 1,Pos,target,992
Set 1,Pos,target,129
Set 1,Pos,target,932
Set 1,Pos,target,861
Set 1,Pos,target,403
Set 1,Pos,target,543
Set 1,Pos,target,857
Set 1,Pos,target,718
Set 1,Pos,target,861
Set 1,Pos,target,520
Set 1,Pos,target,896
Set 1,Pos,target,192
Set 1,Pos,target,142
Set 1,Pos,target,207
Set 1,Pos,target,999
Set 1,Pos,target,504
Set 1,Pos,target,220
Set 1,Pos,target,999
Set 1,Pos,target,843
Set 1,Pos,target,635
Set 1,Pos,target,834
Set 1,Pos,target,917
Set 1,Pos,target,488
Set 1,Pos,target,996
Set 1,Pos,target,655
Set 1,Pos,target,956
Set 1,Pos,target,373
Set 1,Pos,target,996
Set 1,Pos,target,854
Set 1,Pos,target,999
Set 1,Pos,target,198
Set 1,Pos,target,575
Set 1,Pos,target,884
Set 1,Pos,target,637
Set 1,Pos,target,798
Set 1,Pos,target,846
Set 1,Pos,target,632
Set 1,Pos,target,643
Set 1,Pos,target,582
Set 1,Pos,target,876
Set 1,Pos,target,232
Set 1,Pos,target,990
Set 1,Pos,target,996
Set 1,Pos,target,287
Set 1,Pos,target,919
Set 1,Pos,target,869
Set 1,Pos,target,146
Set 1,Pos,target,395
Set 1,Pos,target,781
Set 1,Pos,target,721
Set 1,Pos,target,508
Set 1,Pos,target,87
Set 1,Pos,target,502
Set 1,Pos,target,801
Set 1,Pos,target,995
Set 1,Pos,target,868
Set 1,Pos,target,570
Set 1,Pos,target,996
Set 1,Pos,target,642
Set 1,Pos,target,626
Set 1,Pos,target,926
Set 1,Pos,target,932
Set 1,Pos,target,468
Set 1,Pos,target,989
Set 1,Pos,target,763
Set 1,Pos,target,996
Set 1,Pos,target,809
Set 1,Pos,target,996
Set 1,Pos,target,942
Set 1,Pos,target,328
Set 1,Pos,decoy,50
Set 1,Pos,target,996
Set 1,Pos,target,553
Set 1,Pos,target,999
Set 1,Pos,target,556
Set 1,Pos,target,914
Set 1,Pos,target,891
Set 1,Pos,target,870
Set 1,Pos,target,896
Set 1,Pos,target,720
Set 1,Pos,target,430
Set 1,Pos,decoy,108
Set 1,Pos,target,76
Set 1,Pos,target,386
Set 1,Pos,target,781
Set 1,Pos,decoy,14
Set 1,Pos,target,696
Set 1,Pos,target,415
Set 1,Pos,target,715
Set 1,Pos,target,841
Set 1,Pos,target,743
Set 1,Pos,target,995
Set 1,Pos,target,602
Set 1,Pos,target,989
Set 1,Pos,target,590
Set 1,Pos,target,713
Set 1,Pos,target,881
Set 1,Pos,target,864
Set 1,Pos,target,891
Set 1,Pos,target,400
Set 1,Pos,decoy,29
Set 1,Pos,target,827
Set 1,Pos,target,995
Set 1,Pos,target,141
Set 1,Pos,target,907
Set 1,Pos,target,962
Set 1,Pos,target,594
Set 1,Pos,target,644
Set 1,Pos,target,792
Set 1,Pos,target,802
Set 1,Pos,target,828
Set 1,Pos,target,986
Set 1,Pos,target,992
Set 1,Pos,target,918
Set 1,Pos,target,69
Set 1,Pos,target,994
Set 1,Pos,target,784
Set 1,Pos,target,963
Set 1,Pos,target,814
Set 1,Pos,target,593
Set 1,Pos,target,120
Set 1,Pos,target,985
Set 1,Pos,target,774
Set 1,Pos,target,875
Set 1,Pos,target,746
Set 1,Pos,target,7
Set 1,Pos,target,991
Set 1,Pos,target,746
Set 1,Pos,target,972
Set 1,Pos,target,816
Set 1,Pos,target,703
Set 1,Pos,decoy,66
Set 1,Pos,target,810
Set 1,Pos,target,883
Set 1,Pos,target,861
Set 1,Pos,target,986
Set 1,Pos,target,626
Set 1,Pos,target,536
Set 1,Pos,target,995
Set 1,Pos,target,788
Set 1,Pos,target,693
Set 1,Pos,target,994
Set 1,Pos,target,975
Set 1,Pos,target,670
Set 1,Pos,target,985
Set 1,Pos,target,281
Set 1,Pos,target,915
Set 1,Pos,target,561
Set 1,Pos,target,709
Set 1,Pos,target,238
Set 1,Pos,target,834
Set 1,Pos,target,977
Set 1,Pos,target,160
Set 1,Pos,target,187
Set 1,Pos,target,987
Set 1,Pos,target,76
Set 1,Pos,target,764
Set 1,Pos,target,963
Set 1,Pos,target,946
Set 1,Pos,target,717
Set 1,Pos,target,371
Set 1,Pos,target,78
Set 1,Pos,target,955
Set 1,Pos,target,885
Set 1,Pos,target,979
Set 1,Pos,target,809
Set 1,Pos,target,832
Set 1,Pos,target,978
Set 1,Pos,target,990
Set 1,Pos,target,960
Set 1,Pos,target,682
Set 1,Pos,target,974
Set 1,Pos,target,770
Set 1,Pos,target,161
Set 1,Pos,target,981
Set 1,Pos,target,797
Set 1,Pos,target,857
Set 1,Pos,target,276
Set 1,Pos,target,978
Set 1,Pos,target,816
Set 1,Pos,target,597
Set 1,Pos,target,986
Set 1,Pos,target,986
Set 1,Pos,target,890
Set 1,Pos,target,961
Set 1,Pos,target,677
Set 1,Pos,target,247
Set 1,Pos,target,287
Set 1,Pos,target,984
Set 1,Pos,target,1
Set 1,Pos,target,837
Set 1,Pos,target,869
Set 1,Pos,target,697
Set 1,Pos,target,975
Set 1,Pos,target,966
Set 1,Pos,target,978
Set 1,Pos,target,817
Set 1,Pos,target,913
Set 1,Pos,target,941
Set 1,Pos,target,821
Set 1,Pos,target,825
Set 1,Pos,target,149
Set 1,Pos,target,896
Set 1,Pos,target,240
Set 1,Pos,target,633
Set 1,Pos,target,625
Set 1,Pos,target,804
Set 1,Pos,target,989
Set 1,Pos,target,77
Set 1,Pos,target,62
Set 1,Pos,target,249
Set 1,Pos,target,974
Set 1,Pos,target,946
Set 1,Pos,target,1
Set 1,Pos,target,984
Set 1,Pos,target,98
Set 1,Pos,target,752
Set 1,Pos,target,438
Set 1,Pos,target,279
Set 1,Pos,target,626
Set 1,Pos,target,949
Set 1,Pos,target,615
Set 1,Pos,target,743
Set 1,Pos,target,969
Set 1,Pos,target,170
Set 1,Pos,target,954
Set 1,Pos,target,313
Set 1,Pos,target,961
Set 1,Pos,target,828
Set 1,Pos,target,745
Set 1,Pos,target,777
Set 1,Pos,target,933
Set 1,Pos,target,855
Set 1,Pos,target,1
Set 1,Pos,target,504
Set 1,Pos,target,634
Set 1,Pos,target,972
Set 1,Pos,target,137
Set 1,Pos,target,2
Set 1,Pos,target,984
Set 1,Pos,target,726
Set 1,Pos,target,557
Set 1,Pos,target,978
Set 1,Pos,target,705
Set 1,Pos,target,768
Set 1,Pos,target,99
Set 1,Pos,target,773
Set 1,Pos,target,789
Set 1,Pos,target,972
Set 1,Pos,target,103
Set 1,Pos,target,978
Set 1,Pos,target,772
Set 1,Pos,target,870
Set 1,Pos,target,119
Set 1,Pos,target,945
Set 1,Pos,target,855
Set 1,Pos,target,621
Set 1,Pos,target,13
Set 1,Pos,target,166
Set 1,Pos,target,121
Set 1,Pos,target,964
Set 1,Pos,target,927
Set 1,Pos,target,658
Set 1,Pos,target,964
Set 1,Pos,target,115
Set 1,Pos,target,869
Set 1,Pos,target,263
Set 1,Pos,target,860
Set 1,Pos,target,220
Set 1,Pos,target,929
Set 1,Pos,target,360
Set 1,Pos,target,954
Set 1,Pos,target,660
Set 1,Pos,target,108
Set 1,Pos,target,830
Set 1,Pos,target,143
Set 1,Pos,target,970
Set 1,Pos,target,167
Set 1,Pos,target,967
Set 1,Pos,target,863
Set 1,Pos,target,43
Set 1,Pos,target,746
Set 1,Pos,target,710
Set 1,Pos,target,2
Set 1,Pos,target,127
Set 1,Pos,target,982
Set 1,Pos,target,968
Set 1,Pos,target,2
Set 1,Pos,target,793
Set 1,Pos,target,872
Set 1,Pos,target,896
Set 1,Pos,target,984
Set 1,Pos,target,830
Set 1,Pos,target,412
Set 1,Pos,target,981
Set 1,Pos,target,122
Set 1,Pos,target,7
Set 1,Pos,target,948
Set 1,Pos,target,992
Set 1,Pos,target,984
Set 1,Pos,target,976
Set 1,Pos,target,983
Set 1,Pos,target,948
Set 1,Pos,target,975
Set 1,Pos,target,937
Set 1,Pos,target,838
Set 1,Pos,target,995
Set 1,Pos,target,995
Set 1,Pos,target,999
Set 1,Pos,target,984
Set 1,Pos,target,987
Set 1,Pos,target,989
Set 1,Pos,target,995
Set 1,Pos,target,993
Set 1,Pos,target,185
Set 1,Pos,target,991
Set 1,Pos,target,229
Set 1,Pos,target,67
Set 1,Pos,target,953
Set 1,Pos,target,822
Set 1,Pos,target,637
Set 1,Pos,target,575
Set 1,Pos,target,886
Set 1,Pos,target,718
Set 1,Pos,target,603
Set 1,Pos,target,714
Set 1,Pos,target,329
Set 1,Pos,target,995
Set 1,Pos,target,992
Set 1,Pos,target,997
Set 1,Pos,target,999
Set 1,Pos,target,996
Set 1,Pos,target,969
Set 1,Pos,target,966
Set 1,Pos,target,985
Set 1,Pos,target,988
Set 1,Pos,target,981
Set 1,Pos,target,816
Set 1,Pos,target,701
Set 1,Pos,target,947
Set 1,Pos,target,981
Set 1,Pos,target,192
Set 1,Pos,target,521
Set 1,Pos,target,727
Set 1,Pos,target,881
Set 1,Pos,target,165
Set 1,Pos,target,990
Set 1,Pos,target,993
Set 1,Pos,target,995
Set 1,Pos,target,985
Set 1,Pos,target,903
Set 1,Pos,target,457
Set 1,Pos,target,980
Set 1,Pos,target,536
Set 1,Pos,target,530
Set 1,Pos,target,845
Set 1,Pos,target,168
Set 1,Pos,target,739
Set 1,Pos,target,980
Set 1,Pos,target,114
Set 1,Pos,target,424
Set 1,Pos,target,111
Set 1,Pos,target,206
Set 1,Pos,target,343
Set 1,Pos,target,215
Set 1,Pos,target,98
Set 1,Pos,target,205
Set 1,Pos,target,799
Set 1,Pos,target,228
Set 1,Pos,target,852
Set 1,Pos,target,409
Set 1,Pos,target,985
Set 1,Pos,target,418
Set 1,Pos,target,771
Set 1,Pos,target,873
Set 1,Pos,target,889
Set 1,Pos,target,945
Set 1,Pos,target,167
Set 1,Pos,target,975
Set 1,Pos,target,765
Set 1,Pos,target,847
Set 1,Pos,target,966
Set 1,Pos,target,936
Set 1,Pos,target,784
Set 1,Pos,target,985
Set 1,Pos,target,663
Set 1,Pos,target,972
Set 1,Pos,target,958
Set 1,Pos,target,854
Set 1,Pos,target,726
Set 1,Pos,target,812
Set 1,Pos,target,856
Set 1,Pos,target,827
Set 1,Pos,target,96
Set 1,Pos,target,9
Set 1,Pos,target,56
Set 1,Pos,target,200
Set 1,Pos,target,952
Set 1,Pos,target,922
Set 1,Pos,target,932
Set 1,Pos,target,980
Set 1,Pos,target,947
Set 1,Pos,target,949
Set 1,Pos,target,942
Set 1,Pos,target,799
Set 1,Pos,target,46
Set 1,Pos,target,995
Set 1,Pos,target,945
Set 1,Pos,target,16
Set 1,Pos,target,399
Set 1,Pos,target,13
Set 1,Pos,target,940
Set 1,Pos,target,966
Set 1,Pos,target,988
Set 1,Pos,target,976
Set 1,Pos,target,846
Set 1,Pos,target,956
Set 1,Pos,target,41
Set 1,Pos,target,941
Set 1,Pos,target,976
Set 1,Pos,target,931
Set 1,Pos,target,17
Set 1,Pos,target,762
Set 1,Pos,target,932
Set 1,Pos,target,928
Set 1,Pos,target,994
Set 1,Pos,decoy,15
Set 1,Pos,target,984
Set 1,Pos,target,817
Set 1,Pos,target,992
Set 1,Pos,target,217
Set 1,Pos,target,942
Set 1,Pos,target,980
Set 1,Pos,target,945
Set 1,Pos,target,983
Set 1,Pos,target,996
Set 1,Pos,target,927
Set 1,Pos,target,992
Set 1,Pos,target,995
Set 1,Pos,target,989
Set 1,Pos,target,883
Set 1,Pos,target,813
Set 1,Pos,target,860
Set 1,Pos,target,997
Set 1,Pos,target,985
Set 1,Pos,target,917
Set 1,Pos,target,991
Set 1,Pos,target,992
Set 1,Pos,target,848
Set 1,Pos,target,996
Set 1,Pos,target,989
Set 1,Pos,target,981
Set 1,Pos,target,996
Set 1,Pos,target,994
Set 1,Pos,target,912
Set 1,Pos,target,994
Set 1,Pos,target,991
Set 1,Pos,target,844
Set 1,Pos,target,996
Set 1,Pos,target,991
Set 1,Pos,target,1000
Set 1,Pos,target,996
Set 1,Pos,target,996
Set 1,Pos,target,999
Set 1,Pos,target,976
Set 1,Pos,target,996
Set 1,Pos,target,910
Set 1,Pos,target,995
Set 1,Pos,target,896
Set 1,Pos,target,143
Set 1,Pos,target,974
Set 1,Pos,target,228
Set 1,Pos,target,971
Set 1,Pos,target,999
Set 1,Pos,target,635
Set 1,Pos,target,992
Set 1,Pos,target,998
Set 1,Pos,target,996
Set 1,Pos,target,998
Set 1,Pos,target,1
Set 1,Pos,target,996
Set 1,Pos,target,6
Set 1,Pos,target,946
Set 1,Pos,target,657
Set 1,Pos,target,708
Set 1,Pos,target,996
Set 1,Pos,target,997
Set 1,Pos,target,989
Set 1,Pos,target,996
Set 1,Pos,target,999
Set 1,Pos,target,999
Set 1,Pos,target,995
Set 1,Pos,target,990
Set 1,Pos,target,996
Set 1,Pos,target,801
Set 1,Pos,target,996
Set 1,Pos,target,997
Set 1,Pos,target,991
Set 1,Pos,target,974
Set 1,Pos,target,996
Set 1,Pos,target,996
Set 1,Pos,target,996
Set 1,Pos,target,996
Set 1,Pos,target,1000
Set 1,Pos,target,995
Set 1,Pos,target,569
Set 1,Pos,target,999
Set 1,Pos,target,998
Set 1,Pos,target,997
Set 1,Pos,target,996
Set 1,Pos,target,914
Set 1,Pos,target,2
Set 1,Pos,target,996
Set 1,Pos,target,999
Set 1,Pos,target,735
Set 1,Pos,target,1000
Set 1,Pos,target,987
Set 1,Pos,target,996
Set 1,Pos,target,763
Set 1,Pos,target,948
Set 1,Pos,target,916
Set 1,Pos,target,990
Set 1,Pos,target,990
Set 1,Pos,target,994
Set 1,Pos,target,988
Set 1,Pos,target,992
Set 1,Pos,target,999
Set 1,Pos,target,49
Set 1,Pos,target,49
Set 1,Pos,target,995
Set 1,Pos,target,999
Set 1,Pos,target,991
Set 1,Pos,target,484
Set 1,Pos,target,990
Set 1,Pos,target,996
Set 1,Pos,target,755
Set 1,Pos,target,890
Set 1,Pos,target,992
Set 1,Pos,target,993
Set 1,Pos,target,996
Set 1,Pos,target,972
Set 1,Pos,target,947
Set 1,Pos,target,969
Set 1,Pos,target,991
Set 1,Pos,target,996
Set 1,Pos,target,1000
Set 1,Pos,target,996
Set 1,Pos,target,996
Set 1,Pos,target,993
Set 1,Pos,target,977
Set 1,Pos,target,1000
Set 1,Pos,target,977
Set 1,Pos,target,1000
Set 1,Pos,target,952
Set 1,Pos,target,996
Set 1,Pos,target,996
Set 1,Pos,target,5
Set 1,Pos,target,996
Set 1,Pos,target,996
Set 1,Pos,target,902
Set 1,Pos,target,850
Set 1,Pos,target,996
Set 1,Pos,target,999
Set 1,Pos,target,996
Set 1,Pos,target,999
Set 1,Pos,target,1000
Set 1,Pos,target,321
Set 1,Pos,target,76
Set 1,Pos,target,995
Set 1,Pos,target,1000
Set 1,Pos,target,818
Set 1,Pos,target,953
Set 1,Pos,target,996
Set 1,Pos,target,996
Set 1,Pos,target,999
Set 1,Pos,target,996
Set 1,Pos,target,731
Set 1,Pos,target,995
Set 1,Pos,target,993
Set 1,Pos,target,626
Set 1,Pos,target,996
Set 1,Pos,target,773
Set 1,Pos,target,638
Set 1,Pos,target,994
Set 1,Pos,target,996
Set 1,Pos,target,982
Set 1,Pos,target,996
Set 1,Pos,target,963
Set 1,Pos,target,996
Set 1,Pos,target,1000
Set 1,Pos,target,931
Set 1,Pos,target,16
Set 1,Pos,target,457
Set 1,Pos,target,996
Set 1,Pos,target,389
Set 1,Pos,target,995
Set 1,Pos,target,995
Set 1,Pos,target,998
Set 1,Pos,target,913
Set 1,Pos,target,186
Set 1,Pos,target,994
Set 1,Pos,target,940
Set 1,Pos,target,996
Set 1,Pos,target,982
Set 1,Pos,target,859
Set 1,Pos,target,996
Set 1,Pos,target,996
Set 1,Pos,target,919
Set 1,Pos,target,996
Set 1,Pos,target,1000
Set 1,Pos,target,1000
Set 1,Pos,target,999
Set 1,Pos,target,794
Set 1,Pos,target,999
Set 1,Pos,target,996
Set 1,Pos,target,694
Set 1,Pos,target,1000
Set 1,Pos,target,996
Set 1,Pos,target,996
Set 1,Pos,target,995
Set 1,Pos,target,820
Set 1,Pos,target,996
Set 1,Pos,target,998
Set 1,Pos,target,974
Set 1,Pos,target,1000
Set 1,Pos,target,949
Set 1,Pos,target,993
Set 1,Pos,target,659
Set 1,Pos,target,697
Set 1,Pos,target,996
Set 1,Pos,target,998
Set 1,Pos,target,49
Set 1,Pos,target,407
Set 1,Pos,target,37
Set 1,Pos,target,346
Set 1,Pos,target,1000
Set 1,Pos,target,992
Set 1,Pos,target,990
Set 1,Pos,target,953
Set 1,Pos,target,1000
Set 1,Pos,target,981
Set 1,Pos,target,848
Set 1,Pos,target,996
Set 1,Pos,target,996
Set 1,Pos,target,997
Set 1,Pos,target,668
Set 1,Pos,target,919
Set 1,Pos,target,10
Set 1,Pos,target,1000
Set 1,Pos,target,995
Set 1,Pos,target,983
Set 1,Pos,target,999
Set 1,Pos,decoy,681
Set 1,Pos,target,999
Set 1,Pos,target,981
Set 1,Pos,target,1000
Set 1,Pos,target,996
Set 1,Pos,target,962
Set 1,Pos,target,923
Set 1,Pos,target,995
Set 1,Pos,target,1000
Set 1,Pos,target,999
Set 1,Pos,target,996
Set 1,Pos,target,81
Set 1,Pos,target,983
Set 1,Pos,target,996
Set 1,Pos,target,995
Set 1,Pos,target,994
Set 1,Pos,target,1000
Set 1,Pos,target,1000
Set 1,Pos,target,927
Set 1,Pos,target,995
Set 1,Pos,target,953
Set 1,Pos,target,191
Set 1,Pos,target,867
Set 1,Pos,target,11
Set 1,Pos,target,59
Set 1,Pos,target,779
Set 1,Pos,target,959
Set 1,Pos,target,977
Set 1,Pos,target,999
Set 1,Pos,target,866
Set 1,Pos,target,5
Set 1,Pos,target,999
Set 1,Pos,target,804
Set 1,Pos,target,827
Set 1,Pos,target,951
Set 1,Pos,target,18
Set 1,Pos,target,151
Set 1,Pos,target,999
Set 1,Pos,target,999
Set 1,Pos,target,989
Set 1,Pos,target,1000
Set 1,Pos,target,29
Set 1,Pos,target,36
Set 1,Pos,target,996
Set 1,Pos,target,985
Set 1,Pos,target,503
Set 1,Pos,target,999
Set 1,Pos,target,207
Set 1,Pos,target,200
Set 1,Pos,target,155
Set 1,Pos,target,988
Set 1,Pos,target,999
Set 1,Pos,target,202
Set 1,Pos,target,871
Set 1,Pos,target,21
Set 1,Pos,target,995
Set 1,Pos,target,78
Set 1,Pos,target,2
Set 1,Pos,target,999
Set 1,Pos,target,995
Set 1,Pos,target,999
Set 1,Pos,target,127
Set 1,Pos,target,4
Set 1,Pos,target,669
Set 1,Pos,target,836
Set 1,Pos,target,540
Set 1,Pos,target,993
Set 1,Pos,target,533
Set 1,Pos,target,667
Set 1,Pos,target,998
Set 1,Pos,target,269
Set 1,Pos,target,220
Set 1,Pos,target,994
Set 1,Pos,target,999
Set 1,Pos,target,88
Set 1,Pos,target,508
Set 1,Pos,target,645
Set 1,Pos,target,637
Set 1,Pos,target,618
Set 1,Pos,target,809
Set 1,Pos,target,974
Set 1,Pos,target,438
Set 1,Pos,target,194
Set 1,Pos,target,999
Set 1,Pos,target,739
Set 1,Pos,target,818
Set 1,Pos,target,744
Set 1,Pos,target,999
Set 1,Pos,target,747
Set 1,Pos,target,102
Set 1,Pos,target,111
Set 1,Pos,target,579
Set 1,Pos,target,673
Set 1,Pos,target,189
Set 1,Pos,target,312
Set 1,Pos,target,283
Set 1,Pos,target,998
Set 1,Pos,target,727
Set 1,Pos,target,903
Set 1,Pos,target,266
Set 1,Pos,target,36
Set 1,Pos,target,289
Set 1,Pos,target,777
Set 1,Pos,target,193
Set 1,Pos,target,875
Set 1,Pos,target,981
Set 1,Pos,target,180
Set 1,Pos,target,428
Set 1,Pos,target,816
Set 1,Pos,target,976
Set 1,Pos,target,568
Set 1,Pos,target,188
Set 1,Pos,target,781
Set 1,Pos,target,735
Set 1,Pos,target,983
Set 1,Pos,target,651
Set 1,Pos,target,945
Set 1,Pos,target,871
Set 1,Pos,target,996
Set 1,Pos,target,909
Set 1,Pos,target,817
Set 1,Pos,target,844
Set 1,Pos,target,448
Set 1,Pos,target,185
Set 1,Pos,target,610
Set 1,Pos,target,804
Set 1,Pos,target,829
Set 1,Pos,target,843
Set 1,Pos,target,713
Set 1,Pos,target,382
Set 1,Pos,target,999
Set 1,Pos,target,986
Set 1,Pos,target,217
Set 1,Pos,target,420
Set 1,Pos,target,493
Set 1,Pos,target,598
Set 1,Pos,target,338
Set 1,Pos,target,268
Set 1,Pos,target,76
Set 1,Pos,target,917
Set 1,Pos,target,927
Set 1,Pos,target,996
Set 1,Pos,target,809
Set 1,Pos,target,844
Set 1,Pos,target,999
Set 1,Pos,target,996
Set 1,Pos,target,213
Set 1,Pos,target,199
Set 1,Pos,target,564
Set 1,Pos,target,990
Set 1,Pos,target,145
Set 1,Pos,target,821
Set 1,Pos,target,688
Set 1,Pos,target,561
Set 1,Pos,target,677
Set 1,Pos,target,831
Set 1,Pos,target,575
Set 1,Pos,target,223
Set 1,Pos,target,973
Set 1,Pos,target,309
Set 1,Pos,target,934
Set 1,Pos,target,746
Set 1,Pos,target,846
Set 1,Pos,target,232
Set 1,Pos,target,782
Set 1,Pos,target,956
Set 1,Pos,target,787
Set 1,Pos,target,410
Set 1,Pos,target,652
Set 1,Pos,target,949
Set 1,Pos,target,746
Set 1,Pos,target,49
Set 1,Pos,target,816
Set 1,Pos,target,497
Set 1,Pos,target,798
Set 1,Pos,target,996
Set 1,Pos,target,524
Set 1,Pos,target,995
Set 1,Pos,target,641
Set 1,Pos,target,545
Set 1,Pos,target,983
Set 1,Pos,target,795
Set 1,Pos,target,618
Set 1,Pos,target,821
Set 1,Pos,target,996
Set 1,Pos,target,493
Set 1,Pos,target,148
Set 1,Pos,target,839
Set 1,Pos,decoy,29
Set 1,Pos,target,326
Set 1,Pos,target,523
Set 1,Pos,target,515
Set 1,Pos,target,187
Set 1,Pos,target,996
Set 1,Pos,target,573
Set 1,Pos,target,490
Set 1,Pos,target,801
Set 1,Pos,target,890
Set 1,Pos,target,869
Set 1,Pos,target,839
Set 1,Pos,target,600
Set 1,Pos,target,760
Set 1,Pos,target,288
Set 1,Pos,target,509
Set 1,Pos,decoy,7
Set 1,Pos,target,412
Set 1,Pos,target,535
Set 1,Pos,target,990
Set 1,Pos,target,868
Set 1,Pos,target,755
Set 1,Pos,target,995
Set 1,Pos,target,618
Set 1,Pos,target,852
Set 1,Pos,target,750
Set 1,Pos,target,818
Set 1,Pos,target,986
Set 1,Pos,target,995
Set 1,Pos,target,857
Set 1,Pos,target,869
Set 1,Pos,target,872
Set 1,Pos,target,890
Set 1,Pos,target,52
Set 1,Pos,decoy,157
Set 1,Pos,target,739
Set 1,Pos,target,985
Set 1,Pos,target,710
Set 1,Pos,target,867
Set 1,Pos,target,627
Set 1,Pos,target,763
Set 1,Pos,target,136
Set 1,Pos,target,852
Set 1,Pos,target,958
Set 1,Pos,target,992
Set 1,Pos,target,869
Set 1,Pos,target,977
Set 1,Pos,target,988
Set 1,Pos,decoy,41
Set 1,Pos,target,784
Set 1,Pos,target,651
Set 1,Pos,target,657
Set 1,Pos,target,702
Set 1,Pos,target,768
Set 1,Pos,target,666
Set 1,Pos,target,774
Set 1,Pos,target,881
Set 1,Pos,target,843
Set 1,Pos,target,927
Set 1,Pos,target,988
Set 1,Pos,target,920
Set 1,Pos,target,978
Set 1,Pos,target,851
Set 1,Pos,target,896
Set 1,Pos,target,130
Set 1,Pos,target,988
Set 1,Pos,target,961
Set 1,Pos,target,273
Set 1,Pos,target,995
Set 1,Pos,target,758
Set 1,Pos,target,849
Set 1,Pos,target,972
Set 1,Pos,target,962
Set 1,Pos,target,949
Set 1,Pos,target,976
Set 1,Pos,target,995
Set 1,Pos,target,974
Set 1,Pos,target,716
Set 1,Pos,target,182
Set 1,Pos,target,987
Set 1,Pos,target,117
Set 1,Pos,target,218
Set 1,Pos,target,980
Set 1,Pos,target,779
Set 1,Pos,target,221
Set 1,Pos,target,815
Set 1,Pos,target,798
Set 1,Pos,target,988
Set 1,Pos,target,882
Set 1,Pos,target,935
Set 1,Pos,target,994
Set 1,Pos,target,982
Set 1,Pos,target,707
Set 1,Pos,target,983
Set 1,Pos,target,96
Set 1,Pos,target,985
Set 1,Pos,target,973
Set 1,Pos,target,143
Set 1,Pos,target,735
Set 1,Pos,target,960
Set 1,Pos,target,940
Set 1,Pos,target,953
Set 1,Pos,target,595
Set 1,Pos,target,955
Set 1,Pos,target,126
Set 1,Pos,target,980
Set 1,Pos,target,235
Set 1,Pos,target,969
Set 1,Pos,target,689
Set 1,Pos,target,900
Set 1,Pos,target,903
Set 1,Pos,target,227
Set 1,Pos,target,51
Set 1,Pos,target,934
Set 1,Pos,target,194
Set 1,Pos,target,749
Set 1,Pos,target,951
Set 1,Pos,target,895
Set 1,Pos,target,969
Set 1,Pos,target,188
Set 1,Pos,target,618
Set 1,Pos,target,363
Set 1,Pos,target,980
Set 1,Pos,target,860
Set 1,Pos,target,200
Set 1,Pos,target,850
Set 1,Pos,target,976
Set 1,Pos,target,985
Set 1,Pos,target,924
Set 1,Pos,target,952
Set 1,Pos,target,122
Set 1,Pos,target,936
Set 1,Pos,target,615
Set 1,Pos,target,204
Set 1,Pos,target,983
Set 1,Pos,target,841
Set 1,Pos,target,743
Set 1,Pos,target,827
Set 1,Pos,target,965
Set 1,Pos,target,843
Set 1,Pos,target,73
Set 1,Pos,target,931
Set 1,Pos,target,246
Set 1,Pos,target,96
Set 1,Pos,target,870
Set 1,Pos,target,70
Set 1,Pos,target,945
Set 1,Pos,target,106
Set 1,Pos,target,993
Set 1,Pos,target,204
Set 1,Pos,target,931
Set 1,Pos,target,158
Set 1,Pos,target,680
Set 1,Pos,target,87
Set 1,Pos,target,333
Set 1,Pos,target,735
Set 1,Pos,target,170
Set 1,Pos,target,834
Set 1,Pos,target,974
Set 1,Pos,target,48
Set 1,Pos,target,239
Set 1,Pos,target,818
Set 1,Pos,target,961
Set 1,Pos,target,244
Set 1,Pos,target,144
Set 1,Pos,target,156
Set 1,Pos,target,967
Set 1,Pos,target,989
Set 1,Pos,target,573
Set 1,Pos,target,184
Set 1,Pos,target,668
Set 1,Pos,target,829
Set 1,Pos,target,820
Set 1,Pos,target,702
Set 1,Pos,target,940
Set 1,Pos,target,596
Set 1,Pos,target,71
Set 1,Pos,target,995
Set 1,Pos,target,845
Set 1,Pos,target,269
Set 1,Pos,target,894
Set 1,Pos,target,676
Set 1,Pos,target,719
Set 1,Pos,target,975
Set 1,Pos,target,237
Set 1,Pos,target,953
Set 1,Pos,target,162
Set 1,Pos,target,33
Set 1,Pos,target,785
Set 1,Pos,target,727
Set 1,Pos,target,968
Set 1,Pos,target,983
Set 1,Pos,target,962
Set 1,Pos,target,958
Set 1,Pos,target,961
Set 1,Pos,target,972
Set 1,Pos,target,886
Set 1,Pos,target,976
Set 1,Pos,target,994
Set 1,Pos,target,998
Set 1,Pos,target,994
Set 1,Pos,target,995
Set 1,Pos,target,996
Set 1,Pos,target,999
Set 1,Pos,target,186
Set 1,Pos,target,963
Set 1,Pos,target,982
Set 1,Pos,target,64
Set 1,Pos,target,980
Set 1,Pos,target,990
Set 1,Pos,target,253
Set 1,Pos,target,651
Set 1,Pos,target,898
Set 1,Pos,target,773
Set 1,Pos,target,887
Set 1,Pos,target,917
Set 1,Pos,target,670
Set 1,Pos,target,133
Set 1,Pos,target,912
Set 1,Pos,target,69
Set 1,Pos,target,951
Set 1,Pos,target,991
Set 1,Pos,target,999
Set 1,Pos,target,996
Set 1,Pos,target,999
Set 1,Pos,target,620
Set 1,Pos,target,957
Set 1,Pos,target,997
Set 1,Pos,target,963
Set 1,Pos,target,56
Set 1,Pos,target,629
Set 1,Pos,target,852
Set 1,Pos,target,997
Set 1,Pos,target,390
Set 1,Pos,target,256
Set 1,Pos,target,920
Set 1,Pos,target,266
Set 1,Pos,target,971
Set 1,Pos,target,967
Set 1,Pos,target,967
Set 1,Pos,target,906
Set 1,Pos,target,809
Set 1,Pos,target,336
Set 1,Pos,target,701
Set 1,Pos,target,312
Set 1,Pos,target,54
Set 1,Pos,target,89
Set 1,Pos,target,354
Set 1,Pos,target,614
Set 1,Pos,target,345
Set 1,Pos,target,287
Set 1,Pos,target,282
Set 1,Pos,target,796
Set 1,Pos,target,132
Set 1,Pos,target,611
Set 1,Pos,target,139
Set 1,Pos,target,457
Set 1,Pos,target,150
Set 1,Pos,target,299
Set 1,Pos,target,932
Set 1,Pos,target,370
Set 1,Pos,target,813
Set 1,Pos,target,998
Set 1,Pos,target,228
Set 1,Pos,target,857
Set 1,Pos,target,946
Set 1,Pos,target,949
Set 1,Pos,target,990
Set 1,Pos,target,200
Set 1,Pos,target,604
Set 1,Pos,target,951
Set 1,Pos,target,855
Set 1,Pos,target,816
Set 1,Pos,target,827
Set 1,Pos,target,197
Set 1,Pos,target,936
Set 1,Pos,target,185
Set 1,Pos,target,70
Set 1,Pos,target,934
Set 1,Pos,target,20
Set 1,Pos,target,944
Set 1,Pos,target,541
Set 1,Pos,target,939
Set 1,Pos,target,999
Set 1,Pos,decoy,2
Set 1,Pos,target,998
Set 1,Pos,target,900
Set 1,Pos,target,26
Set 1,Pos,target,929
Set 1,Pos,target,9
Set 1,Pos,target,944
Set 1,Pos,target,914
Set 1,Pos,target,954
Set 1,Pos,target,480
Set 1,Pos,target,943
Set 1,Pos,target,75
Set 1,Pos,target,119
Set 1,Pos,target,940
Set 1,Pos,target,944
Set 1,Pos,target,13
Set 1,Pos,target,951
Set 1,Pos,target,938
Set 1,Pos,target,29
Set 1,Pos,target,442
Set 1,Pos,target,992
Set 1,Pos,target,982
Set 1,Pos,decoy,7
Set 1,Pos,decoy,46
Set 1,Pos,target,62
Set 1,Pos,target,908
Set 1,Pos,target,957
Set 1,Pos,target,971
Set 1,Pos,target,922
Set 1,Pos,target,237
Set 1,Pos,target,925
Set 1,Pos,target,759
Set 1,Pos,target,997
Set 1,Pos,target,908
Set 1,Pos,target,993
Set 1,Pos,target,979
Set 1,Pos,target,929
Set 1,Pos,target,876
Set 1,Pos,target,994
Set 1,Pos,target,993
Set 1,Pos,target,878
Set 1,Pos,target,992
Set 1,Pos,target,968
Set 1,Pos,target,995
Set 1,Pos,target,168
Set 1,Pos,target,983
Set 1,Pos,target,997
Set 1,Pos,target,980
Set 1,Pos,target,987
Set 1,Pos,target,986
Set 1,Pos,target,996
Set 1,Pos,target,945
Set 1,Pos,target,995
Set 1,Pos,target,995
Set 1,Pos,target,953
Set 1,Pos,target,931
Set 1,Pos,target,918
Set 1,Pos,target,998
Set 1,Pos,target,996
Set 1,Pos,target,996
Set 1,Pos,target,999
Set 1,Pos,target,995
Set 1,Pos,target,950
Set 1,Pos,target,996
Set 1,Pos,target,155
Set 1,Pos,target,995
Set 1,Pos,target,911
Set 1,Pos,target,960
Set 1,Pos,target,167
Set 1,Pos,target,996
Set 1,Pos,target,988
Set 1,Pos,target,999
Set 1,Pos,target,998
Set 1,Pos,target,996
Set 1,Pos,target,996
Set 1,Pos,target,2
Set 1,Pos,target,668
Set 1,Pos,target,953
Set 1,Pos,target,996
Set 1,Pos,target,651
Set 1,Pos,target,995
Set 1,Pos,target,1
Set 1,Pos,target,996
Set 1,Pos,target,976
Set 1,Pos,target,988
Set 1,Pos,target,999
Set 1,Pos,target,996
Set 1,Pos,target,996
Set 1,Pos,target,999
Set 1,Pos,target,994
Set 1,Pos,target,875
Set 1,Pos,target,998
Set 1,Pos,target,857
Set 1,Pos,target,999
Set 1,Pos,target,842
Set 1,Pos,target,989
Set 1,Pos,target,996
Set 1,Pos,target,967
Set 1,Pos,target,990
Set 1,Pos,target,1000
Set 1,Pos,target,996
Set 1,Pos,target,996
Set 1,Pos,target,999
Set 1,Pos,target,152
Set 1,Pos,target,995
Set 1,Pos,target,979
Set 1,Pos,target,976
Set 1,Pos,target,900
Set 1,Pos,target,996
Set 1,Pos,target,996
Set 1,Pos,target,996
Set 1,Pos,target,928
Set 1,Pos,target,996
Set 1,Pos,target,999
Set 1,Pos,target,1000
Set 1,Pos,target,4
Set 1,Pos,target,998
Set 1,Pos,target,946
Set 1,Pos,target,825
Set 1,Pos,target,981
Set 1,Pos,target,48
Set 1,Pos,target,996
Set 1,Pos,target,962
Set 1,Pos,target,990
Set 1,Pos,target,343
Set 1,Pos,target,952
Set 1,Pos,target,996
Set 1,Pos,target,988
Set 1,Pos,target,926
Set 1,Pos,target,972
Set 1,Pos,target,986
Set 1,Pos,target,997
Set 1,Pos,target,993
Set 1,Pos,target,988
Set 1,Pos,target,988
Set 1,Pos,target,996
Set 1,Pos,target,996
Set 1,Pos,target,961
Set 1,Pos,target,942
Set 1,Pos,target,1000
Set 1,Pos,target,1000
Set 1,Pos,target,993
Set 1,Pos,target,990
Set 1,Pos,target,996
Set 1,Pos,target,1000
Set 1,Pos,target,968
Set 1,Pos,target,902
Set 1,Pos,target,979
Set 1,Pos,target,996
Set 1,Pos,target,1000
Set 1,Pos,target,996
Set 1,Pos,target,997
Set 1,Pos,target,1000
Set 1,Pos,target,996
Set 1,Pos,target,924
Set 1,Pos,target,904
Set 1,Pos,target,999
Set 1,Pos,target,869
Set 1,Pos,target,999
Set 1,Pos,target,996
Set 1,Pos,target,998
Set 1,Pos,target,1000
Set 1,Pos,target,215
Set 1,Pos,target,996
Set 1,Pos,target,999
Set 1,Pos,target,1000
Set 1,Pos,target,911
Set 1,Pos,target,996
Set 1,Pos,target,996
Set 1,Pos,target,996
Set 1,Pos,target,996
Set 1,Pos,target,993
Set 1,Pos,target,757
Set 1,Pos,target,998
Set 1,Pos,target,996
Set 1,Pos,target,996
Set 1,Pos,target,996
Set 1,Pos,target,972
Set 1,Pos,target,996
Set 1,Pos,target,1000
Set 1,Pos,target,996
Set 1,Pos,target,996
Set 1,Pos,target,913
Set 1,Pos,target,992
Set 1,Pos,target,854
Set 1,Pos,target,885
Set 1,Pos,target,999
Set 1,Pos,target,996
Set 1,Pos,target,243
Set 1,Pos,target,936
Set 1,Pos,target,986
Set 1,Pos,target,1000
Set 1,Pos,target,1000
Set 1,Pos,target,924
Set 1,Pos,target,857
Set 1,Pos,target,996
Set 1,Pos,target,909
Set 1,Pos,target,999
Set 1,Pos,target,996
Set 1,Pos,target,998
Set 1,Pos,target,996
Set 1,Pos,target,996
Set 1,Pos,target,476
Set 1,Pos,target,996
Set 1,Pos,target,840
Set 1,Pos,target,1000
Set 1,Pos,target,996
Set 1,Pos,target,999
Set 1,Pos,target,977
Set 1,Pos,target,996
Set 1,Pos,target,1000
Set 1,Pos,target,996
Set 1,Pos,target,972
Set 1,Pos,target,996
Set 1,Pos,target,907
Set 1,Pos,target,587
Set 1,Pos,target,662
Set 1,Pos,target,998
Set 1,Pos,target,140
Set 1,Pos,target,995
Set 1,Pos,target,996
Set 1,Pos,target,410
Set 1,Pos,target,1000
Set 1,Pos,target,996
Set 1,Pos,target,992
Set 1,Pos,target,891
Set 1,Pos,target,995
Set 1,Pos,target,1000
Set 1,Pos,target,899
Set 1,Pos,target,949
Set 1,Pos,target,996
Set 1,Pos,target,838
Set 1,Pos,target,996
Set 1,Pos,target,1000
Set 1,Pos,target,982
Set 1,Pos,target,373
Set 1,Pos,target,8
Set 1,Pos,target,995
Set 1,Pos,target,992
Set 1,Pos,decoy,728
Set 1,Pos,target,999
Set 1,Pos,target,1000
Set 1,Pos,target,996
Set 1,Pos,target,912
Set 1,Pos,target,920
Set 1,Pos,target,979
Set 1,Pos,target,1000
Set 1,Pos,target,900
Set 1,Pos,target,938
Set 1,Pos,target,996
Set 1,Pos,target,998
Set 1,Pos,target,937
Set 1,Pos,target,990
Set 1,Pos,target,999
Set 1,Pos,target,999
Set 1,Pos,target,996
Set 1,Pos,target,908
Set 1,Pos,target,995
Set 1,Pos,target,995
Set 1,Pos,target,996
Set 1,Pos,target,2
Set 1,Pos,target,991
Set 1,Pos,target,996
Set 1,Pos,target,992
Set 1,Pos,target,995
Set 1,Pos,target,999
Set 1,Pos,target,1000
Set 1,Pos,target,1000
Set 1,Pos,target,996
Set 1,Pos,target,960
Set 1,Pos,target,999
Set 1,Pos,target,950
Set 1,Pos,target,796
Set 1,Pos,target,865
Set 1,Pos,target,931
Set 1,Pos,target,927
Set 1,Pos,target,999
Set 1,Pos,target,16
Set 1,Pos,target,1000
Set 1,Pos,target,991
Set 1,Pos,target,999
Set 1,Pos,target,166
Set 1,Pos,target,30
Set 1,Pos,target,996
Set 1,Pos,target,993
Set 1,Pos,target,984
Set 1,Pos,target,994
Set 1,Pos,target,180
Set 1,Pos,target,900
Set 1,Pos,target,329
Set 1,Pos,target,930
Set 1,Pos,target,980
Set 1,Pos,target,999
Set 1,Pos,target,1000
Set 1,Pos,target,993
Set 1,Pos,target,996
Set 1,Pos,target,932
Set 1,Pos,target,900
Set 1,Pos,target,753
Set 1,Pos,target,1000
Set 1,Pos,target,106
Set 1,Pos,target,936
Set 1,Pos,target,999
Set 1,Pos,target,996
Set 1,Pos,target,999
Set 1,Pos,target,999
Set 1,Pos,target,3
Set 1,Pos,target,995
Set 1,Pos,target,122
Set 1,Pos,target,465
Set 1,Pos,target,760
Set 1,Pos,target,703
Set 1,Pos,target,730
Set 1,Pos,target,553
Set 1,Pos,target,485
Set 1,Pos,target,443
Set 1,Pos,target,836
Set 1,Pos,target,9
Set 1,Pos,target,994
Set 1,Pos,target,999
Set 1,Pos,target,654
Set 1,Pos,target,377
Set 1,Pos,target,999
Set 1,Pos,target,860
Set 1,Pos,target,482
Set 1,Pos,target,460
Set 1,Pos,target,639
Set 1,Pos,target,864
Set 1,Pos,target,736
Set 1,Pos,target,567
Set 1,Pos,target,118
Set 1,Pos,target,8
Set 1,Pos,target,999
Set 1,Pos,target,199
Set 1,Pos,target,1000
Set 1,Pos,target,1000
Set 1,Pos,target,705
Set 1,Pos,target,35
Set 1,Pos,target,60
Set 1,Pos,target,85
Set 1,Pos,target,993
Set 1,Pos,target,745
Set 1,Pos,target,798
Set 1,Pos,target,565
Set 1,Pos,target,995
Set 1,Pos,target,687
Set 1,Pos,target,880
Set 1,Pos,target,934
Set 1,Pos,target,164
Set 1,Pos,target,816
Set 1,Pos,target,195
Set 1,Pos,target,106
Set 1,Pos,target,853
Set 1,Pos,target,481
Set 1,Pos,target,981
Set 1,Pos,target,1
Set 1,Pos,target,757
Set 1,Pos,target,808
Set 1,Pos,target,647
Set 1,Pos,target,619
Set 1,Pos,target,509
Set 1,Pos,target,995
Set 1,Pos,target,999
Set 1,Pos,target,692
Set 1,Pos,target,995
Set 1,Pos,target,961
Set 1,Pos,target,438
Set 1,Pos,target,764
Set 1,Pos,target,993
Set 1,Pos,target,233
Set 1,Pos,target,423
Set 1,Pos,target,198
Set 1,Pos,target,833
Set 1,Pos,target,128
Set 1,Pos,target,476
Set 1,Pos,target,827
Set 1,Pos,target,874
Set 1,Pos,target,542
Set 1,Pos,target,797
Set 1,Pos,target,344
Set 1,Pos,target,802
Set 1,Pos,target,999
Set 1,Pos,target,834
Set 1,Pos,target,628
Set 1,Pos,target,354
Set 1,Pos,target,219
Set 1,Pos,target,907
Set 1,Pos,target,473
Set 1,Pos,target,678
Set 1,Pos,target,241
Set 1,Pos,target,205
Set 1,Pos,target,889
Set 1,Pos,target,907
Set 1,Pos,target,498
Set 1,Pos,target,996
Set 1,Pos,target,855
Set 1,Pos,target,954
Set 1,Pos,target,817
Set 1,Pos,target,996
Set 1,Pos,target,376
Set 1,Pos,target,198
Set 1,Pos,target,564
Set 1,Pos,target,994
Set 1,Pos,target,502
Set 1,Pos,target,994
Set 1,Pos,target,228
Set 1,Pos,target,812
Set 1,Pos,target,666
Set 1,Pos,target,794
Set 1,Pos,target,574
Set 1,Pos,target,967
Set 1,Pos,target,993
Set 1,Pos,target,599
Set 1,Pos,target,852
Set 1,Pos,target,383
Set 1,Pos,target,831
Set 1,Pos,target,358
Set 1,Pos,target,727
Set 1,Pos,target,931
Set 1,Pos,target,410
Set 1,Pos,target,792
Set 1,Pos,target,908
Set 1,Pos,target,570
Set 1,Pos,target,930
Set 1,Pos,target,791
Set 1,Pos,target,13
Set 1,Pos,target,203
Set 1,Pos,target,996
Set 1,Pos,target,489
Set 1,Pos,target,802
Set 1,Pos,target,996
Set 1,Pos,target,487
Set 1,Pos,target,996
Set 1,Pos,target,762
Set 1,Pos,target,980
Set 1,Pos,target,621
Set 1,Pos,target,537
Set 1,Pos,target,996
Set 1,Pos,decoy,110
Set 1,Pos,target,90
Set 1,Pos,target,325
Set 1,Pos,decoy,31
Set 1,Pos,target,499
Set 1,Pos,target,582
Set 1,Pos,target,484
Set 1,Pos,target,788
Set 1,Pos,target,484
Set 1,Pos,target,996
Set 1,Pos,target,786
Set 1,Pos,target,898
Set 1,Pos,target,905
Set 1,Pos,target,863
Set 1,Pos,target,575
Set 1,Pos,target,637
Set 1,Pos,target,998
Set 1,Pos,target,934
Set 1,Pos,target,687
Set 1,Pos,decoy,17
Set 1,Pos,target,430
Set 1,Pos,target,648
Set 1,Pos,target,739
Set 1,Pos,target,666
Set 1,Pos,target,60
Set 1,Pos,target,995
Set 1,Pos,target,752
Set 1,Pos,target,996
Set 1,Pos,decoy,665
Set 1,Pos,target,996
Set 1,Pos,target,999
Set 1,Pos,target,584
Set 1,Pos,target,809
Set 1,Pos,target,871
Set 1,Pos,target,362
Set 1,Pos,target,340
Set 1,Pos,target,936
Set 1,Pos,target,865
Set 1,Pos,decoy,132
Set 1,Pos,target,968
Set 1,Pos,target,26
Set 1,Pos,target,871
Set 1,Pos,target,805
Set 1,Pos,target,287
Set 1,Pos,target,256
Set 1,Pos,target,995
Set 1,Pos,target,643
Set 1,Pos,target,838
Set 1,Pos,target,993
Set 1,Pos,target,786
Set 1,Pos,target,986
Set 1,Pos,target,978
Set 1,Pos,target,911
Set 1,Pos,target,729
Set 1,Pos,target,659
Set 1,Pos,target,354
Set 1,Pos,target,613
Set 1,Pos,target,27
Set 1,Pos,decoy,739
Set 1,Pos,target,996
Set 1,Pos,target,638
Set 1,Pos,target,631
Set 1,Pos,target,997
Set 1,Pos,target,754
Set 1,Pos,target,897
Set 1,Pos,target,995
Set 1,Pos,target,844
Set 1,Pos,target,992
Set 1,Pos,target,995
Set 1,Pos,target,836
Set 1,Pos,target,784
Set 1,Pos,target,750
Set 1,Pos,decoy,109
Set 1,Pos,target,828
Set 1,Pos,target,712
Set 1,Pos,target,624
Set 1,Pos,target,894
Set 1,Pos,target,995
Set 1,Pos,target,597
Set 1,Pos,target,874
Set 1,Pos,target,4
Set 1,Pos,target,986
Set 1,Pos,target,972
Set 1,Pos,target,996
Set 1,Pos,target,995
Set 1,Pos,target,715
Set 1,Pos,target,983
Set 1,Pos,target,19
Set 1,Pos,target,258
Set 1,Pos,target,631
Set 1,Pos,target,729
Set 1,Pos,target,847
Set 1,Pos,target,278
Set 1,Pos,target,732
Set 1,Pos,target,702
Set 1,Pos,target,926
Set 1,Pos,target,996
Set 1,Pos,target,996
Set 1,Pos,target,469
Set 1,Pos,target,992
Set 1,Pos,target,991
Set 1,Pos,target,954
Set 1,Pos,target,708
Set 1,Pos,target,973
Set 1,Pos,target,765
Set 1,Pos,target,789
Set 1,Pos,target,985
Set 1,Pos,target,919
Set 1,Pos,target,804
Set 1,Pos,target,911
Set 1,Pos,target,870
Set 1,Pos,target,2
Set 1,Pos,target,970
Set 1,Pos,target,986
Set 1,Pos,target,787
Set 1,Pos,target,976
Set 1,Pos,target,970
Set 1,Pos,target,520
Set 1,Pos,target,986
Set 1,Pos,target,986
Set 1,Pos,target,983
Set 1,Pos,target,82
Set 1,Pos,target,805
Set 1,Pos,target,200
Set 1,Pos,target,699
Set 1,Pos,target,609
Set 1,Pos,target,977
Set 1,Pos,target,547
Set 1,Pos,target,907
Set 1,Pos,target,962
Set 1,Pos,target,961
Set 1,Pos,target,395
Set 1,Pos,target,809
Set 1,Pos,target,990
Set 1,Pos,target,977
Set 1,Pos,target,972
Set 1,Pos,target,988
Set 1,Pos,target,931
Set 1,Pos,target,184
Set 1,Pos,target,775
Set 1,Pos,target,982
Set 1,Pos,target,204
Set 1,Pos,target,980
Set 1,Pos,target,691
Set 1,Pos,target,993
Set 1,Pos,target,256
Set 1,Pos,target,1
Set 1,Pos,target,967
Set 1,Pos,target,192
Set 1,Pos,target,780
Set 1,Pos,target,973
Set 1,Pos,target,557
Set 1,Pos,target,964
Set 1,Pos,target,984
Set 1,Pos,target,985
Set 1,Pos,target,757
Set 1,Pos,target,979
Set 1,Pos,target,129
Set 1,Pos,target,830
Set 1,Pos,target,987
Set 1,Pos,target,190
Set 1,Pos,target,166
Set 1,Pos,target,954
Set 1,Pos,target,233
Set 1,Pos,target,886
Set 1,Pos,target,980
Set 1,Pos,target,991
Set 1,Pos,target,991
Set 1,Pos,target,915
Set 1,Pos,target,53
Set 1,Pos,target,109
Set 1,Pos,target,982
Set 1,Pos,target,912
Set 1,Pos,target,121
Set 1,Pos,target,118
Set 1,Pos,target,943
Set 1,Pos,target,622
Set 1,Pos,target,985
Set 1,Pos,target,997
Set 1,Pos,target,939
Set 1,Pos,target,795
Set 1,Pos,target,926
Set 1,Pos,target,168
Set 1,Pos,target,658
Set 1,Pos,target,91
Set 1,Pos,target,954
Set 1,Pos,target,703
Set 1,Pos,target,912
Set 1,Pos,target,1
Set 1,Pos,target,966
Set 1,Pos,target,977
Set 1,Pos,target,293
Set 1,Pos,target,29
Set 1,Pos,target,962
Set 1,Pos,target,773
Set 1,Pos,target,385
Set 1,Pos,target,825
Set 1,Pos,target,645
Set 1,Pos,target,811
Set 1,Pos,target,963
Set 1,Pos,target,246
Set 1,Pos,target,972
Set 1,Pos,target,950
Set 1,Pos,target,974
Set 1,Pos,target,121
Set 1,Pos,target,750
Set 1,Pos,target,143
Set 1,Pos,target,41
Set 1,Pos,target,360
Set 1,Pos,target,803
Set 1,Pos,target,936
Set 1,Pos,target,960
Set 1,Pos,target,986
Set 1,Pos,target,241
Set 1,Pos,target,844
Set 1,Pos,target,992
Set 1,Pos,target,626
Set 1,Pos,target,187
Set 1,Pos,target,634
Set 1,Pos,target,745
Set 1,Pos,target,919
Set 1,Pos,target,961
Set 1,Pos,target,689
Set 1,Pos,target,879
Set 1,Pos,target,975
Set 1,Pos,target,995
Set 1,Pos,target,238
Set 1,Pos,target,746
Set 1,Pos,target,895
Set 1,Pos,target,966
Set 1,Pos,decoy,3
Set 1,Pos,target,170
Set 1,Pos,target,968
Set 1,Pos,target,990
Set 1,Pos,target,982
Set 1,Pos,target,978
Set 1,Pos,target,992
Set 1,Pos,target,818
Set 1,Pos,target,945
Set 1,Pos,target,955
Set 1,Pos,target,4
Set 1,Pos,target,932
Set 1,Pos,decoy,1
Set 1,Pos,target,983
Set 1,Pos,target,975
Set 1,Pos,target,999
Set 1,Pos,target,960
Set 1,Pos,target,939
Set 1,Pos,target,996
Set 1,Pos,target,999
Set 1,Pos,target,993
Set 1,Pos,target,995
Set 1,Pos,target,995
Set 1,Pos,target,995
Set 1,Pos,target,990
Set 1,Pos,target,992
Set 1,Pos,target,463
Set 1,Pos,target,996
Set 1,Pos,target,993
Set 1,Pos,target,31
Set 1,Pos,target,219
Set 1,Pos,target,569
Set 1,Pos,target,983
Set 1,Pos,target,548
Set 1,Pos,target,490
Set 1,Pos,target,441
Set 1,Pos,target,971
Set 1,Pos,target,329
Set 1,Pos,target,706
Set 1,Pos,target,789
Set 1,Pos,target,829
Set 1,Pos,target,732
Set 1,Pos,decoy,16
Set 1,Pos,target,632
Set 1,Pos,target,757
Set 1,Pos,target,718
Set 1,Pos,target,982
Set 1,Pos,target,705
Set 1,Pos,target,994
Set 1,Pos,target,348
Set 1,Pos,target,997
Set 1,Pos,target,999
Set 1,Pos,target,934
Set 1,Pos,target,995
Set 1,Pos,target,422
Set 1,Pos,target,988
Set 1,Pos,target,992
Set 1,Pos,target,991
Set 1,Pos,target,940
Set 1,Pos,target,970
Set 1,Pos,target,307
Set 1,Pos,target,923
Set 1,Pos,target,738
Set 1,Pos,target,976
Set 1,Pos,target,777
Set 1,Pos,target,530
Set 1,Pos,target,104
Set 1,Pos,target,914
Set 1,Pos,target,50
Set 1,Pos,target,970
Set 1,Pos,target,958
Set 1,Pos,target,537
Set 1,Pos,target,55
Set 1,Pos,target,472
Set 1,Pos,target,890
Set 1,Pos,target,989
Set 1,Pos,target,994
Set 1,Pos,target,998
Set 1,Pos,target,987
Set 1,Pos,target,970
Set 1,Pos,target,832
Set 1,Pos,target,771
Set 1,Pos,target,945
Set 1,Pos,target,907
Set 1,Pos,target,617
Set 1,Pos,target,465
Set 1,Pos,target,800
Set 1,Pos,target,970
Set 1,Pos,target,408
Set 1,Pos,target,824
Set 1,Pos,target,721
Set 1,Pos,target,315
Set 1,Pos,target,345
Set 1,Pos,target,404
Set 1,Pos,target,369
Set 1,Pos,target,213
Set 1,Pos,target,71
Set 1,Pos,target,217
Set 1,Pos,target,273
Set 1,Pos,target,174
Set 1,Pos,target,64
Set 1,Pos,target,177
Set 1,Pos,target,199
Set 1,Pos,target,745
Set 1,Pos,target,384
Set 1,Pos,target,776
Set 1,Pos,target,401
Set 1,Pos,target,266
Set 1,Pos,target,131
Set 1,Pos,target,175
Set 1,Pos,target,877
Set 1,Pos,target,661
Set 1,Pos,target,470
Set 1,Pos,target,984
Set 1,Pos,target,902
Set 1,Pos,target,926
Set 1,Pos,target,219
Set 1,Pos,target,803
Set 1,Pos,target,916
Set 1,Pos,target,995
Set 1,Pos,target,661
Set 1,Pos,target,9
Set 1,Pos,target,962
Set 1,Pos,target,929
Set 1,Pos,target,899
Set 1,Pos,target,706
Set 1,Pos,target,206
Set 1,Pos,target,887
Set 1,Pos,target,939
Set 1,Pos,target,970
Set 1,Pos,target,954
Set 1,Pos,target,965
Set 1,Pos,decoy,2
Set 1,Pos,target,65
Set 1,Pos,target,902
Set 1,Pos,target,989
Set 1,Pos,target,512
Set 1,Pos,target,889
Set 1,Pos,target,860
Set 1,Pos,target,405
Set 1,Pos,target,989
Set 1,Pos,target,855
Set 1,Pos,target,960
Set 1,Pos,target,816
Set 1,Pos,target,919
Set 1,Pos,target,4
Set 1,Pos,target,827
Set 1,Pos,target,162
Set 1,Pos,target,956
Set 1,Pos,target,6
Set 1,Pos,target,202
Set 1,Pos,target,98
Set 1,Pos,target,939
Set 1,Pos,target,942
Set 1,Pos,target,140
Set 1,Pos,target,928
Set 1,Pos,target,231
Set 1,Pos,target,628
Set 1,Pos,target,826
Set 1,Pos,target,941
Set 1,Pos,target,62
Set 1,Pos,target,946
Set 1,Pos,target,977
Set 1,Pos,target,182
Set 1,Pos,target,938
Set 1,Pos,target,899
Set 1,Pos,target,998
Set 1,Pos,target,33
Set 1,Pos,target,995
Set 1,Pos,target,983
Set 1,Pos,target,681
Set 1,Pos,target,1
Set 1,Pos,target,940
Set 1,Pos,target,17
Set 1,Pos,target,932
Set 1,Pos,target,989
Set 1,Pos,target,926
Set 1,Pos,target,985
Set 1,Pos,target,31
Set 1,Pos,target,986
Set 1,Pos,target,941
Set 1,Pos,target,984
Set 1,Pos,target,824
Set 1,Pos,target,939
Set 1,Pos,target,14
Set 1,Pos,decoy,45
Set 1,Pos,target,6
Set 1,Pos,target,994
Set 1,Pos,target,1
Set 1,Pos,target,750
Set 1,Pos,target,743
Set 1,Pos,target,995
Set 1,Pos,target,937
Set 1,Pos,target,997
Set 1,Pos,target,995
Set 1,Pos,target,896
Set 1,Pos,target,999
Set 1,Pos,target,995
Set 1,Pos,target,76
Set 1,Pos,target,878
Set 1,Pos,target,992
Set 1,Pos,target,942
Set 1,Pos,target,996
Set 1,Pos,target,994
Set 1,Pos,target,869
Set 1,Pos,target,705
Set 1,Pos,target,999
Set 1,Pos,target,883
Set 1,Pos,target,992
Set 1,Pos,target,853
Set 1,Pos,target,999
Set 1,Pos,target,995
Set 1,Pos,target,998
Set 1,Pos,target,986
Set 1,Pos,target,104
Set 1,Pos,target,976
Set 1,Pos,target,973
Set 1,Pos,target,926
Set 1,Pos,target,964
Set 1,Pos,target,978
Set 1,Pos,target,995
Set 1,Pos,target,993
Set 1,Pos,target,986
Set 1,Pos,target,996
Set 1,Pos,target,996
Set 1,Pos,target,992
Set 1,Pos,target,793
Set 1,Pos,target,995
Set 1,Pos,target,936
Set 1,Pos,target,957
Set 1,Pos,target,996
Set 1,Pos,target,991
Set 1,Pos,target,999
Set 1,Pos,target,995
Set 1,Pos,target,434
Set 1,Pos,target,924
Set 1,Pos,target,999
Set 1,Pos,target,994
Set 1,Pos,target,996
Set 1,Pos,target,999
Set 1,Pos,target,982
Set 1,Pos,target,1000
Set 1,Pos,target,915
Set 1,Pos,target,955
Set 1,Pos,target,214
Set 1,Pos,target,113
Set 1,Pos,target,983
Set 1,Pos,target,996
Set 1,Pos,target,999
Set 1,Pos,target,996
Set 1,Pos,target,493
Set 1,Pos,target,994
Set 1,Pos,target,12
Set 1,Pos,target,681
Set 1,Pos,target,1
Set 1,Pos,target,996
Set 1,Pos,target,935
Set 1,Pos,target,996
Set 1,Pos,target,999
Set 1,Pos,target,992
Set 1,Pos,target,996
Set 1,Pos,target,988
Set 1,Pos,target,996
Set 1,Pos,target,999
Set 1,Pos,target,995
Set 1,Pos,target,1000
Set 1,Pos,target,994
Set 1,Pos,target,915
Set 1,Pos,target,902
Set 1,Pos,target,970
Set 1,Pos,target,996
Set 1,Pos,target,976
Set 1,Pos,target,994
Set 1,Pos,target,998
Set 1,Pos,target,985
Set 1,Pos,target,966
Set 1,Pos,target,999
Set 1,Pos,target,996
Set 1,Pos,target,996
Set 1,Pos,target,1000
Set 1,Pos,target,57
Set 1,Pos,target,999
Set 1,Pos,target,1000
Set 1,Pos,target,911
Set 1,Pos,target,797
Set 1,Pos,target,998
Set 1,Pos,target,996
Set 1,Pos,target,996
Set 1,Pos,target,994
Set 1,Pos,target,996
Set 1,Pos,target,8
Set 1,Pos,target,997
Set 1,Pos,target,996
Set 1,Pos,target,910
Set 1,Pos,target,937
Set 1,Pos,target,959
Set 1,Pos,target,32
Set 1,Pos,target,909
Set 1,Pos,target,962
Set 1,Pos,target,908
Set 1,Pos,target,989
Set 1,Pos,target,999
Set 1,Pos,target,949
Set 1,Pos,target,981
Set 1,Pos,target,996
Set 1,Pos,target,992
Set 1,Pos,target,996
Set 1,Pos,target,787
Set 1,Pos,target,273
Set 1,Pos,target,993
Set 1,Pos,target,993
Set 1,Pos,target,111
Set 1,Pos,target,996
Set 1,Pos,target,951
Set 1,Pos,target,996
Set 1,Pos,target,931
Set 1,Pos,target,945
Set 1,Pos,target,963
Set 1,Pos,target,1000
Set 1,Pos,target,992
Set 1,Pos,target,958
Set 1,Pos,target,988
Set 1,Pos,target,996
Set 1,Pos,target,996
Set 1,Pos,target,1000
Set 1,Pos,target,981
Set 1,Pos,target,921
Set 1,Pos,target,996
Set 1,Pos,target,1000
Set 1,Pos,target,996
Set 1,Pos,target,996
Set 1,Pos,target,999
Set 1,Pos,target,996
Set 1,Pos,target,916
Set 1,Pos,target,996
Set 1,Pos,target,999
Set 1,Pos,target,904
Set 1,Pos,target,996
Set 1,Pos,target,863
Set 1,Pos,target,904
Set 1,Pos,target,999
Set 1,Pos,target,996
Set 1,Pos,target,178
Set 1,Pos,target,1000
Set 1,Pos,target,1000
Set 1,Pos,target,623
Set 1,Pos,target,994
Set 1,Pos,target,942
Set 1,Pos,target,996
Set 1,Pos,target,666
Set 1,Pos,target,996
Set 1,Pos,target,999
Set 1,Pos,target,989
Set 1,Pos,target,772
Set 1,Pos,target,998
Set 1,Pos,target,821
Set 1,Pos,target,999
Set 1,Pos,target,996
Set 1,Pos,target,995
Set 1,Pos,target,726
Set 1,Pos,target,996
Set 1,Pos,target,996
Set 1,Pos,target,973
Set 1,Pos,target,996
Set 1,Pos,target,1000
Set 1,Pos,target,990
Set 1,Pos,target,24
Set 1,Pos,target,953
Set 1,Pos,target,996
Set 1,Pos,target,998
Set 1,Pos,target,926
Set 1,Pos,target,996
Set 1,Pos,target,404
Set 1,Pos,target,889
Set 1,Pos,target,980
Set 1,Pos,target,996
Set 1,Pos,target,1000
Set 1,Pos,target,998
Set 1,Pos,target,996
Set 1,Pos,target,996
Set 1,Pos,target,915
Set 1,Pos,target,827
Set 1,Pos,target,999
Set 1,Pos,target,996
Set 1,Pos,target,682
Set 1,Pos,target,996
Set 1,Pos,target,996
Set 1,Pos,target,998
Set 1,Pos,target,819
Set 1,Pos,target,172
Set 1,Pos,target,1000
Set 1,Pos,target,996
Set 1,Pos,target,981
Set 1,Pos,target,993
Set 1,Pos,target,1000
Set 1,Pos,target,991
Set 1,Pos,target,996
Set 1,Pos,target,917
Set 1,Pos,target,675
Set 1,Pos,target,998
Set 1,Pos,target,576
Set 1,Pos,target,1000
Set 1,Pos,target,999
Set 1,Pos,target,132
Set 1,Pos,target,38
Set 1,Pos,target,996
Set 1,Pos,target,990
Set 1,Pos,target,25
Set 1,Pos,target,665
Set 1,Pos,target,994
Set 1,Pos,target,991
Set 1,Pos,target,1000
Set 1,Pos,target,996
Set 1,Pos,target,922
Set 1,Pos,target,1000
Set 1,Pos,target,996
Set 1,Pos,target,828
Set 1,Pos,target,785
Set 1,Pos,target,941
Set 1,Pos,target,996
Set 1,Pos,target,994
Set 1,Pos,target,993
Set 1,Pos,target,1000
Set 1,Pos,target,9
Set 1,Pos,target,996
Set 1,Pos,target,989
Set 1,Pos,target,673
Set 1,Pos,target,980
Set 1,Pos,target,1000
Set 1,Pos,target,996
Set 1,Pos,target,999
Set 1,Pos,target,877
Set 1,Pos,target,995
Set 1,Pos,target,995
Set 1,Pos,target,1000
Set 1,Pos,target,995
Set 1,Pos,target,994
Set 1,Pos,target,914
Set 1,Pos,target,1000
Set 1,Pos,target,996
Set 1,Pos,target,996
Set 1,Pos,target,991
Set 1,Pos,target,3
Set 1,Pos,target,995
Set 1,Pos,target,994
Set 1,Pos,target,999
Set 1,Pos,target,1000
Set 1,Pos,target,989
Set 1,Pos,target,999
Set 1,Pos,target,1000
Set 1,Pos,target,995
Set 1,Pos,target,989
Set 1,Pos,target,955
Set 1,Pos,target,951
Set 1,Pos,target,999
Set 1,Pos,target,219
Set 1,Pos,target,958
Set 1,Pos,target,946
Set 1,Pos,target,995
Set 1,Pos,target,999
Set 1,Pos,target,710
Set 1,Pos,target,999
Set 1,Pos,target,22
Set 1,Pos,target,999
Set 1,Pos,target,29
Set 1,Pos,target,996
Set 1,Pos,target,996
Set 1,Pos,target,989
Set 1,Pos,target,127
Set 1,Pos,target,493
Set 1,Pos,target,996
Set 1,Pos,target,990
Set 1,Pos,target,30
Set 1,Pos,target,1000
Set 1,Pos,target,983
Set 1,Pos,target,933
Set 1,Pos,target,999
Set 1,Pos,target,871
Set 1,Pos,target,999
Set 1,Pos,target,80
Set 1,Pos,target,896
Set 1,Pos,target,755
Set 1,Pos,target,1000
Set 1,Pos,target,934
Set 1,Pos,target,995
Set 1,Pos,target,27
Set 1,Pos,target,996
Set 1,Pos,target,999
Set 1,Pos,target,5
Set 1,Pos,target,454
Set 1,Pos,target,653
Set 1,Pos,target,715
Set 1,Pos,target,561
Set 1,Pos,target,733
Set 1,Pos,target,996
Set 1,Pos,target,12
Set 1,Pos,target,454
Set 1,Pos,target,417
Set 1,Pos,target,999
Set 1,Pos,target,638
Set 1,Pos,target,468
Set 1,Pos,target,379
Set 1,Pos,target,534
Set 1,Pos,target,995
Set 1,Pos,target,999
Set 1,Pos,target,614
Set 1,Pos,target,999
Set 1,Pos,target,155
Set 1,Pos,target,827
Set 1,Pos,target,412
Set 1,Pos,target,638
Set 1,Pos,target,707
Set 1,Pos,target,117
Set 1,Pos,target,999
Set 1,Pos,target,11
Set 1,Pos,target,41
Set 1,Pos,target,996
Set 1,Pos,target,228
Set 1,Pos,target,1
Set 1,Pos,target,173
Set 1,Pos,target,646
Set 1,Pos,target,542
Set 1,Pos,target,85
Set 1,Pos,target,888
Set 1,Pos,target,11
Set 1,Pos,target,652
Set 1,Pos,target,808
Set 1,Pos,target,922
Set 1,Pos,target,196
Set 1,Pos,target,306
Set 1,Pos,target,812
Set 1,Pos,target,847
Set 1,Pos,target,875
Set 1,Pos,target,605
Set 1,Pos,target,423
Set 1,Pos,target,958
Set 1,Pos,target,471
Set 1,Pos,target,951
Set 1,Pos,target,998
Set 1,Pos,target,964
Set 1,Pos,target,638
Set 1,Pos,target,627
Set 1,Pos,target,993
Set 1,Pos,target,948
Set 1,Pos,target,995
Set 1,Pos,target,99
Set 1,Pos,target,737
Set 1,Pos,target,198
Set 1,Pos,target,537
Set 1,Pos,target,778
Set 1,Pos,target,702
Set 1,Pos,target,842
Set 1,Pos,target,854
Set 1,Pos,target,360
Set 1,Pos,target,566
Set 1,Pos,target,999
Set 1,Pos,target,221
Set 1,Pos,target,189
Set 1,Pos,target,999
Set 1,Pos,target,219
Set 1,Pos,target,871
Set 1,Pos,target,507
Set 1,Pos,target,624
Set 1,Pos,target,251
Set 1,Pos,target,225
Set 1,Pos,target,904
Set 1,Pos,target,916
Set 1,Pos,target,996
Set 1,Pos,target,499
Set 1,Pos,target,836
Set 1,Pos,target,969
Set 1,Pos,target,722
Set 1,Pos,target,810
Set 1,Pos,target,821
Set 1,Pos,target,996
Set 1,Pos,target,260
Set 1,Pos,target,373
Set 1,Pos,target,108
Set 1,Pos,target,486
Set 1,Pos,target,994
Set 1,Pos,target,646
Set 1,Pos,target,454
Set 1,Pos,target,652
Set 1,Pos,target,227
Set 1,Pos,target,818
Set 1,Pos,target,992
Set 1,Pos,target,579
Set 1,Pos,target,283
Set 1,Pos,target,917
Set 1,Pos,target,992
Set 1,Pos,target,728
Set 1,Pos,target,965
Set 1,Pos,target,983
Set 1,Pos,target,569
Set 1,Pos,target,787
Set 1,Pos,target,779
Set 1,Pos,target,887
Set 1,Pos,target,376
Set 1,Pos,target,585
Set 1,Pos,target,746
Set 1,Pos,target,656
Set 1,Pos,target,108
Set 1,Pos,target,196
Set 1,Pos,target,996
Set 1,Pos,target,543
Set 1,Pos,target,996
Set 1,Pos,target,833
Set 1,Pos,target,994
Set 1,Pos,target,340
Set 1,Pos,target,585
Set 1,Pos,target,945
Set 1,Pos,target,610
Set 1,Pos,target,547
Set 1,Pos,target,626
Set 1,Pos,target,388
Set 1,Pos,target,826
Set 1,Pos,target,446
Set 1,Pos,decoy,112
Set 1,Pos,target,996
Set 1,Pos,target,319
Set 1,Pos,target,998
Set 1,Pos,decoy,31
Set 1,Pos,target,421
Set 1,Pos,target,996
Set 1,Pos,target,556
Set 1,Pos,target,885
Set 1,Pos,target,995
Set 1,Pos,target,562
Set 1,Pos,target,880
Set 1,Pos,target,699
Set 1,Pos,target,840
Set 1,Pos,target,755
Set 1,Pos,target,925
Set 1,Pos,target,425
Set 1,Pos,target,347
Set 1,Pos,target,996
Set 1,Pos,target,972
Set 1,Pos,decoy,6
Set 1,Pos,target,680
Set 1,Pos,target,436
Set 1,Pos,target,647
Set 1,Pos,target,513
Set 1,Pos,target,714
Set 1,Pos,target,995
Set 1,Pos,target,712
Set 1,Pos,target,996
Set 1,Pos,target,703
Set 1,Pos,target,615
Set 1,Pos,target,844
Set 1,Pos,target,930
Set 1,Pos,target,740
Set 1,Pos,target,886
Set 1,Pos,target,983
Set 1,Pos,target,25
Set 1,Pos,target,837
Set 1,Pos,target,987
Set 1,Pos,target,267
Set 1,Pos,target,906
Set 1,Pos,target,651
Set 1,Pos,target,264
Set 1,Pos,target,880
Set 1,Pos,target,146
Set 1,Pos,target,998
Set 1,Pos,target,670
Set 1,Pos,target,830
Set 1,Pos,target,791
Set 1,Pos,target,996
Set 1,Pos,target,886
Set 1,Pos,target,606
Set 1,Pos,target,775
Set 1,Pos,target,728
Set 1,Pos,target,44
Set 1,Pos,target,979
Set 1,Pos,target,984
Set 1,Pos,target,29
Set 1,Pos,target,990
Set 1,Pos,target,703
Set 1,Pos,target,894
Set 1,Pos,target,981
Set 1,Pos,target,992
Set 1,Pos,target,991
Set 1,Pos,target,27
Set 1,Pos,target,993
Set 1,Pos,target,825
Set 1,Pos,target,808
Set 1,Pos,target,996
Set 1,Pos,target,924
Set 1,Pos,decoy,82
Set 1,Pos,target,883
Set 1,Pos,target,911
Set 1,Pos,target,724
Set 1,Pos,target,954
Set 1,Pos,target,840
Set 1,Pos,target,647
Set 1,Pos,target,592
Set 1,Pos,target,712
Set 1,Pos,target,992
Set 1,Pos,target,794
Set 1,Pos,target,686
Set 1,Pos,target,16
Set 1,Pos,target,754
Set 1,Pos,target,995
Set 1,Pos,target,4
Set 1,Pos,target,993
Set 1,Pos,target,994
Set 1,Pos,target,990
Set 1,Pos,target,964
Set 1,Pos,target,531
Set 1,Pos,target,858
Set 1,Pos,target,711
Set 1,Pos,target,673
Set 1,Pos,target,364
Set 1,Pos,target,191
Set 1,Pos,target,980
Set 1,Pos,target,653
Set 1,Pos,target,798
Set 1,Pos,target,982
Set 1,Pos,target,980
Set 1,Pos,target,988
Set 1,Pos,target,987
Set 1,Pos,target,4
Set 1,Pos,target,967
Set 1,Pos,target,321
Set 1,Pos,target,768
Set 1,Pos,target,844
Set 1,Pos,target,985
Set 1,Pos,target,873
Set 1,Pos,target,712
Set 1,Pos,target,45
Set 1,Pos,target,984
Set 1,Pos,target,831
Set 1,Pos,target,990
Set 1,Pos,decoy,7
Set 1,Pos,target,962
Set 1,Pos,target,994
Set 1,Pos,target,981
Set 1,Pos,target,809
Set 1,Pos,target,270
Set 1,Pos,target,60
Set 1,Pos,target,988
Set 1,Pos,target,662
Set 1,Pos,target,977
Set 1,Pos,target,989
Set 1,Pos,target,987
Set 1,Pos,target,225
Set 1,Pos,target,3
Set 1,Pos,target,825
Set 1,Pos,target,953
Set 1,Pos,target,876
Set 1,Pos,target,958
Set 1,Pos,target,994
Set 1,Pos,target,271
Set 1,Pos,target,858
Set 1,Pos,target,971
Set 1,Pos,target,985
Set 1,Pos,target,963
Set 1,Pos,target,501
Set 1,Pos,target,968
Set 1,Pos,target,985
Set 1,Pos,target,978
Set 1,Pos,target,137
Set 1,Pos,target,984
Set 1,Pos,target,962
Set 1,Pos,target,989
Set 1,Pos,target,3
Set 1,Pos,target,214
Set 1,Pos,target,819
Set 1,Pos,target,771
Set 1,Pos,target,619
Set 1,Pos,target,789
Set 1,Pos,target,977
Set 1,Pos,target,696
Set 1,Pos,target,224
Set 1,Pos,target,190
Set 1,Pos,target,980
Set 1,Pos,target,150
Set 1,Pos,target,963
Set 1,Pos,target,237
Set 1,Pos,target,931
Set 1,Pos,target,970
Set 1,Pos,target,976
Set 1,Pos,target,957
Set 1,Pos,target,1
Set 1,Pos,target,733
Set 1,Pos,target,811
Set 1,Pos,target,717
Set 1,Pos,target,750
Set 1,Pos,target,798
Set 1,Pos,target,515
Set 1,Pos,target,982
Set 1,Pos,target,820
Set 1,Pos,target,704
Set 1,Pos,target,976
Set 1,Pos,target,778
Set 1,Pos,target,163
Set 1,Pos,target,953
Set 1,Pos,target,146
Set 1,Pos,target,958
Set 1,Pos,target,982
Set 1,Pos,target,983
Set 1,Pos,target,814
Set 1,Pos,target,680
Set 1,Pos,target,860
Set 1,Pos,target,965
Set 1,Pos,target,122
Set 1,Pos,target,207
Set 1,Pos,target,737
Set 1,Pos,target,966
Set 1,Pos,target,856
Set 1,Pos,target,967
Set 1,Pos,target,166
Set 1,Pos,target,971
Set 1,Pos,target,598
Set 1,Pos,target,962
Set 1,Pos,target,785
Set 1,Pos,target,2
Set 1,Pos,target,717
Set 1,Pos,target,651
Set 1,Pos,target,638
Set 1,Pos,target,950
Set 1,Pos,target,921
Set 1,Pos,target,104
Set 1,Pos,target,224
Set 1,Pos,target,275
Set 1,Pos,target,970
Set 1,Pos,target,892
Set 1,Pos,target,941
Set 1,Pos,target,207
Set 1,Pos,target,189
Set 1,Pos,target,973
Set 1,Pos,target,977
Set 1,Pos,target,694
Set 1,Pos,target,699
Set 1,Pos,target,790
Set 1,Pos,target,781
Set 1,Pos,target,223
Set 1,Pos,target,86
Set 1,Pos,target,8
Set 1,Pos,target,145
Set 1,Pos,target,985
Set 1,Pos,target,974
Set 1,Pos,target,521
Set 1,Pos,target,928
Set 1,Pos,target,967
Set 1,Pos,target,939
Set 1,Pos,target,799
Set 1,Pos,target,836
Set 1,Pos,target,59
Set 1,Pos,target,841
Set 1,Pos,target,847
Set 1,Pos,target,291
Set 1,Pos,target,123
Set 1,Pos,target,889
Set 1,Pos,target,960
Set 1,Pos,target,961
Set 1,Pos,target,716
Set 1,Pos,target,968
Set 1,Pos,target,958
Set 1,Pos,target,880
Set 1,Pos,target,768
Set 1,Pos,target,90
Set 1,Pos,target,226
Set 1,Pos,target,971
Set 1,Pos,target,676
Set 1,Pos,target,959
Set 1,Pos,target,947
Set 1,Pos,target,192
Set 1,Pos,target,972
Set 1,Pos,target,949
Set 1,Pos,target,980
Set 1,Pos,target,805
Set 1,Pos,target,150
Set 1,Pos,target,722
Set 1,Pos,target,596
Set 1,Pos,target,235
Set 1,Pos,target,221
Set 1,Pos,target,978
Set 1,Pos,target,988
Set 1,Pos,target,992
Set 1,Pos,target,971
Set 1,Pos,target,942
Set 1,Pos,target,984
Set 1,Pos,target,993
Set 1,Pos,target,916
Set 1,Pos,target,2
Set 1,Pos,target,839
Set 1,Pos,target,480
Set 1,Pos,target,32
Set 1,Pos,target,921
Set 1,Pos,target,982
Set 1,Pos,target,994
Set 1,Pos,target,994
Set 1,Pos,target,993
Set 1,Pos,target,954
Set 1,Pos,target,995
Set 1,Pos,target,995
Set 1,Pos,target,999
Set 1,Pos,target,996
Set 1,Pos,target,996
Set 1,Pos,target,985
Set 1,Pos,target,632
Set 1,Pos,target,980
Set 1,Pos,target,984
Set 1,Pos,target,949
Set 1,Pos,target,985
Set 1,Pos,target,35
Set 1,Pos,target,710
Set 1,Pos,target,771
Set 1,Pos,target,850
Set 1,Pos,target,650
Set 1,Pos,target,556
Set 1,Pos,target,948
Set 1,Pos,target,703
Set 1,Pos,target,649
Set 1,Pos,target,740
Set 1,Pos,target,877
Set 1,Pos,target,641
Set 1,Pos,target,993
Set 1,Pos,target,999
Set 1,Pos,target,999
Set 1,Pos,target,995
Set 1,Pos,target,908
Set 1,Pos,target,963
Set 1,Pos,target,994
Set 1,Pos,target,997
Set 1,Pos,target,3
Set 1,Pos,target,80
Set 1,Pos,target,596
Set 1,Pos,target,987
Set 1,Pos,target,994
Set 1,Pos,target,949
Set 1,Pos,target,950
Set 1,Pos,target,996
Set 1,Pos,target,981
Set 1,Pos,target,386
Set 1,Pos,target,510
Set 1,Pos,target,504
Set 1,Pos,target,652
Set 1,Pos,target,968
Set 1,Pos,target,976
Set 1,Pos,target,995
Set 1,Pos,target,978
Set 1,Pos,target,996
Set 1,Pos,target,958
Set 1,Pos,target,662
Set 1,Pos,target,923
Set 1,Pos,target,316
Set 1,Pos,target,615
Set 1,Pos,target,187
Set 1,Pos,target,891
Set 1,Pos,target,385
Set 1,Pos,target,154
Set 1,Pos,target,194
Set 1,Pos,target,871
Set 1,Pos,target,506
Set 1,Pos,target,795
Set 1,Pos,target,239
Set 1,Pos,target,411
Set 1,Pos,target,1
Set 1,Pos,target,461
Set 1,Pos,target,326
Set 1,Pos,target,278
Set 1,Pos,target,534
Set 1,Pos,target,48
Set 1,Pos,target,686
Set 1,Pos,decoy,2
Set 1,Pos,target,421
Set 1,Pos,target,131
Set 1,Pos,target,748
Set 1,Pos,target,975
Set 1,Pos,target,277
Set 1,Pos,target,950
Set 1,Pos,target,706
Set 1,Pos,target,974
Set 1,Pos,target,911
Set 1,Pos,target,914
Set 1,Pos,target,856
Set 1,Pos,target,950
Set 1,Pos,target,790
Set 1,Pos,target,203
Set 1,Pos,target,989
Set 1,Pos,target,979
Set 1,Pos,target,357
Set 1,Pos,target,179
Set 1,Pos,target,176
Set 1,Pos,target,946
Set 1,Pos,target,855
Set 1,Pos,target,991
Set 1,Pos,target,919
Set 1,Pos,target,817
Set 1,Pos,target,990
Set 1,Pos,target,977
Set 1,Pos,target,829
Set 1,Pos,target,113
Set 1,Pos,target,816
Set 1,Pos,target,7
Set 1,Pos,target,898
Set 1,Pos,target,75
Set 1,Pos,target,232
Set 1,Pos,target,81
Set 1,Pos,target,949
Set 1,Pos,target,936
Set 1,Pos,target,230
Set 1,Pos,target,229
Set 1,Pos,target,946
Set 1,Pos,target,943
Set 1,Pos,target,24
Set 1,Pos,target,984
Set 1,Pos,target,939
Set 1,Pos,target,999
Set 1,Pos,target,853
Set 1,Pos,target,13
Set 1,Pos,target,997
Set 1,Pos,target,305
Set 1,Pos,target,10
Set 1,Pos,target,936
Set 1,Pos,target,940
Set 1,Pos,target,989
Set 1,Pos,target,957
Set 1,Pos,target,984
Set 1,Pos,target,938
Set 1,Pos,target,965
Set 1,Pos,target,825
Set 1,Pos,target,996
Set 1,Pos,target,945
Set 1,Pos,target,923
Set 1,Pos,target,12
Set 1,Pos,decoy,25
Set 1,Pos,target,988
Set 1,Pos,target,896
Set 1,Pos,target,995
Set 1,Pos,target,169
Set 1,Pos,target,926
Set 1,Pos,target,983
Set 1,Pos,target,999
Set 1,Pos,target,995
Set 1,Pos,target,983
Set 1,Pos,target,989
Set 1,Pos,target,992
Set 1,Pos,target,947
Set 1,Pos,target,943
Set 1,Pos,target,995
Set 1,Pos,target,995
Set 1,Pos,target,825
Set 1,Pos,target,947
Set 1,Pos,target,999
Set 1,Pos,target,949
Set 1,Pos,target,988
Set 1,Pos,target,994
Set 1,Pos,target,998
Set 1,Pos,target,988
Set 1,Pos,target,971
Set 1,Pos,target,900
Set 1,Pos,target,129
Set 1,Pos,target,986
Set 1,Pos,target,981
Set 1,Pos,target,979
Set 1,Pos,target,985
Set 1,Pos,target,995
Set 1,Pos,target,995
Set 1,Pos,target,996
Set 1,Pos,target,994
Set 1,Pos,target,996
Set 1,Pos,target,996
Set 1,Pos,target,973
Set 1,Pos,target,939
Set 1,Pos,target,946
Set 1,Pos,target,996
Set 1,Pos,target,924
Set 1,Pos,target,999
Set 1,Pos,target,996
Set 1,Pos,target,993
Set 1,Pos,target,996
Set 1,Pos,target,995
Set 1,Pos,target,999
Set 1,Pos,target,996
Set 1,Pos,target,219
Set 1,Pos,target,890
Set 1,Pos,target,959
Set 1,Pos,target,220
Set 1,Pos,target,897
Set 1,Pos,target,958
Set 1,Pos,target,999
Set 1,Pos,target,996
Set 1,Pos,target,996
Set 1,Pos,target,1000
Set 1,Pos,target,713
Set 1,Pos,target,5
Set 1,Pos,target,1
Set 1,Pos,target,893
Set 1,Pos,target,996
Set 1,Pos,target,996
Set 1,Pos,target,996
Set 1,Pos,target,999
Set 1,Pos,target,981
Set 1,Pos,target,995
Set 1,Pos,target,884
Set 1,Pos,target,159
Set 1,Pos,target,1000
Set 1,Pos,target,996
Set 1,Pos,target,989
Set 1,Pos,target,996
Set 1,Pos,target,999
Set 1,Pos,target,998
Set 1,Pos,target,995
Set 1,Pos,target,996
Set 1,Pos,target,876
Set 1,Pos,target,989
Set 1,Pos,target,982
Set 1,Pos,target,941
Set 1,Pos,target,999
Set 1,Pos,target,1000
Set 1,Pos,target,996
Set 1,Pos,target,1000
Set 1,Pos,target,996
Set 1,Pos,target,989
Set 1,Pos,target,999
Set 1,Pos,target,978
Set 1,Pos,target,738
Set 1,Pos,target,996
Set 1,Pos,target,990
Set 1,Pos,target,996
Set 1,Pos,target,996
Set 1,Pos,target,881
Set 1,Pos,target,4
Set 1,Pos,target,996
Set 1,Pos,target,1000
Set 1,Pos,target,7
Set 1,Pos,target,936
Set 1,Pos,target,996
Set 1,Pos,target,996
Set 1,Pos,target,913
Set 1,Pos,target,763
Set 1,Pos,target,981
Set 1,Pos,target,891
Set 1,Pos,target,988
Set 1,Pos,target,1000
Set 1,Pos,target,41
Set 1,Pos,target,987
Set 1,Pos,target,997
Set 1,Pos,target,999
Set 1,Pos,target,600
Set 1,Pos,target,996
Set 1,Pos,target,992
Set 1,Pos,target,996
Set 1,Pos,target,996
Set 1,Pos,target,994
Set 1,Pos,target,256
Set 1,Pos,target,996
Set 1,Pos,target,981
Set 1,Pos,target,987
Set 1,Pos,target,994
Set 1,Pos,target,996
Set 1,Pos,target,994
Set 1,Pos,target,462
Set 1,Pos,target,949
Set 1,Pos,target,1000
Set 1,Pos,target,901
Set 1,Pos,target,996
Set 1,Pos,target,1000
Set 1,Pos,target,905
Set 1,Pos,target,1000
Set 1,Pos,target,972
Set 1,Pos,target,996
Set 1,Pos,target,996
Set 1,Pos,target,1000
Set 1,Pos,target,996
Set 1,Pos,target,996
Set 1,Pos,target,996
Set 1,Pos,target,926
Set 1,Pos,target,935
Set 1,Pos,target,904
Set 1,Pos,target,868
Set 1,Pos,target,996
Set 1,Pos,target,999
Set 1,Pos,target,1000
Set 1,Pos,target,999
Set 1,Pos,target,996
Set 1,Pos,target,996
Set 1,Pos,target,215
Set 1,Pos,target,998
Set 1,Pos,target,1000
Set 1,Pos,target,908
Set 1,Pos,target,995
Set 1,Pos,target,999
Set 1,Pos,target,714
Set 1,Pos,target,996
Set 1,Pos,target,999
Set 1,Pos,target,996
Set 1,Pos,target,996
Set 1,Pos,target,772
Set 1,Pos,target,915
Set 1,Pos,target,989
Set 1,Pos,target,759
Set 1,Pos,target,998
Set 1,Pos,target,774
Set 1,Pos,target,841
Set 1,Pos,target,996
Set 1,Pos,target,995
Set 1,Pos,target,996
Set 1,Pos,target,996
Set 1,Pos,target,996
Set 1,Pos,target,934
Set 1,Pos,target,1000
Set 1,Pos,target,996
Set 1,Pos,target,893
Set 1,Pos,target,996
Set 1,Pos,target,926
Set 1,Pos,target,230
Set 1,Pos,target,998
Set 1,Pos,target,905
Set 1,Pos,target,990
Set 1,Pos,target,1000
Set 1,Pos,target,1000
Set 1,Pos,target,996
Set 1,Pos,target,996
Set 1,Pos,target,897
Set 1,Pos,target,909
Set 1,Pos,target,996
Set 1,Pos,target,996
Set 1,Pos,target,998
Set 1,Pos,target,996
Set 1,Pos,target,999
Set 1,Pos,target,43
Set 1,Pos,target,771
Set 1,Pos,target,696
Set 1,Pos,target,1000
Set 1,Pos,target,996
Set 1,Pos,target,825
Set 1,Pos,target,996
Set 1,Pos,target,999
Set 1,Pos,target,973
Set 1,Pos,target,483
Set 1,Pos,target,996
Set 1,Pos,target,994
Set 1,Pos,target,616
Set 1,Pos,target,677
Set 1,Pos,target,549
Set 1,Pos,target,998
Set 1,Pos,target,1000
Set 1,Pos,target,995
Set 1,Pos,target,996
Set 1,Pos,target,994
Set 1,Pos,target,223
Set 1,Pos,target,1000
Set 1,Pos,target,999
Set 1,Pos,target,992
Set 1,Pos,target,991
Set 1,Pos,target,845
Set 1,Pos,target,923
Set 1,Pos,target,769
Set 1,Pos,target,996
Set 1,Pos,target,996
Set 1,Pos,target,772
Set 1,Pos,target,1000
Set 1,Pos,target,697
Set 1,Pos,target,996
Set 1,Pos,target,9
Set 1,Pos,target,996
Set 1,Pos,decoy,325
Set 1,Pos,target,989
Set 1,Pos,target,996
Set 1,Pos,target,961
Set 1,Pos,target,687
Set 1,Pos,target,1000
Set 1,Pos,target,993
Set 1,Pos,target,900
Set 1,Pos,target,973
Set 1,Pos,target,1000
Set 1,Pos,target,927
Set 1,Pos,target,999
Set 1,Pos,target,892
Set 1,Pos,target,995
Set 1,Pos,target,999
Set 1,Pos,target,988
Set 1,Pos,target,996
Set 1,Pos,target,993
Set 1,Pos,target,995
Set 1,Pos,target,904
Set 1,Pos,target,999
Set 1,Pos,target,996
Set 1,Pos,target,3
Set 1,Pos,target,992
Set 1,Pos,target,990
Set 1,Pos,target,1000
Set 1,Pos,target,989
Set 1,Pos,target,995
Set 1,Pos,target,1000
Set 1,Pos,target,1000
Set 1,Pos,target,994
Set 1,Pos,target,996
Set 1,Pos,target,797
Set 1,Pos,target,962
Set 1,Pos,target,999
Set 1,Pos,target,958
Set 1,Pos,target,996
Set 1,Pos,target,838
Set 1,Pos,target,272
Set 1,Pos,target,884
Set 1,Pos,target,965
Set 1,Pos,target,999
Set 1,Pos,target,999
Set 1,Pos,target,928
Set 1,Pos,target,996
Set 1,Pos,target,999
Set 1,Pos,target,22
Set 1,Pos,target,999
Set 1,Pos,target,19
Set 1,Pos,target,1000
Set 1,Pos,target,992
Set 1,Pos,target,132
Set 1,Pos,target,996
Set 1,Pos,target,996
Set 1,Pos,target,995
Set 1,Pos,target,996
Set 1,Pos,target,299
Set 1,Pos,target,633
Set 1,Pos,target,1000
Set 1,Pos,target,851
Set 1,Pos,target,990
Set 1,Pos,target,1000
Set 1,Pos,target,805
Set 1,Pos,target,76
Set 1,Pos,target,794
Set 1,Pos,target,1000
Set 1,Pos,target,580
Set 1,Pos,target,999
Set 1,Pos,target,905
Set 1,Pos,target,992
Set 1,Pos,target,995
Set 1,Pos,target,996
Set 1,Pos,target,5
Set 1,Pos,target,13
Set 1,Pos,target,450
Set 1,Pos,target,733
Set 1,Pos,target,698
Set 1,Pos,target,996
Set 1,Pos,target,547
Set 1,Pos,target,494
Set 1,Pos,target,404
Set 1,Pos,target,560
Set 1,Pos,target,988
Set 1,Pos,target,999
Set 1,Pos,target,430
Set 1,Pos,target,542
Set 1,Pos,target,605
Set 1,Pos,target,565
Set 1,Pos,target,999
Set 1,Pos,target,839
Set 1,Pos,target,396
Set 1,Pos,target,894
Set 1,Pos,target,995
Set 1,Pos,target,747
Set 1,Pos,target,639
Set 1,Pos,target,699
Set 1,Pos,target,999
Set 1,Pos,target,999
Set 1,Pos,target,213
Set 1,Pos,target,462
Set 1,Pos,target,999
Set 1,Pos,target,771
Set 1,Pos,target,703
Set 1,Pos,target,1000
Set 1,Pos,target,999
Set 1,Pos,target,996
Set 1,Pos,target,115
Set 1,Pos,target,76
Set 1,Pos,target,613
Set 1,Pos,target,655
Set 1,Pos,target,821
Set 1,Pos,target,209
Set 1,Pos,target,66
Set 1,Pos,target,868
Set 1,Pos,target,511
Set 1,Pos,target,917
Set 1,Pos,target,809
Set 1,Pos,target,986
Set 1,Pos,target,194
Set 1,Pos,target,886
Set 1,Pos,target,181
Set 1,Pos,target,103
Set 1,Pos,target,198
Set 1,Pos,target,950
Set 1,Pos,target,831
Set 1,Pos,target,506
Set 1,Pos,target,643
Set 1,Pos,target,646
Set 1,Pos,target,996
Set 1,Pos,target,936
Set 1,Pos,target,993
Set 1,Pos,target,778
Set 1,Pos,target,996
Set 1,Pos,target,192
Set 1,Pos,target,202
Set 1,Pos,target,882
Set 1,Pos,target,556
Set 1,Pos,target,995
Set 1,Pos,target,817
Set 1,Pos,target,192
Set 1,Pos,target,844
Set 1,Pos,target,392
Set 1,Pos,target,853
Set 1,Pos,target,554
Set 1,Pos,target,763
Set 1,Pos,target,766
Set 1,Pos,target,999
Set 1,Pos,target,808
Set 1,Pos,target,123
Set 1,Pos,target,221
Set 1,Pos,target,883
Set 1,Pos,target,513
Set 1,Pos,target,322
Set 1,Pos,target,783
Set 1,Pos,target,159
Set 1,Pos,target,508
Set 1,Pos,target,6
Set 1,Pos,target,804
Set 1,Pos,target,921
Set 1,Pos,target,468
Set 1,Pos,target,996
Set 1,Pos,target,566
Set 1,Pos,target,957
Set 1,Pos,target,809
Set 1,Pos,target,194
Set 1,Pos,target,996
Set 1,Pos,target,999
Set 1,Pos,target,535
Set 1,Pos,target,204
Set 1,Pos,target,640
Set 1,Pos,target,993
Set 1,Pos,target,699
Set 1,Pos,target,990
Set 1,Pos,target,663
Set 1,Pos,target,614
Set 1,Pos,target,638
Set 1,Pos,target,610
Set 1,Pos,target,579
Set 1,Pos,target,992
Set 1,Pos,target,254
Set 1,Pos,target,922
Set 1,Pos,target,889
Set 1,Pos,target,550
Set 1,Pos,target,159
Set 1,Pos,target,433
Set 1,Pos,target,786
Set 1,Pos,target,885
Set 1,Pos,target,985
Set 1,Pos,target,947
Set 1,Pos,target,671
Set 1,Pos,target,793
Set 1,Pos,target,806
Set 1,Pos,target,484
Set 1,Pos,target,996
Set 1,Pos,target,326
Set 1,Pos,target,517
Set 1,Pos,target,996
Set 1,Pos,target,999
Set 1,Pos,target,933
Set 1,Pos,target,801
Set 1,Pos,target,556
Set 1,Pos,target,585
Set 1,Pos,target,996
Set 1,Pos,decoy,105
Set 1,Pos,target,298
Set 1,Pos,target,782
Set 1,Pos,target,996
Set 1,Pos,target,489
Set 1,Pos,target,970
Set 1,Pos,target,287
Set 1,Pos,target,591
Set 1,Pos,target,482
Set 1,Pos,target,878
Set 1,Pos,target,882
Set 1,Pos,target,642
Set 1,Pos,target,966
Set 1,Pos,target,881
Set 1,Pos,target,996
Set 1,Pos,target,491
Set 1,Pos,target,26
Set 1,Pos,target,415
Set 1,Pos,target,688
Set 1,Pos,target,686
Set 1,Pos,target,558
Set 1,Pos,target,996
Set 1,Pos,target,733
Set 1,Pos,target,707
Set 1,Pos,target,610
Set 1,Pos,target,816
Set 1,Pos,target,816
Set 1,Pos,target,656
Set 1,Pos,target,694
Set 1,Pos,target,990
Set 1,Pos,target,265
Set 1,Pos,target,283
Set 1,Pos,target,919
Set 1,Pos,decoy,36
Set 1,Pos,target,30
Set 1,Pos,target,999
Set 1,Pos,target,738
Set 1,Pos,target,269
Set 1,Pos,target,734
Set 1,Pos,target,995
Set 1,Pos,target,659
Set 1,Pos,target,136
Set 1,Pos,target,987
Set 1,Pos,target,806
Set 1,Pos,target,746
Set 1,Pos,target,996
Set 1,Pos,target,994
Set 1,Pos,target,812
Set 1,Pos,target,964
Set 1,Pos,target,915
Set 1,Pos,target,698
Set 1,Pos,target,76
Set 1,Pos,target,52
Set 1,Pos,target,644
Set 1,Pos,target,669
Set 1,Pos,target,994
Set 1,Pos,target,943
Set 1,Pos,target,554
Set 1,Pos,target,901
Set 1,Pos,target,900
Set 1,Pos,target,654
Set 1,Pos,target,754
Set 1,Pos,target,993
Set 1,Pos,target,754
Set 1,Pos,target,865
Set 1,Pos,target,673
Set 1,Pos,target,988
Set 1,Pos,target,12
Set 1,Pos,target,765
Set 1,Pos,decoy,53
Set 1,Pos,target,840
Set 1,Pos,target,731
Set 1,Pos,target,996
Set 1,Pos,target,918
Set 1,Pos,target,988
Set 1,Pos,target,787
Set 1,Pos,target,641
Set 1,Pos,target,998
Set 1,Pos,target,996
Set 1,Pos,target,999
Set 1,Pos,target,992
Set 1,Pos,target,988
Set 1,Pos,target,946
Set 1,Pos,target,971
Set 1,Pos,target,777
Set 1,Pos,target,423
Set 1,Pos,target,598
Set 1,Pos,target,722
Set 1,Pos,target,501
Set 1,Pos,target,79
Set 1,Pos,target,525
Set 1,Pos,target,212
Set 1,Pos,target,732
Set 1,Pos,target,983
Set 1,Pos,target,806
Set 1,Pos,target,798
Set 1,Pos,target,976
Set 1,Pos,target,881
Set 1,Pos,target,958
Set 1,Pos,target,839
Set 1,Pos,target,696
Set 1,Pos,target,3
Set 1,Pos,target,965
Set 1,Pos,target,907
Set 1,Pos,target,981
Set 1,Pos,target,907
Set 1,Pos,target,992
Set 1,Pos,target,992
Set 1,Pos,target,986
Set 1,Pos,target,990
Set 1,Pos,target,743
Set 1,Pos,target,133
Set 1,Pos,target,969
Set 1,Pos,target,359
Set 1,Pos,target,107
Set 1,Pos,target,979
Set 1,Pos,target,947
Set 1,Pos,target,456
Set 1,Pos,target,916
Set 1,Pos,target,838
Set 1,Pos,target,690
Set 1,Pos,target,922
Set 1,Pos,target,959
Set 1,Pos,target,118
Set 1,Pos,target,755
Set 1,Pos,target,108
Set 1,Pos,target,966
Set 1,Pos,target,739
Set 1,Pos,target,963
Set 1,Pos,decoy,26
Set 1,Pos,target,989
Set 1,Pos,target,986
Set 1,Pos,target,449
Set 1,Pos,target,984
Set 1,Pos,target,982
Set 1,Pos,target,473
Set 1,Pos,target,264
Set 1,Pos,target,982
Set 1,Pos,target,244
Set 1,Pos,target,249
Set 1,Pos,target,819
Set 1,Pos,target,994
Set 1,Pos,target,754
Set 1,Pos,target,980
Set 1,Pos,target,932
Set 1,Pos,target,213
Set 1,Pos,target,728
Set 1,Pos,target,984
Set 1,Pos,target,989
Set 1,Pos,target,943
Set 1,Pos,target,67
Set 1,Pos,target,347
Set 1,Pos,target,980
Set 1,Pos,target,187
Set 1,Pos,target,539
Set 1,Pos,target,834
Set 1,Pos,target,964
Set 1,Pos,target,777
Set 1,Pos,target,227
Set 1,Pos,target,940
Set 1,Pos,target,195
Set 1,Pos,target,844
Set 1,Pos,target,955
Set 1,Pos,target,974
Set 1,Pos,target,978
Set 1,Pos,target,153
Set 1,Pos,target,160
Set 1,Pos,target,946
Set 1,Pos,target,149
Set 1,Pos,target,984
Set 1,Pos,target,189
Set 1,Pos,target,636
Set 1,Pos,target,2
Set 1,Pos,target,939
Set 1,Pos,target,930
Set 1,Pos,target,187
Set 1,Pos,target,735
Set 1,Pos,target,800
Set 1,Pos,target,813
Set 1,Pos,target,968
Set 1,Pos,target,995
Set 1,Pos,target,228
Set 1,Pos,target,963
Set 1,Pos,target,100
Set 1,Pos,target,845
Set 1,Pos,target,910
Set 1,Pos,target,185
Set 1,Pos,target,797
Set 1,Pos,target,756
Set 1,Pos,target,176
Set 1,Pos,target,897
Set 1,Pos,target,202
Set 1,Pos,target,938
Set 1,Pos,target,831
Set 1,Pos,target,986
Set 1,Pos,target,125
Set 1,Pos,target,52
Set 1,Pos,target,10
Set 1,Pos,target,958
Set 1,Pos,target,781
Set 1,Pos,target,969
Set 1,Pos,target,166
Set 1,Pos,target,854
Set 1,Pos,target,123
Set 1,Pos,target,922
Set 1,Pos,target,240
Set 1,Pos,target,995
Set 1,Pos,target,798
Set 1,Pos,target,982
Set 1,Pos,target,835
Set 1,Pos,target,686
Set 1,Pos,target,962
Set 1,Pos,target,94
Set 1,Pos,target,229
Set 1,Pos,target,622
Set 1,Pos,target,202
Set 1,Pos,target,781
Set 1,Pos,target,991
Set 1,Pos,target,746
Set 1,Pos,target,907
Set 1,Pos,decoy,16
Set 1,Pos,target,971
Set 1,Pos,target,744
Set 1,Pos,target,671
Set 1,Pos,target,917
Set 1,Pos,target,797
Set 1,Pos,target,921
Set 1,Pos,target,108
Set 1,Pos,target,116
Set 1,Pos,target,980
Set 1,Pos,target,2
Set 1,Pos,target,980
Set 1,Pos,target,907
Set 1,Pos,target,991
Set 1,Pos,target,2
Set 1,Pos,target,977
Set 1,Pos,target,959
Set 1,Pos,target,992
Set 1,Pos,target,43
Set 1,Pos,target,23
Set 1,Pos,target,863
Set 1,Pos,target,2
Set 1,Pos,target,983
Set 1,Pos,target,945
Set 1,Pos,target,972
Set 1,Pos,target,919
Set 1,Pos,target,995
Set 1,Pos,target,960
Set 1,Pos,target,979
Set 1,Pos,target,959
Set 1,Pos,target,993
Set 1,Neg,target,731
Set 1,Neg,target,232
Set 1,Neg,target,371
Set 1,Neg,target,91
Set 1,Neg,target,230
Set 1,Neg,target,26
Set 1,Neg,target,231
Set 1,Neg,target,55
Set 1,Neg,target,809
Set 1,Neg,target,138
Set 1,Neg,target,579
Set 1,Neg,target,27
Set 1,Neg,target,29
Set 1,Neg,target,711
Set 1,Neg,target,15
Set 1,Neg,decoy,118
Set 1,Neg,target,158
Set 1,Neg,target,305
Set 1,Neg,target,75
Set 1,Neg,target,785
Set 1,Neg,target,40
Set 1,Neg,target,3
Set 1,Neg,target,165
Set 1,Neg,target,124
Set 1,Neg,target,595
Set 1,Neg,decoy,1
Set 1,Neg,target,702
Set 1,Neg,target,413
Set 1,Neg,target,743
Set 1,Neg,target,311
Set 1,Neg,target,794
Set 1,Neg,target,887
Set 1,Neg,target,929
Set 1,Neg,target,991
Set 1,Neg,target,978
Set 1,Neg,target,997
Set 1,Neg,target,916
Set 1,Neg,target,967
Set 1,Neg,target,93
Set 1,Neg,target,879
Set 1,Neg,target,994
Set 1,Neg,target,970
Set 1,Neg,target,108
Set 1,Neg,target,178
Set 1,Neg,target,75
Set 1,Neg,target,149
Set 1,Neg,target,115
Set 1,Neg,target,273
Set 1,Neg,target,575
Set 1,Neg,target,795
Set 1,Neg,target,654
Set 1,Neg,target,238
Set 1,Neg,target,306
Set 1,Neg,target,48
Set 1,Neg,target,906
Set 1,Neg,target,458
Set 1,Neg,target,1
Set 1,Neg,target,387
Set 1,Neg,target,78
Set 1,Neg,target,627
Set 1,Neg,target,730
Set 1,Neg,target,726
Set 1,Neg,target,430
Set 1,Neg,target,936
Set 1,Neg,target,372
Set 1,Neg,target,398
Set 1,Neg,decoy,83
Set 1,Neg,target,927
Set 1,Neg,target,233
Set 1,Neg,target,626
Set 1,Neg,target,936
Set 1,Neg,target,75
Set 1,Neg,decoy,51
Set 1,Neg,target,585
Set 1,Neg,target,2
Set 1,Neg,target,624
Set 1,Neg,target,15
Set 1,Neg,target,752
Set 1,Neg,target,170
Set 1,Neg,target,894
Set 1,Neg,target,561
Set 1,Neg,target,430
Set 1,Neg,target,954
Set 1,Neg,target,806
Set 1,Neg,target,154
Set 1,Neg,decoy,82
Set 1,Neg,target,930
Set 1,Neg,target,999
Set 1,Neg,target,895
Set 1,Neg,target,803
Set 1,Neg,target,936
Set 1,Neg,target,520
Set 1,Neg,target,993
Set 1,Neg,target,956
Set 1,Neg,target,998
Set 1,Neg,target,527
Set 1,Neg,target,787
Set 1,Neg,target,992
Set 1,Neg,decoy,20
Set 1,Neg,target,942
Set 1,Neg,target,784
Set 1,Neg,target,579
Set 1,Neg,target,952
Set 1,Neg,target,794
Set 1,Neg,target,514
Set 1,Neg,target,552
Set 1,Neg,target,929
Set 1,Neg,target,708
Set 1,Neg,target,975
Set 1,Neg,target,539
Set 1,Neg,target,658
Set 1,Neg,target,443
Set 1,Neg,target,97
Set 1,Neg,target,40
Set 1,Neg,target,890
Set 1,Neg,target,905
Set 1,Neg,target,992
Set 1,Neg,target,5
Set 1,Neg,target,855
Set 1,Neg,target,401
Set 1,Neg,target,855
Set 1,Neg,target,849
Set 1,Neg,target,585
Set 1,Neg,target,952
Set 1,Neg,target,855
Set 1,Neg,target,970
Set 1,Neg,target,775
Set 1,Neg,target,693
Set 1,Neg,target,929
Set 1,Neg,target,66
Set 1,Neg,target,643
Set 1,Neg,target,957
Set 1,Neg,target,710
Set 1,Neg,target,294
Set 1,Neg,target,887
Set 1,Neg,target,654
Set 1,Neg,target,920
Set 1,Neg,target,939
Set 1,Neg,target,968
Set 1,Neg,target,996
Set 1,Neg,target,464
Set 1,Neg,target,995
Set 1,Neg,target,753
Set 1,Neg,target,953
Set 1,Neg,target,622
Set 1,Neg,target,642
Set 1,Neg,target,723
Set 1,Neg,target,465
Set 1,Neg,target,472
Set 1,Neg,target,758
Set 1,Neg,target,823
Set 1,Neg,target,728
Set 1,Neg,target,970
Set 1,Neg,target,717
Set 1,Neg,target,680
Set 1,Neg,target,72
Set 1,Neg,target,275
Set 1,Neg,target,627
Set 1,Neg,target,177
Set 1,Neg,target,940
Set 1,Neg,target,87
Set 1,Neg,target,4
Set 1,Neg,target,999
Set 1,Neg,target,893
Set 1,Neg,target,846
Set 1,Neg,target,636
Set 1,Neg,target,372
Set 1,Neg,target,94
Set 1,Neg,target,599
Set 1,Neg,target,259
Set 1,Neg,target,805
Set 1,Neg,target,453
Set 1,Neg,target,974
Set 1,Neg,target,16
Set 1,Neg,target,974
Set 1,Neg,target,785
Set 1,Neg,target,507
Set 1,Neg,target,142
Set 1,Neg,target,996
Set 1,Neg,target,733
Set 1,Neg,target,949
Set 1,Neg,target,675
Set 1,Neg,target,926
Set 1,Neg,target,821
Set 1,Neg,target,997
Set 1,Neg,target,612
Set 1,Neg,target,900
Set 1,Neg,target,569
Set 1,Neg,target,804
Set 1,Neg,target,844
Set 1,Neg,target,803
Set 1,Neg,target,888
Set 1,Neg,decoy,959
Set 1,Neg,target,962
Set 1,Neg,target,645
Set 1,Neg,target,4
Set 1,Neg,target,887
Set 1,Neg,target,828
Set 1,Neg,target,335
Set 1,Neg,target,529
Set 1,Neg,target,910
Set 1,Neg,target,600
Set 1,Neg,target,40
Set 1,Neg,target,926
Set 1,Neg,target,665
Set 1,Neg,target,960
Set 1,Neg,target,998
Set 1,Neg,target,687
Set 1,Neg,decoy,29
Set 1,Neg,target,997
Set 1,Neg,target,998
Set 1,Neg,target,588
Set 1,Neg,target,974
Set 1,Neg,target,567
Set 1,Neg,target,914
Set 1,Neg,target,940
Set 1,Neg,target,743
Set 1,Neg,target,858
Set 1,Neg,target,757
Set 1,Neg,target,253
Set 1,Neg,target,99
Set 1,Neg,target,438
Set 1,Neg,target,681
Set 1,Neg,target,525
Set 1,Neg,target,539
Set 1,Neg,target,767
Set 1,Neg,target,760
Set 1,Neg,target,718
Set 1,Neg,target,873
Set 1,Neg,target,630
Set 1,Neg,target,789
Set 1,Neg,target,998
Set 1,Neg,target,775
Set 1,Neg,target,641
Set 1,Neg,target,853
Set 1,Neg,target,664
Set 1,Neg,target,622
Set 1,Neg,target,20
Set 1,Neg,target,623
Set 1,Neg,target,793
Set 1,Neg,target,855
Set 1,Neg,target,283
Set 1,Neg,target,869
Set 1,Neg,target,675
Set 1,Neg,target,678
Set 1,Neg,target,413
Set 1,Neg,target,249
Set 1,Neg,target,946
Set 1,Neg,target,440
Set 1,Neg,target,764
Set 1,Neg,target,597
Set 1,Neg,target,999
Set 1,Neg,target,696
Set 1,Neg,target,630
Set 1,Neg,target,999
Set 1,Neg,target,999
Set 1,Neg,target,129
Set 1,Neg,target,97
Set 1,Neg,target,998
Set 1,Neg,target,727
Set 1,Neg,target,446
Set 1,Neg,target,633
Set 1,Neg,target,33
Set 1,Neg,target,998
Set 1,Neg,target,20
Set 1,Neg,target,733
Set 1,Neg,target,915
Set 1,Neg,target,837
Set 1,Neg,target,921
Set 1,Neg,target,663
Set 1,Neg,target,669
Set 1,Neg,target,731
Set 1,Neg,target,639
Set 1,Neg,target,238
Set 1,Neg,target,739
Set 1,Neg,target,107
Set 1,Neg,target,18
Set 1,Neg,target,557
Set 1,Neg,target,535
Set 1,Neg,target,812
Set 1,Neg,target,385
Set 1,Neg,target,37
Set 1,Neg,target,828
Set 1,Neg,target,808
Set 1,Neg,target,508
Set 1,Neg,target,679
Set 1,Neg,target,549
Set 1,Neg,target,207
Set 1,Neg,target,996
Set 1,Neg,target,519
Set 1,Neg,target,20
Set 1,Neg,target,920
Set 1,Neg,target,999
Set 1,Neg,target,397
Set 1,Neg,target,994
Set 1,Neg,target,530
Set 1,Neg,target,125
Set 1,Neg,target,548
Set 1,Neg,target,948
Set 1,Neg,target,999
Set 1,Neg,target,18
Set 1,Neg,target,20
Set 1,Neg,target,797
Set 1,Neg,target,32
Set 1,Neg,target,82
Set 1,Neg,target,813
Set 1,Neg,target,109
Set 1,Neg,target,394
Set 1,Neg,target,759
Set 1,Neg,target,686
Set 1,Neg,decoy,57
Set 1,Neg,target,382
Set 1,Neg,target,950
Set 1,Neg,target,20
Set 1,Neg,target,853
Set 1,Neg,target,999
Set 1,Neg,target,760
Set 1,Neg,target,828
Set 1,Neg,target,810
Set 1,Neg,target,549
Set 1,Neg,target,502
Set 1,Neg,target,873
Set 1,Neg,target,550
Set 1,Neg,decoy,129
Set 1,Neg,target,703
Set 1,Neg,target,333
Set 1,Neg,target,993
Set 1,Neg,target,867
Set 1,Neg,target,229
Set 1,Neg,target,826
Set 1,Neg,target,146
Set 1,Neg,decoy,91
Set 1,Neg,target,321
Set 1,Neg,target,126
Set 1,Neg,target,331
Set 1,Neg,target,139
Set 1,Neg,target,19
Set 1,Neg,target,920
Set 1,Neg,target,785
Set 1,Neg,target,5
Set 1,Neg,decoy,38
Set 1,Neg,target,600
Set 1,Neg,target,607
Set 1,Neg,target,196
Set 1,Neg,target,270
Set 1,Neg,target,826
Set 1,Neg,decoy,147
Set 1,Neg,target,64
Set 1,Neg,target,38
Set 1,Neg,target,134
Set 1,Neg,target,63
Set 1,Neg,target,790
Set 1,Neg,decoy,22
Set 1,Neg,target,42
Set 1,Neg,target,11
Set 1,Neg,target,813
Set 1,Neg,target,107
Set 1,Neg,target,90
Set 1,Neg,decoy,1
Set 1,Neg,target,756
Set 1,Neg,target,1
Set 1,Neg,target,33
Set 1,Neg,target,775
Set 1,Neg,target,62
Set 1,Neg,target,780
Set 1,Neg,target,41
Set 1,Neg,decoy,46
Set 1,Neg,target,732
Set 1,Neg,target,688
Set 1,Neg,target,593
Set 1,Neg,target,778
Set 1,Neg,target,63
Set 1,Neg,target,822
Set 1,Neg,decoy,17
Set 1,Neg,target,97
Set 1,Neg,target,776
Set 1,Neg,target,530
Set 1,Neg,target,756
Set 1,Neg,target,23
Set 1,Neg,target,2
Set 1,Neg,target,558
Set 1,Neg,target,138
Set 1,Neg,target,224
Set 1,Neg,target,83
Set 1,Neg,target,784
Set 1,Neg,decoy,96
Set 1,Neg,target,290
Set 1,Neg,target,50
Set 1,Neg,target,130
Set 1,Neg,target,653
Set 1,Neg,target,100
Set 1,Neg,target,82
Set 1,Neg,target,122
Set 1,Neg,target,294
Set 1,Neg,target,381
Set 1,Neg,target,561
Set 1,Neg,target,265
Set 1,Neg,target,775
Set 1,Neg,target,234
Set 1,Neg,target,34
Set 1,Neg,target,206
Set 1,Neg,target,716
Set 1,Neg,target,71
Set 1,Neg,target,679
Set 1,Neg,target,759
Set 1,Neg,target,567
Set 1,Neg,target,901
Set 1,Neg,target,606
Set 1,Neg,target,930
Set 1,Neg,target,957
Set 1,Neg,target,769
Set 1,Neg,target,990
Set 1,Neg,target,988
Set 1,Neg,target,991
Set 1,Neg,target,957
Set 1,Neg,target,931
Set 1,Neg,target,988
Set 1,Neg,target,858
Set 1,Neg,target,43
Set 1,Neg,target,998
Set 1,Neg,target,975
Set 1,Neg,target,89
Set 1,Neg,target,145
Set 1,Neg,target,277
Set 1,Neg,target,471
Set 1,Neg,target,619
Set 1,Neg,target,146
Set 1,Neg,target,128
Set 1,Neg,target,63
Set 1,Neg,target,2
Set 1,Neg,target,311
Set 1,Neg,target,202
Set 1,Neg,target,201
Set 1,Neg,target,17
Set 1,Neg,target,729
Set 1,Neg,target,3
Set 1,Neg,target,727
Set 1,Neg,target,445
Set 1,Neg,target,788
Set 1,Neg,target,174
Set 1,Neg,target,502
Set 1,Neg,target,49
Set 1,Neg,target,402
Set 1,Neg,target,833
Set 1,Neg,target,938
Set 1,Neg,target,558
Set 1,Neg,target,8
Set 1,Neg,target,373
Set 1,Neg,target,189
Set 1,Neg,decoy,95
Set 1,Neg,target,264
Set 1,Neg,target,928
Set 1,Neg,target,686
Set 1,Neg,target,517
Set 1,Neg,target,297
Set 1,Neg,target,926
Set 1,Neg,target,953
Set 1,Neg,target,859
Set 1,Neg,target,493
Set 1,Neg,target,928
Set 1,Neg,target,609
Set 1,Neg,decoy,94
Set 1,Neg,target,526
Set 1,Neg,target,20
Set 1,Neg,target,229
Set 1,Neg,target,18
Set 1,Neg,target,96
Set 1,Neg,target,902
Set 1,Neg,target,940
Set 1,Neg,target,700
Set 1,Neg,target,916
Set 1,Neg,target,863
Set 1,Neg,target,596
Set 1,Neg,target,836
Set 1,Neg,target,875
Set 1,Neg,target,789
Set 1,Neg,target,999
Set 1,Neg,target,397
Set 1,Neg,target,935
Set 1,Neg,target,827
Set 1,Neg,target,935
Set 1,Neg,target,405
Set 1,Neg,target,998
Set 1,Neg,target,995
Set 1,Neg,target,785
Set 1,Neg,target,991
Set 1,Neg,target,2
Set 1,Neg,target,1
Set 1,Neg,target,977
Set 1,Neg,target,758
Set 1,Neg,target,2
Set 1,Neg,target,4
Set 1,Neg,target,981
Set 1,Neg,target,508
Set 1,Neg,target,702
Set 1,Neg,target,839
Set 1,Neg,target,604
Set 1,Neg,target,576
Set 1,Neg,target,980
Set 1,Neg,target,980
Set 1,Neg,target,501
Set 1,Neg,target,395
Set 1,Neg,target,96
Set 1,Neg,target,545
Set 1,Neg,target,855
Set 1,Neg,target,886
Set 1,Neg,target,80
Set 1,Neg,target,490
Set 1,Neg,target,952
Set 1,Neg,target,310
Set 1,Neg,target,850
Set 1,Neg,target,540
Set 1,Neg,target,533
Set 1,Neg,target,934
Set 1,Neg,target,829
Set 1,Neg,target,983
Set 1,Neg,target,790
Set 1,Neg,target,597
Set 1,Neg,target,947
Set 1,Neg,target,641
Set 1,Neg,target,955
Set 1,Neg,target,384
Set 1,Neg,target,909
Set 1,Neg,target,658
Set 1,Neg,target,854
Set 1,Neg,target,660
Set 1,Neg,target,997
Set 1,Neg,target,652
Set 1,Neg,target,969
Set 1,Neg,target,949
Set 1,Neg,target,839
Set 1,Neg,target,498
Set 1,Neg,target,997
Set 1,Neg,target,870
Set 1,Neg,target,54
Set 1,Neg,target,969
Set 1,Neg,target,63
Set 1,Neg,target,656
Set 1,Neg,target,668
Set 1,Neg,target,18
Set 1,Neg,target,27
Set 1,Neg,target,313
Set 1,Neg,target,924
Set 1,Neg,target,158
Set 1,Neg,target,598
Set 1,Neg,target,381
Set 1,Neg,target,100
Set 1,Neg,target,12
Set 1,Neg,target,896
Set 1,Neg,target,999
Set 1,Neg,target,749
Set 1,Neg,target,151
Set 1,Neg,target,106
Set 1,Neg,target,866
Set 1,Neg,target,683
Set 1,Neg,target,784
Set 1,Neg,target,936
Set 1,Neg,target,974
Set 1,Neg,target,697
Set 1,Neg,target,725
Set 1,Neg,target,974
Set 1,Neg,target,633
Set 1,Neg,target,849
Set 1,Neg,target,915
Set 1,Neg,target,130
Set 1,Neg,target,677
Set 1,Neg,target,997
Set 1,Neg,target,997
Set 1,Neg,target,734
Set 1,Neg,target,839
Set 1,Neg,target,940
Set 1,Neg,target,590
Set 1,Neg,target,401
Set 1,Neg,target,850
Set 1,Neg,target,840
Set 1,Neg,target,818
Set 1,Neg,target,917
Set 1,Neg,target,535
Set 1,Neg,target,903
Set 1,Neg,decoy,955
Set 1,Neg,target,524
Set 1,Neg,target,3
Set 1,Neg,target,914
Set 1,Neg,target,410
Set 1,Neg,target,834
Set 1,Neg,target,640
Set 1,Neg,target,22
Set 1,Neg,target,928
Set 1,Neg,target,922
Set 1,Neg,target,592
Set 1,Neg,target,919
Set 1,Neg,target,625
Set 1,Neg,target,855
Set 1,Neg,target,397
Set 1,Neg,target,587
Set 1,Neg,target,997
Set 1,Neg,target,488
Set 1,Neg,decoy,63
Set 1,Neg,target,998
Set 1,Neg,target,711
Set 1,Neg,target,554
Set 1,Neg,target,486
Set 1,Neg,target,848
Set 1,Neg,target,973
Set 1,Neg,target,581
Set 1,Neg,target,917
Set 1,Neg,target,933
Set 1,Neg,target,791
Set 1,Neg,target,751
Set 1,Neg,target,772
Set 1,Neg,target,199
Set 1,Neg,target,105
Set 1,Neg,target,786
Set 1,Neg,target,741
Set 1,Neg,target,878
Set 1,Neg,target,744
Set 1,Neg,target,624
Set 1,Neg,target,754
Set 1,Neg,target,998
Set 1,Neg,target,100
Set 1,Neg,target,20
Set 1,Neg,target,679
Set 1,Neg,target,670
Set 1,Neg,target,829
Set 1,Neg,target,303
Set 1,Neg,target,899
Set 1,Neg,target,806
Set 1,Neg,target,675
Set 1,Neg,target,967
Set 1,Neg,target,12
Set 1,Neg,target,493
Set 1,Neg,target,870
Set 1,Neg,target,932
Set 1,Neg,target,587
Set 1,Neg,target,981
Set 1,Neg,target,625
Set 1,Neg,target,738
Set 1,Neg,target,750
Set 1,Neg,target,438
Set 1,Neg,target,998
Set 1,Neg,target,757
Set 1,Neg,target,645
Set 1,Neg,target,551
Set 1,Neg,target,42
Set 1,Neg,target,998
Set 1,Neg,target,647
Set 1,Neg,target,999
Set 1,Neg,target,420
Set 1,Neg,target,52
Set 1,Neg,target,712
Set 1,Neg,target,916
Set 1,Neg,target,998
Set 1,Neg,target,579
Set 1,Neg,target,947
Set 1,Neg,target,933
Set 1,Neg,target,280
Set 1,Neg,target,813
Set 1,Neg,target,899
Set 1,Neg,target,26
Set 1,Neg,target,122
Set 1,Neg,target,717
Set 1,Neg,target,650
Set 1,Neg,target,124
Set 1,Neg,target,509
Set 1,Neg,target,624
Set 1,Neg,target,519
Set 1,Neg,target,394
Set 1,Neg,target,736
Set 1,Neg,target,810
Set 1,Neg,target,675
Set 1,Neg,target,379
Set 1,Neg,target,751
Set 1,Neg,target,539
Set 1,Neg,target,498
Set 1,Neg,target,999
Set 1,Neg,target,797
Set 1,Neg,target,635
Set 1,Neg,target,907
Set 1,Neg,target,709
Set 1,Neg,target,789
Set 1,Neg,target,998
Set 1,Neg,target,171
Set 1,Neg,target,993
Set 1,Neg,target,973
Set 1,Neg,target,146
Set 1,Neg,target,998
Set 1,Neg,target,725
Set 1,Neg,target,172
Set 1,Neg,target,57
Set 1,Neg,target,10
Set 1,Neg,target,549
Set 1,Neg,target,64
Set 1,Neg,target,189
Set 1,Neg,target,605
Set 1,Neg,target,61
Set 1,Neg,target,21
Set 1,Neg,target,414
Set 1,Neg,target,367
Set 1,Neg,target,878
Set 1,Neg,target,826
Set 1,Neg,target,582
Set 1,Neg,target,893
Set 1,Neg,target,210
Set 1,Neg,target,43
Set 1,Neg,target,724
Set 1,Neg,target,997
Set 1,Neg,target,859
Set 1,Neg,target,706
Set 1,Neg,target,408
Set 1,Neg,target,389
Set 1,Neg,target,593
Set 1,Neg,target,867
Set 1,Neg,target,767
Set 1,Neg,target,188
Set 1,Neg,target,622
Set 1,Neg,target,990
Set 1,Neg,target,625
Set 1,Neg,target,962
Set 1,Neg,decoy,73
Set 1,Neg,target,205
Set 1,Neg,target,399
Set 1,Neg,target,269
Set 1,Neg,target,3
Set 1,Neg,target,740
Set 1,Neg,target,113
Set 1,Neg,target,668
Set 1,Neg,decoy,41
Set 1,Neg,target,478
Set 1,Neg,target,981
Set 1,Neg,target,76
Set 1,Neg,target,172
Set 1,Neg,target,130
Set 1,Neg,target,752
Set 1,Neg,target,127
Set 1,Neg,target,89
Set 1,Neg,target,703
Set 1,Neg,decoy,39
Set 1,Neg,target,16
Set 1,Neg,target,316
Set 1,Neg,target,770
Set 1,Neg,target,17
Set 1,Neg,target,63
Set 1,Neg,target,574
Set 1,Neg,target,175
Set 1,Neg,target,64
Set 1,Neg,target,779
Set 1,Neg,decoy,69
Set 1,Neg,target,145
Set 1,Neg,target,357
Set 1,Neg,target,780
Set 1,Neg,decoy,58
Set 1,Neg,target,15
Set 1,Neg,target,37
Set 1,Neg,target,796
Set 1,Neg,target,794
Set 1,Neg,target,35
Set 1,Neg,target,21
Set 1,Neg,decoy,46
Set 1,Neg,target,17
Set 1,Neg,target,822
Set 1,Neg,target,787
Set 1,Neg,target,773
Set 1,Neg,target,739
Set 1,Neg,target,757
Set 1,Neg,target,24
Set 1,Neg,target,29
Set 1,Neg,target,47
Set 1,Neg,target,791
Set 1,Neg,target,482
Set 1,Neg,target,92
Set 1,Neg,target,738
Set 1,Neg,target,34
Set 1,Neg,target,442
Set 1,Neg,target,692
Set 1,Neg,target,351
Set 1,Neg,decoy,21
Set 1,Neg,target,269
Set 1,Neg,target,62
Set 1,Neg,target,48
Set 1,Neg,target,142
Set 1,Neg,target,841
Set 1,Neg,target,187
Set 1,Neg,decoy,112
Set 1,Neg,target,646
Set 1,Neg,target,143
Set 1,Neg,target,123
Set 1,Neg,target,780
Set 1,Neg,target,96
Set 1,Neg,target,598
Set 1,Neg,target,133
Set 1,Neg,target,36
Set 1,Neg,target,60
Set 1,Neg,target,1
Set 1,Neg,target,172
Set 1,Neg,target,736
Set 1,Neg,target,93
Set 1,Neg,target,456
Set 1,Neg,target,6
Set 1,Neg,target,728
Set 1,Neg,target,40
Set 1,Neg,target,718
Set 1,Neg,target,812
Set 1,Neg,target,690
Set 1,Neg,target,410
Set 1,Neg,target,959
Set 1,Neg,target,848
Set 1,Neg,target,897
Set 1,Neg,target,902
Set 1,Neg,target,992
Set 1,Neg,target,997
Set 1,Neg,target,976
Set 1,Neg,target,41
Set 1,Neg,target,943
Set 1,Neg,target,998
Set 1,Neg,target,938
Set 1,Neg,target,147
Set 1,Neg,target,998
Set 1,Neg,target,972
Set 1,Neg,target,375
Set 1,Neg,target,215
Set 1,Neg,target,663
Set 1,Neg,target,506
Set 1,Neg,target,848
Set 1,Neg,target,297
Set 1,Neg,target,56
Set 1,Neg,target,866
Set 1,Neg,target,207
Set 1,Neg,target,266
Set 1,Neg,target,641
Set 1,Neg,target,595
Set 1,Neg,target,348
Set 1,Neg,target,26
Set 1,Neg,target,43
Set 1,Neg,target,769
Set 1,Neg,target,586
Set 1,Neg,target,963
Set 1,Neg,target,148
Set 1,Neg,target,156
Set 1,Neg,target,233
Set 1,Neg,target,987
Set 1,Neg,target,501
Set 1,Neg,target,862
Set 1,Neg,target,18
Set 1,Neg,target,702
Set 1,Neg,target,693
Set 1,Neg,target,732
Set 1,Neg,decoy,97
Set 1,Neg,target,370
Set 1,Neg,target,442
Set 1,Neg,decoy,128
Set 1,Neg,target,335
Set 1,Neg,target,640
Set 1,Neg,target,868
Set 1,Neg,target,806
Set 1,Neg,target,538
Set 1,Neg,target,882
Set 1,Neg,target,64
Set 1,Neg,target,937
Set 1,Neg,target,93
Set 1,Neg,target,12
Set 1,Neg,target,544
Set 1,Neg,target,653
Set 1,Neg,decoy,43
Set 1,Neg,target,704
Set 1,Neg,target,909
Set 1,Neg,target,959
Set 1,Neg,target,938
Set 1,Neg,target,826
Set 1,Neg,target,879
Set 1,Neg,target,677
Set 1,Neg,target,864
Set 1,Neg,target,153
Set 1,Neg,target,788
Set 1,Neg,target,999
Set 1,Neg,target,935
Set 1,Neg,target,885
Set 1,Neg,target,832
Set 1,Neg,target,514
Set 1,Neg,target,263
Set 1,Neg,target,993
Set 1,Neg,target,953
Set 1,Neg,target,998
Set 1,Neg,target,895
Set 1,Neg,target,992
Set 1,Neg,target,1
Set 1,Neg,target,2
Set 1,Neg,target,977
Set 1,Neg,target,959
Set 1,Neg,target,2
Set 1,Neg,target,564
Set 1,Neg,target,676
Set 1,Neg,target,804
Set 1,Neg,target,896
Set 1,Neg,target,856
Set 1,Neg,target,479
Set 1,Neg,target,985
Set 1,Neg,target,953
Set 1,Neg,target,146
Set 1,Neg,target,461
Set 1,Neg,target,992
Set 1,Neg,target,867
Set 1,Neg,target,735
Set 1,Neg,target,842
Set 1,Neg,target,823
Set 1,Neg,target,344
Set 1,Neg,target,690
Set 1,Neg,target,311
Set 1,Neg,target,467
Set 1,Neg,target,838
Set 1,Neg,target,855
Set 1,Neg,target,538
Set 1,Neg,decoy,161
Set 1,Neg,target,986
Set 1,Neg,target,908
Set 1,Neg,target,958
Set 1,Neg,target,707
Set 1,Neg,target,690
Set 1,Neg,target,955
Set 1,Neg,target,995
Set 1,Neg,target,631
Set 1,Neg,target,388
Set 1,Neg,target,662
Set 1,Neg,target,772
Set 1,Neg,target,591
Set 1,Neg,target,659
Set 1,Neg,target,836
Set 1,Neg,target,657
Set 1,Neg,target,989
Set 1,Neg,target,968
Set 1,Neg,target,835
Set 1,Neg,target,779
Set 1,Neg,target,615
Set 1,Neg,target,693
Set 1,Neg,target,464
Set 1,Neg,target,721
Set 1,Neg,target,799
Set 1,Neg,target,74
Set 1,Neg,target,942
Set 1,Neg,target,716
Set 1,Neg,target,886
Set 1,Neg,target,553
Set 1,Neg,target,373
Set 1,Neg,target,155
Set 1,Neg,target,941
Set 1,Neg,target,91
Set 1,Neg,target,895
Set 1,Neg,target,346
Set 1,Neg,target,52
Set 1,Neg,target,999
Set 1,Neg,target,727
Set 1,Neg,target,917
Set 1,Neg,target,685
Set 1,Neg,target,99
Set 1,Neg,target,7
Set 1,Neg,target,709
Set 1,Neg,target,493
Set 1,Neg,target,885
Set 1,Neg,target,502
Set 1,Neg,target,974
Set 1,Neg,target,865
Set 1,Neg,target,926
Set 1,Neg,target,973
Set 1,Neg,target,142
Set 1,Neg,target,922
Set 1,Neg,target,996
Set 1,Neg,target,997
Set 1,Neg,target,775
Set 1,Neg,target,950
Set 1,Neg,target,896
Set 1,Neg,target,934
Set 1,Neg,target,544
Set 1,Neg,target,478
Set 1,Neg,target,727
Set 1,Neg,target,835
Set 1,Neg,target,925
Set 1,Neg,target,886
Set 1,Neg,decoy,956
Set 1,Neg,target,649
Set 1,Neg,target,873
Set 1,Neg,target,422
Set 1,Neg,target,713
Set 1,Neg,target,916
Set 1,Neg,target,872
Set 1,Neg,target,3
Set 1,Neg,target,1
Set 1,Neg,target,598
Set 1,Neg,target,711
Set 1,Neg,target,727
Set 1,Neg,target,924
Set 1,Neg,target,926
Set 1,Neg,target,934
Set 1,Neg,target,687
Set 1,Neg,target,466
Set 1,Neg,target,500
Set 1,Neg,target,995
Set 1,Neg,target,665
Set 1,Neg,target,822
Set 1,Neg,target,360
Set 1,Neg,decoy,51
Set 1,Neg,target,998
Set 1,Neg,target,224
Set 1,Neg,target,764
Set 1,Neg,target,757
Set 1,Neg,target,975
Set 1,Neg,target,496
Set 1,Neg,target,914
Set 1,Neg,target,914
Set 1,Neg,target,747
Set 1,Neg,target,943
Set 1,Neg,target,229
Set 1,Neg,target,686
Set 1,Neg,target,722
Set 1,Neg,target,49
Set 1,Neg,target,784
Set 1,Neg,target,718
Set 1,Neg,target,894
Set 1,Neg,target,450
Set 1,Neg,target,576
Set 1,Neg,target,654
Set 1,Neg,target,662
Set 1,Neg,target,759
Set 1,Neg,target,761
Set 1,Neg,target,696
Set 1,Neg,target,553
Set 1,Neg,target,354
Set 1,Neg,target,10
Set 1,Neg,target,874
Set 1,Neg,target,320
Set 1,Neg,target,371
Set 1,Neg,target,957
Set 1,Neg,target,676
Set 1,Neg,target,970
Set 1,Neg,target,601
Set 1,Neg,target,553
Set 1,Neg,target,945
Set 1,Neg,target,308
Set 1,Neg,target,767
Set 1,Neg,target,474
Set 1,Neg,target,660
Set 1,Neg,target,10
Set 1,Neg,target,719
Set 1,Neg,target,998
Set 1,Neg,target,571
Set 1,Neg,target,698
Set 1,Neg,target,608
Set 1,Neg,target,601
Set 1,Neg,target,485
Set 1,Neg,target,81
Set 1,Neg,target,998
Set 1,Neg,target,619
Set 1,Neg,target,997
Set 1,Neg,target,685
Set 1,Neg,target,626
Set 1,Neg,target,960
Set 1,Neg,target,999
Set 1,Neg,target,888
Set 1,Neg,target,919
Set 1,Neg,target,2
Set 1,Neg,target,256
Set 1,Neg,target,614
Set 1,Neg,target,742
Set 1,Neg,target,152
Set 1,Neg,target,346
Set 1,Neg,target,724
Set 1,Neg,target,729
Set 1,Neg,target,429
Set 1,Neg,target,469
Set 1,Neg,target,621
Set 1,Neg,target,670
Set 1,Neg,target,189
Set 1,Neg,target,80
Set 1,Neg,target,411
Set 1,Neg,target,822
Set 1,Neg,target,567
Set 1,Neg,target,810
Set 1,Neg,target,736
Set 1,Neg,target,622
Set 1,Neg,target,701
Set 1,Neg,target,799
Set 1,Neg,target,995
Set 1,Neg,target,475
Set 1,Neg,target,84
Set 1,Neg,target,998
Set 1,Neg,target,274
Set 1,Neg,target,452
Set 1,Neg,target,561
Set 1,Neg,target,998
Set 1,Neg,target,996
Set 1,Neg,target,126
Set 1,Neg,target,206
Set 1,Neg,target,696
Set 1,Neg,target,854
Set 1,Neg,target,963
Set 1,Neg,target,49
Set 1,Neg,target,502
Set 1,Neg,target,726
Set 1,Neg,target,45
Set 1,Neg,target,759
Set 1,Neg,target,669
Set 1,Neg,target,628
Set 1,Neg,target,796
Set 1,Neg,target,30
Set 1,Neg,target,889
Set 1,Neg,target,610
Set 1,Neg,target,49
Set 1,Neg,target,817
Set 1,Neg,target,832
Set 1,Neg,target,52
Set 1,Neg,target,166
Set 1,Neg,target,998
Set 1,Neg,target,986
Set 1,Neg,target,75
Set 1,Neg,target,938
Set 1,Neg,target,433
Set 1,Neg,target,543
Set 1,Neg,target,611
Set 1,Neg,target,829
Set 1,Neg,target,745
Set 1,Neg,target,56
Set 1,Neg,target,167
Set 1,Neg,target,63
Set 1,Neg,target,683
Set 1,Neg,target,987
Set 1,Neg,target,652
Set 1,Neg,target,121
Set 1,Neg,target,488
Set 1,Neg,target,148
Set 1,Neg,target,272
Set 1,Neg,target,346
Set 1,Neg,target,800
Set 1,Neg,target,927
Set 1,Neg,target,364
Set 1,Neg,target,227
Set 1,Neg,target,32
Set 1,Neg,target,255
Set 1,Neg,target,765
Set 1,Neg,target,347
Set 1,Neg,target,138
Set 1,Neg,target,74
Set 1,Neg,target,262
Set 1,Neg,target,114
Set 1,Neg,target,807
Set 1,Neg,target,961
Set 1,Neg,target,399
Set 1,Neg,target,156
Set 1,Neg,target,22
Set 1,Neg,target,60
Set 1,Neg,target,134
Set 1,Neg,target,364
Set 1,Neg,target,812
Set 1,Neg,target,75
Set 1,Neg,target,754
Set 1,Neg,target,895
Set 1,Neg,target,492
Set 1,Neg,target,65
Set 1,Neg,decoy,100
Set 1,Neg,target,357
Set 1,Neg,target,807
Set 1,Neg,target,395
Set 1,Neg,target,73
Set 1,Neg,target,757
Set 1,Neg,target,65
Set 1,Neg,target,43
Set 1,Neg,decoy,58
Set 1,Neg,target,843
Set 1,Neg,target,8
Set 1,Neg,target,73
Set 1,Neg,decoy,40
Set 1,Neg,target,776
Set 1,Neg,target,34
Set 1,Neg,target,11
Set 1,Neg,target,7
Set 1,Neg,decoy,25
Set 1,Neg,target,522
Set 1,Neg,target,34
Set 1,Neg,target,716
Set 1,Neg,decoy,12
Set 1,Neg,target,784
Set 1,Neg,target,108
Set 1,Neg,target,321
Set 1,Neg,decoy,24
Set 1,Neg,target,728
Set 1,Neg,target,314
Set 1,Neg,target,138
Set 1,Neg,target,775
Set 1,Neg,decoy,66
Set 1,Neg,target,728
Set 1,Neg,target,17
Set 1,Neg,target,11
Set 1,Neg,decoy,30
Set 1,Neg,target,42
Set 1,Neg,target,731
Set 1,Neg,target,36
Set 1,Neg,target,271
Set 1,Neg,target,217
Set 1,Neg,decoy,40
Set 1,Neg,target,750
Set 1,Neg,target,771
Set 1,Neg,target,383
Set 1,Neg,target,178
Set 1,Neg,target,55
Set 1,Neg,target,68
Set 1,Neg,target,35
Set 1,Neg,target,91
Set 1,Neg,target,107
Set 1,Neg,target,810
Set 1,Neg,target,69
Set 1,Neg,target,182
Set 1,Neg,target,115
Set 1,Neg,decoy,102
Set 1,Neg,target,345
Set 1,Neg,target,149
Set 1,Neg,target,575
Set 1,Neg,target,459
Set 1,Neg,target,22
Set 1,Neg,target,40
Set 1,Neg,target,34
Set 1,Neg,target,81
Set 1,Neg,target,852
Set 1,Neg,target,573
Set 1,Neg,target,590
Set 1,Neg,target,732
Set 1,Neg,target,609
Set 1,Neg,target,347
Set 1,Neg,target,851
Set 1,Neg,target,897
Set 1,Neg,target,945
Set 1,Neg,target,985
Set 1,Neg,target,926
Set 1,Neg,target,39
Set 1,Neg,target,977
Set 1,Neg,target,127
Set 1,Neg,target,898
Set 1,Neg,target,369
Set 1,Neg,target,139
Set 1,Neg,target,272
Set 1,Neg,target,292
Set 1,Neg,target,582
Set 1,Neg,target,362
Set 1,Neg,target,505
Set 1,Neg,target,341
Set 1,Neg,target,790
Set 1,Neg,target,1
Set 1,Neg,target,82
Set 1,Neg,target,34
Set 1,Neg,target,786
Set 1,Neg,target,580
Set 1,Neg,target,194
Set 1,Neg,target,388
Set 1,Neg,target,298
Set 1,Neg,target,767
Set 1,Neg,target,89
Set 1,Neg,target,935
Set 1,Neg,target,664
Set 1,Neg,target,847
Set 1,Neg,target,349
Set 1,Neg,target,306
Set 1,Neg,target,931
Set 1,Neg,target,910
Set 1,Neg,target,942
Set 1,Neg,target,925
Set 1,Neg,target,805
Set 1,Neg,target,498
Set 1,Neg,target,901
Set 1,Neg,decoy,43
Set 1,Neg,target,893
Set 1,Neg,target,74
Set 1,Neg,decoy,72
Set 1,Neg,target,311
Set 1,Neg,target,917
Set 1,Neg,target,399
Set 1,Neg,target,930
Set 1,Neg,target,944
Set 1,Neg,target,122
Set 1,Neg,target,13
Set 1,Neg,target,67
Set 1,Neg,target,800
Set 1,Neg,target,934
Set 1,Neg,decoy,96
Set 1,Neg,target,632
Set 1,Neg,target,916
Set 1,Neg,target,750
Set 1,Neg,target,997
Set 1,Neg,target,934
Set 1,Neg,target,994
Set 1,Neg,target,918
Set 1,Neg,target,991
Set 1,Neg,target,837
Set 1,Neg,target,9
Set 1,Neg,target,638
Set 1,Neg,target,975
Set 1,Neg,target,938
Set 1,Neg,target,844
Set 1,Neg,target,285
Set 1,Neg,target,608
Set 1,Neg,target,940
Set 1,Neg,target,980
Set 1,Neg,target,474
Set 1,Neg,target,949
Set 1,Neg,target,475
Set 1,Neg,target,931
Set 1,Neg,target,916
Set 1,Neg,target,754
Set 1,Neg,target,543
Set 1,Neg,target,679
Set 1,Neg,target,66
Set 1,Neg,target,863
Set 1,Neg,target,589
Set 1,Neg,target,927
Set 1,Neg,target,232
Set 1,Neg,target,490
Set 1,Neg,target,821
Set 1,Neg,target,961
Set 1,Neg,target,876
Set 1,Neg,decoy,175
Set 1,Neg,target,994
Set 1,Neg,target,882
Set 1,Neg,target,129
Set 1,Neg,target,626
Set 1,Neg,target,583
Set 1,Neg,target,348
Set 1,Neg,target,114
Set 1,Neg,target,956
Set 1,Neg,target,949
Set 1,Neg,target,824
Set 1,Neg,target,960
Set 1,Neg,target,555
Set 1,Neg,target,498
Set 1,Neg,target,974
Set 1,Neg,target,813
Set 1,Neg,target,720
Set 1,Neg,target,456
Set 1,Neg,target,906
Set 1,Neg,target,968
Set 1,Neg,target,994
Set 1,Neg,target,652
Set 1,Neg,target,830
Set 1,Neg,target,870
Set 1,Neg,target,727
Set 1,Neg,target,72
Set 1,Neg,target,324
Set 1,Neg,target,805
Set 1,Neg,target,755
Set 1,Neg,target,6
Set 1,Neg,target,672
Set 1,Neg,target,663
Set 1,Neg,target,442
Set 1,Neg,target,891
Set 1,Neg,target,251
Set 1,Neg,target,999
Set 1,Neg,target,794
Set 1,Neg,target,682
Set 1,Neg,target,669
Set 1,Neg,target,990
Set 1,Neg,target,937
Set 1,Neg,target,807
Set 1,Neg,target,792
Set 1,Neg,target,827
Set 1,Neg,target,19
Set 1,Neg,target,975
Set 1,Neg,target,633
Set 1,Neg,target,818
Set 1,Neg,target,707
Set 1,Neg,target,824
Set 1,Neg,target,904
Set 1,Neg,target,121
Set 1,Neg,target,997
Set 1,Neg,target,919
Set 1,Neg,target,901
Set 1,Neg,target,684
Set 1,Neg,target,844
Set 1,Neg,target,867
Set 1,Neg,decoy,217
Set 1,Neg,target,750
Set 1,Neg,target,857
Set 1,Neg,target,935
Set 1,Neg,target,818
Set 1,Neg,target,795
Set 1,Neg,decoy,960
Set 1,Neg,target,813
Set 1,Neg,decoy,70
Set 1,Neg,target,807
Set 1,Neg,target,382
Set 1,Neg,target,863
Set 1,Neg,target,641
Set 1,Neg,target,896
Set 1,Neg,target,900
Set 1,Neg,target,50
Set 1,Neg,target,297
Set 1,Neg,target,947
Set 1,Neg,target,660
Set 1,Neg,target,997
Set 1,Neg,target,35
Set 1,Neg,target,792
Set 1,Neg,decoy,36
Set 1,Neg,target,363
Set 1,Neg,target,997
Set 1,Neg,target,997
Set 1,Neg,target,299
Set 1,Neg,target,553
Set 1,Neg,target,925
Set 1,Neg,target,895
Set 1,Neg,target,948
Set 1,Neg,target,726
Set 1,Neg,target,773
Set 1,Neg,target,698
Set 1,Neg,target,56
Set 1,Neg,target,622
Set 1,Neg,target,867
Set 1,Neg,target,812
Set 1,Neg,target,740
Set 1,Neg,target,879
Set 1,Neg,target,924
Set 1,Neg,target,565
Set 1,Neg,decoy,380
Set 1,Neg,target,896
Set 1,Neg,target,5
Set 1,Neg,target,718
Set 1,Neg,target,688
Set 1,Neg,target,764
Set 1,Neg,target,583
Set 1,Neg,target,696
Set 1,Neg,target,750
Set 1,Neg,target,997
Set 1,Neg,target,649
Set 1,Neg,target,851
Set 1,Neg,target,779
Set 1,Neg,target,6
Set 1,Neg,target,297
Set 1,Neg,target,580
Set 1,Neg,target,663
Set 1,Neg,target,912
Set 1,Neg,target,541
Set 1,Neg,target,555
Set 1,Neg,target,951
Set 1,Neg,target,558
Set 1,Neg,target,31
Set 1,Neg,target,998
Set 1,Neg,target,752
Set 1,Neg,target,150
Set 1,Neg,target,277
Set 1,Neg,target,659
Set 1,Neg,target,235
Set 1,Neg,target,998
Set 1,Neg,target,822
Set 1,Neg,target,89
Set 1,Neg,target,760
Set 1,Neg,target,654
Set 1,Neg,target,999
Set 1,Neg,target,223
Set 1,Neg,target,673
Set 1,Neg,target,998
Set 1,Neg,target,731
Set 1,Neg,target,22
Set 1,Neg,target,376
Set 1,Neg,target,759
Set 1,Neg,target,917
Set 1,Neg,target,807
Set 1,Neg,target,73
Set 1,Neg,target,248
Set 1,Neg,target,378
Set 1,Neg,target,39
Set 1,Neg,target,416
Set 1,Neg,target,625
Set 1,Neg,target,152
Set 1,Neg,target,816
Set 1,Neg,target,829
Set 1,Neg,target,781
Set 1,Neg,target,477
Set 1,Neg,target,83
Set 1,Neg,target,520
Set 1,Neg,target,577
Set 1,Neg,target,50
Set 1,Neg,target,34
Set 1,Neg,target,988
Set 1,Neg,target,151
Set 1,Neg,target,998
Set 1,Neg,target,544
Set 1,Neg,target,997
Set 1,Neg,target,640
Set 1,Neg,target,999
Set 1,Neg,target,732
Set 1,Neg,target,429
Set 1,Neg,target,770
Set 1,Neg,target,428
Set 1,Neg,target,16
Set 1,Neg,target,9
Set 1,Neg,target,457
Set 1,Neg,target,710
Set 1,Neg,target,533
Set 1,Neg,target,423
Set 1,Neg,target,262
Set 1,Neg,target,371
Set 1,Neg,target,720
Set 1,Neg,target,866
Set 1,Neg,target,702
Set 1,Neg,target,16
Set 1,Neg,target,999
Set 1,Neg,target,433
Set 1,Neg,target,979
Set 1,Neg,target,627
Set 1,Neg,target,931
Set 1,Neg,target,820
Set 1,Neg,target,580
Set 1,Neg,target,510
Set 1,Neg,target,417
Set 1,Neg,target,367
Set 1,Neg,target,883
Set 1,Neg,decoy,46
Set 1,Neg,target,980
Set 1,Neg,target,78
Set 1,Neg,target,774
Set 1,Neg,target,129
Set 1,Neg,target,36
Set 1,Neg,target,612
Set 1,Neg,target,422
Set 1,Neg,target,83
Set 1,Neg,target,793
Set 1,Neg,target,234
Set 1,Neg,target,162
Set 1,Neg,target,154
Set 1,Neg,target,948
Set 1,Neg,target,792
Set 1,Neg,target,119
Set 1,Neg,target,38
Set 1,Neg,target,697
Set 1,Neg,target,76
Set 1,Neg,target,759
Set 1,Neg,target,797
Set 1,Neg,target,666
Set 1,Neg,target,712
Set 1,Neg,target,714
Set 1,Neg,target,736
Set 1,Neg,target,756
Set 1,Neg,target,614
Set 1,Neg,target,766
Set 1,Neg,target,683
Set 1,Neg,target,73
Set 1,Neg,target,748
Set 1,Neg,target,790
Set 1,Neg,target,84
Set 1,Neg,target,411
Set 1,Neg,target,40
Set 1,Neg,target,794
Set 1,Neg,target,243
Set 1,Neg,target,656
Set 1,Neg,decoy,1
Set 1,Neg,target,261
Set 1,Neg,decoy,110
Set 1,Neg,target,304
Set 1,Neg,target,61
Set 1,Neg,target,190
Set 1,Neg,target,781
Set 1,Neg,target,110
Set 1,Neg,target,791
Set 1,Neg,target,681
Set 1,Neg,target,759
Set 1,Neg,target,644
Set 1,Neg,target,741
Set 1,Neg,target,882
Set 1,Neg,target,918
Set 1,Neg,target,945
Set 1,Neg,target,996
Set 1,Neg,target,882
Set 1,Neg,target,959
Set 1,Neg,target,322
Set 1,Neg,target,881
Set 1,Neg,target,79
Set 1,Neg,target,971
Set 1,Neg,target,159
Set 1,Neg,target,894
Set 1,Neg,target,654
Set 1,Neg,target,758
Set 1,Neg,target,797
Set 1,Neg,target,484
Set 1,Neg,target,611
Set 1,Neg,target,216
Set 1,Neg,target,204
Set 1,Neg,target,603
Set 1,Neg,target,457
Set 1,Neg,target,418
Set 1,Neg,target,475
Set 1,Neg,target,747
Set 1,Neg,target,978
Set 1,Neg,target,814
Set 1,Neg,target,116
Set 1,Neg,target,936
Set 1,Neg,target,559
Set 1,Neg,target,851
Set 1,Neg,target,190
Set 1,Neg,target,721
Set 1,Neg,target,658
Set 1,Neg,target,936
Set 1,Neg,target,948
Set 1,Neg,target,739
Set 1,Neg,target,821
Set 1,Neg,target,51
Set 1,Neg,target,880
Set 1,Neg,target,643
Set 1,Neg,decoy,48
Set 1,Neg,target,917
Set 1,Neg,target,29
Set 1,Neg,target,4
Set 1,Neg,target,17
Set 1,Neg,target,869
Set 1,Neg,target,262
Set 1,Neg,target,403
Set 1,Neg,target,596
Set 1,Neg,target,815
Set 1,Neg,target,898
Set 1,Neg,target,932
Set 1,Neg,target,854
Set 1,Neg,target,136
Set 1,Neg,target,937
Set 1,Neg,target,920
Set 1,Neg,target,787
Set 1,Neg,target,906
Set 1,Neg,target,997
Set 1,Neg,target,990
Set 1,Neg,target,953
Set 1,Neg,target,975
Set 1,Neg,target,992
Set 1,Neg,target,965
Set 1,Neg,target,1
Set 1,Neg,target,655
Set 1,Neg,target,582
Set 1,Neg,target,987
Set 1,Neg,target,116
Set 1,Neg,target,972
Set 1,Neg,target,580
Set 1,Neg,target,903
Set 1,Neg,target,725
Set 1,Neg,target,967
Set 1,Neg,target,149
Set 1,Neg,target,725
Set 1,Neg,target,983
Set 1,Neg,target,937
Set 1,Neg,target,577
Set 1,Neg,target,877
Set 1,Neg,target,877
Set 1,Neg,target,660
Set 1,Neg,target,436
Set 1,Neg,target,699
Set 1,Neg,target,992
Set 1,Neg,target,834
Set 1,Neg,target,268
Set 1,Neg,target,75
Set 1,Neg,target,669
Set 1,Neg,target,648
Set 1,Neg,target,943
Set 1,Neg,target,947
Set 1,Neg,target,814
Set 1,Neg,target,960
Set 1,Neg,target,863
Set 1,Neg,target,501
Set 1,Neg,target,772
Set 1,Neg,target,602
Set 1,Neg,target,118
Set 1,Neg,target,967
Set 1,Neg,target,309
Set 1,Neg,target,833
Set 1,Neg,target,963
Set 1,Neg,target,445
Set 1,Neg,target,997
Set 1,Neg,target,943
Set 1,Neg,target,36
Set 1,Neg,target,771
Set 1,Neg,target,897
Set 1,Neg,target,878
Set 1,Neg,target,996
Set 1,Neg,target,693
Set 1,Neg,target,425
Set 1,Neg,target,831
Set 1,Neg,target,852
Set 1,Neg,target,344
Set 1,Neg,target,869
Set 1,Neg,target,710
Set 1,Neg,target,73
Set 1,Neg,target,751
Set 1,Neg,target,184
Set 1,Neg,target,764
Set 1,Neg,target,822
Set 1,Neg,target,636
Set 1,Neg,target,842
Set 1,Neg,target,999
Set 1,Neg,target,53
Set 1,Neg,target,741
Set 1,Neg,target,713
Set 1,Neg,target,705
Set 1,Neg,target,741
Set 1,Neg,target,987
Set 1,Neg,target,9
Set 1,Neg,target,955
Set 1,Neg,target,839
Set 1,Neg,target,446
Set 1,Neg,target,975
Set 1,Neg,target,684
Set 1,Neg,target,705
Set 1,Neg,target,654
Set 1,Neg,target,847
Set 1,Neg,target,997
Set 1,Neg,target,850
Set 1,Neg,target,811
Set 1,Neg,target,935
Set 1,Neg,target,818
Set 1,Neg,target,238
Set 1,Neg,decoy,938
Set 1,Neg,decoy,199
Set 1,Neg,target,973
Set 1,Neg,target,809
Set 1,Neg,target,926
Set 1,Neg,target,789
Set 1,Neg,target,797
Set 1,Neg,target,549
Set 1,Neg,target,830
Set 1,Neg,target,765
Set 1,Neg,target,911
Set 1,Neg,target,3
Set 1,Neg,target,718
Set 1,Neg,target,781
Set 1,Neg,target,22
Set 1,Neg,target,912
Set 1,Neg,target,930
Set 1,Neg,target,203
Set 1,Neg,target,392
Set 1,Neg,target,997
Set 1,Neg,target,712
Set 1,Neg,target,998
Set 1,Neg,decoy,59
Set 1,Neg,target,343
Set 1,Neg,target,756
Set 1,Neg,target,998
Set 1,Neg,target,611
Set 1,Neg,target,555
Set 1,Neg,target,450
Set 1,Neg,target,576
Set 1,Neg,target,917
Set 1,Neg,target,884
Set 1,Neg,target,99
Set 1,Neg,target,740
Set 1,Neg,target,851
Set 1,Neg,target,718
Set 1,Neg,target,704
Set 1,Neg,target,34
Set 1,Neg,target,777
Set 1,Neg,target,748
Set 1,Neg,target,844
Set 1,Neg,target,763
Set 1,Neg,target,880
Set 1,Neg,target,981
Set 1,Neg,target,638
Set 1,Neg,target,627
Set 1,Neg,target,944
Set 1,Neg,target,504
Set 1,Neg,target,764
Set 1,Neg,target,999
Set 1,Neg,target,674
Set 1,Neg,target,533
Set 1,Neg,target,30
Set 1,Neg,target,881
Set 1,Neg,target,766
Set 1,Neg,target,854
Set 1,Neg,target,169
Set 1,Neg,target,850
Set 1,Neg,target,933
Set 1,Neg,decoy,2
Set 1,Neg,target,577
Set 1,Neg,decoy,12
Set 1,Neg,target,347
Set 1,Neg,target,841
Set 1,Neg,target,529
Set 1,Neg,target,227
Set 1,Neg,target,999
Set 1,Neg,target,231
Set 1,Neg,target,424
Set 1,Neg,target,491
Set 1,Neg,target,998
Set 1,Neg,target,663
Set 1,Neg,target,764
Set 1,Neg,target,112
Set 1,Neg,target,676
Set 1,Neg,target,746
Set 1,Neg,target,588
Set 1,Neg,target,125
Set 1,Neg,target,999
Set 1,Neg,target,999
Set 1,Neg,target,773
Set 1,Neg,target,106
Set 1,Neg,target,58
Set 1,Neg,target,992
Set 1,Neg,target,367
Set 1,Neg,target,753
Set 1,Neg,target,706
Set 1,Neg,target,559
Set 1,Neg,target,117
Set 1,Neg,target,97
Set 1,Neg,target,540
Set 1,Neg,target,825
Set 1,Neg,target,839
Set 1,Neg,target,515
Set 1,Neg,target,737
Set 1,Neg,target,507
Set 1,Neg,target,593
Set 1,Neg,target,787
Set 1,Neg,target,211
Set 1,Neg,target,580
Set 1,Neg,target,998
Set 1,Neg,target,434
Set 1,Neg,target,144
Set 1,Neg,target,17
Set 1,Neg,target,231
Set 1,Neg,target,999
Set 1,Neg,target,229
Set 1,Neg,target,995
Set 1,Neg,target,49
Set 1,Neg,target,41
Set 1,Neg,target,292
Set 1,Neg,target,632
Set 1,Neg,target,90
Set 1,Neg,target,996
Set 1,Neg,target,617
Set 1,Neg,target,427
Set 1,Neg,target,175
Set 1,Neg,target,662
Set 1,Neg,target,859
Set 1,Neg,target,455
Set 1,Neg,target,77
Set 1,Neg,target,793
Set 1,Neg,target,213
Set 1,Neg,target,997
Set 1,Neg,target,175
Set 1,Neg,target,954
Set 1,Neg,target,3
Set 1,Neg,target,739
Set 1,Neg,target,94
Set 1,Neg,target,138
Set 1,Neg,target,778
Set 1,Neg,target,255
Set 1,Neg,target,986
Set 1,Neg,target,45
Set 1,Neg,target,12
Set 1,Neg,target,261
Set 1,Neg,target,990
Set 1,Neg,target,822
Set 1,Neg,target,166
Set 1,Neg,target,72
Set 1,Neg,target,752
Set 1,Neg,target,865
Set 1,Neg,target,748
Set 1,Neg,target,709
Set 1,Neg,target,747
Set 1,Neg,target,775
Set 1,Neg,target,702
Set 1,Neg,target,770
Set 1,Neg,target,690
Set 1,Neg,target,761
Set 1,Neg,target,682
Set 1,Neg,target,826
Set 1,Neg,target,746
Set 1,Neg,target,73
Set 1,Neg,target,718
Set 1,Neg,target,86
Set 1,Neg,target,122
Set 1,Neg,decoy,12
Set 1,Neg,target,109
Set 1,Neg,target,39
Set 1,Neg,target,57
Set 1,Neg,target,86
Set 1,Neg,target,826
Set 1,Neg,target,242
Set 1,Neg,target,645
Set 1,Neg,target,615
Set 1,Neg,target,409
Set 1,Neg,target,210
Set 1,Neg,target,76
Set 1,Neg,decoy,145
Set 1,Neg,target,20
Set 1,Neg,target,78
Set 1,Neg,target,632
Set 1,Neg,target,70
Set 1,Neg,target,442
Set 1,Neg,target,608
Set 1,Neg,target,417
Set 1,Neg,target,895
Set 1,Neg,target,912
Set 1,Neg,target,918
Set 1,Neg,target,938
Set 1,Neg,target,989
Set 1,Neg,target,124
Set 1,Neg,target,868
Set 1,Neg,target,964
Set 1,Neg,target,421
Set 1,Neg,target,732
Set 1,Neg,target,166
Set 1,Neg,target,804
Set 1,Neg,target,95
Set 1,Neg,target,741
Set 1,Neg,target,70
Set 1,Neg,target,402
Set 1,Neg,target,902
Set 1,Neg,target,558
Set 1,Neg,target,771
Set 1,Neg,target,619
Set 1,Neg,target,397
Set 1,Neg,target,326
Set 1,Neg,target,717
Set 1,Neg,target,470
Set 1,Neg,target,527
Set 1,Neg,target,168
Set 1,Neg,target,572
Set 1,Neg,target,135
Set 1,Neg,target,837
Set 1,Neg,target,982
Set 1,Neg,target,9
Set 1,Neg,target,37
Set 1,Neg,target,785
Set 1,Neg,target,933
Set 1,Neg,target,372
Set 1,Neg,target,938
Set 1,Neg,target,644
Set 1,Neg,target,933
Set 1,Neg,target,813
Set 1,Neg,target,896
Set 1,Neg,target,800
Set 1,Neg,target,180
Set 1,Neg,target,645
Set 1,Neg,target,888
Set 1,Neg,target,926
Set 1,Neg,decoy,129
Set 1,Neg,target,65
Set 1,Neg,target,386
Set 1,Neg,target,764
Set 1,Neg,target,17
Set 1,Neg,target,638
Set 1,Neg,target,659
Set 1,Neg,target,397
Set 1,Neg,target,918
Set 1,Neg,target,796
Set 1,Neg,target,363
Set 1,Neg,target,903
Set 1,Neg,target,560
Set 1,Neg,target,833
Set 1,Neg,target,931
Set 1,Neg,target,848
Set 1,Neg,target,143
Set 1,Neg,target,887
Set 1,Neg,target,441
Set 1,Neg,target,826
Set 1,Neg,target,996
Set 1,Neg,target,996
Set 1,Neg,target,859
Set 1,Neg,target,994
Set 1,Neg,target,942
Set 1,Neg,target,137
Set 1,Neg,target,586
Set 1,Neg,target,527
Set 1,Neg,target,961
Set 1,Neg,target,788
Set 1,Neg,target,863
Set 1,Neg,target,937
Set 1,Neg,target,567
Set 1,Neg,target,308
Set 1,Neg,target,973
Set 1,Neg,target,6
Set 1,Neg,target,461
Set 1,Neg,decoy,70
Set 1,Neg,target,931
Set 1,Neg,target,37
Set 1,Neg,target,378
Set 1,Neg,target,865
Set 1,Neg,target,795
Set 1,Neg,target,759
Set 1,Neg,target,994
Set 1,Neg,target,687
Set 1,Neg,target,902
Set 1,Neg,target,310
Set 1,Neg,target,720
Set 1,Neg,target,940
Set 1,Neg,target,952
Set 1,Neg,target,843
Set 1,Neg,target,492
Set 1,Neg,target,830
Set 1,Neg,target,941
Set 1,Neg,target,888
Set 1,Neg,target,32
Set 1,Neg,target,685
Set 1,Neg,target,638
Set 1,Neg,target,139
Set 1,Neg,target,948
Set 1,Neg,target,883
Set 1,Neg,target,958
Set 1,Neg,target,961
Set 1,Neg,target,683
Set 1,Neg,target,840
Set 1,Neg,target,898
Set 1,Neg,target,739
Set 1,Neg,target,985
Set 1,Neg,target,828
Set 1,Neg,target,992
Set 1,Neg,target,546
Set 1,Neg,target,664
Set 1,Neg,target,995
Set 1,Neg,target,400
Set 1,Neg,target,881
Set 1,Neg,target,751
Set 1,Neg,target,970
Set 1,Neg,target,827
Set 1,Neg,target,868
Set 1,Neg,target,889
Set 1,Neg,target,415
Set 1,Neg,target,718
Set 1,Neg,target,839
Set 1,Neg,target,84
Set 1,Neg,target,819
Set 1,Neg,target,728
Set 1,Neg,target,569
Set 1,Neg,target,567
Set 1,Neg,target,28
Set 1,Neg,decoy,57
Set 1,Neg,target,937
Set 1,Neg,target,925
Set 1,Neg,target,999
Set 1,Neg,target,3
Set 1,Neg,target,8
Set 1,Neg,target,489
Set 1,Neg,target,544
Set 1,Neg,target,975
Set 1,Neg,target,959
Set 1,Neg,target,683
Set 1,Neg,target,704
Set 1,Neg,target,596
Set 1,Neg,target,111
Set 1,Neg,target,778
Set 1,Neg,target,998
Set 1,Neg,target,872
Set 1,Neg,target,703
Set 1,Neg,target,897
Set 1,Neg,target,212
Set 1,Neg,decoy,230
Set 1,Neg,target,850
Set 1,Neg,target,943
Set 1,Neg,target,734
Set 1,Neg,target,821
Set 1,Neg,target,630
Set 1,Neg,target,797
Set 1,Neg,decoy,957
Set 1,Neg,target,565
Set 1,Neg,target,900
Set 1,Neg,target,433
Set 1,Neg,target,875
Set 1,Neg,target,743
Set 1,Neg,target,593
Set 1,Neg,target,906
Set 1,Neg,target,850
Set 1,Neg,target,53
Set 1,Neg,target,938
Set 1,Neg,target,553
Set 1,Neg,target,739
Set 1,Neg,target,756
Set 1,Neg,target,996
Set 1,Neg,target,771
Set 1,Neg,decoy,56
Set 1,Neg,target,788
Set 1,Neg,target,729
Set 1,Neg,target,998
Set 1,Neg,target,999
Set 1,Neg,target,816
Set 1,Neg,target,592
Set 1,Neg,target,939
Set 1,Neg,target,948
Set 1,Neg,target,542
Set 1,Neg,target,930
Set 1,Neg,target,747
Set 1,Neg,target,616
Set 1,Neg,target,700
Set 1,Neg,target,240
Set 1,Neg,target,836
Set 1,Neg,target,909
Set 1,Neg,target,730
Set 1,Neg,target,903
Set 1,Neg,target,983
Set 1,Neg,target,664
Set 1,Neg,target,584
Set 1,Neg,target,633
Set 1,Neg,target,725
Set 1,Neg,target,650
Set 1,Neg,target,949
Set 1,Neg,target,764
Set 1,Neg,target,584
Set 1,Neg,target,999
Set 1,Neg,target,38
Set 1,Neg,target,698
Set 1,Neg,target,628
Set 1,Neg,target,2
Set 1,Neg,target,426
Set 1,Neg,target,339
Set 1,Neg,target,914
Set 1,Neg,target,745
Set 1,Neg,target,828
Set 1,Neg,target,969
Set 1,Neg,target,521
Set 1,Neg,target,780
Set 1,Neg,target,805
Set 1,Neg,target,65
Set 1,Neg,target,511
Set 1,Neg,target,999
Set 1,Neg,target,176
Set 1,Neg,target,81
Set 1,Neg,target,999
Set 1,Neg,target,124
Set 1,Neg,target,999
Set 1,Neg,target,935
Set 1,Neg,target,863
Set 1,Neg,target,998
Set 1,Neg,target,20
Set 1,Neg,target,709
Set 1,Neg,target,998
Set 1,Neg,target,636
Set 1,Neg,target,77
Set 1,Neg,target,916
Set 1,Neg,target,94
Set 1,Neg,target,833
Set 1,Neg,target,727
Set 1,Neg,target,477
Set 1,Neg,target,794
Set 1,Neg,target,445
Set 1,Neg,target,756
Set 1,Neg,target,667
Set 1,Neg,target,306
Set 1,Neg,target,146
Set 1,Neg,target,694
Set 1,Neg,target,832
Set 1,Neg,target,93
Set 1,Neg,target,681
Set 1,Neg,target,687
Set 1,Neg,target,344
Set 1,Neg,target,93
Set 1,Neg,target,13
Set 1,Neg,target,784
Set 1,Neg,target,41
Set 1,Neg,target,473
Set 1,Neg,target,993
Set 1,Neg,target,814
Set 1,Neg,target,722
Set 1,Neg,target,998
Set 1,Neg,target,73
Set 1,Neg,target,619
Set 1,Neg,target,80
Set 1,Neg,target,517
Set 1,Neg,target,996
Set 1,Neg,target,72
Set 1,Neg,target,690
Set 1,Neg,target,999
Set 1,Neg,target,629
Set 1,Neg,target,487
Set 1,Neg,target,894
Set 1,Neg,target,453
Set 1,Neg,target,83
Set 1,Neg,target,811
Set 1,Neg,target,581
Set 1,Neg,target,199
Set 1,Neg,target,739
Set 1,Neg,target,26
Set 1,Neg,target,479
Set 1,Neg,target,998
Set 1,Neg,target,419
Set 1,Neg,target,130
Set 1,Neg,target,60
Set 1,Neg,target,26
Set 1,Neg,target,821
Set 1,Neg,target,919
Set 1,Neg,target,785
Set 1,Neg,target,276
Set 1,Neg,target,701
Set 1,Neg,target,324
Set 1,Neg,target,833
Set 1,Neg,target,746
Set 1,Neg,target,453
Set 1,Neg,target,989
Set 1,Neg,target,5
Set 1,Neg,target,64
Set 1,Neg,target,634
Set 1,Neg,target,942
Set 1,Neg,target,116
Set 1,Neg,target,154
Set 1,Neg,target,798
Set 1,Neg,target,247
Set 1,Neg,target,144
Set 1,Neg,target,785
Set 1,Neg,target,133
Set 1,Neg,target,751
Set 1,Neg,target,53
Set 1,Neg,target,744
Set 1,Neg,target,540
Set 1,Neg,target,713
Set 1,Neg,target,531
Set 1,Neg,target,702
Set 1,Neg,target,607
Set 1,Neg,target,471
Set 1,Neg,target,614
Set 1,Neg,target,706
Set 1,Neg,target,80
Set 1,Neg,target,667
Set 1,Neg,decoy,27
Set 1,Neg,target,70
Set 1,Neg,target,133
Set 1,Neg,target,79
Set 1,Neg,target,121
Set 1,Neg,target,821
Set 1,Neg,decoy,100
Set 1,Neg,target,104
Set 1,Neg,target,174
Set 1,Neg,target,666
Set 1,Neg,decoy,29
Set 1,Neg,target,376
Set 1,Neg,target,278
Set 1,Neg,decoy,23
Set 1,Neg,target,73
Set 1,Neg,target,725
Set 1,Neg,decoy,37
Set 1,Neg,target,154
Set 1,Neg,target,697
Set 1,Neg,decoy,356
Set 1,Neg,target,734
Set 1,Neg,target,198
Set 1,Neg,target,634
Set 1,Neg,target,641
Set 1,Neg,target,235
Set 1,Neg,target,876
Set 1,Neg,target,903
Set 1,Neg,target,999
Set 1,Neg,target,316
Set 1,Neg,target,981
Set 1,Neg,target,901
Set 1,Neg,target,997
Set 1,Neg,target,948
Set 1,Neg,target,911
Set 1,Neg,target,100
Set 1,Neg,target,989
Set 1,Neg,target,83
Set 1,Neg,target,449
Set 1,Neg,target,257
Set 1,Neg,target,738
Set 1,Neg,target,67
Set 1,Neg,target,81
Set 1,Neg,target,47
Set 1,Neg,target,397
Set 1,Neg,target,173
Set 1,Neg,target,504
Set 1,Neg,target,271
Set 1,Neg,target,495
Set 1,Neg,target,762
Set 1,Neg,target,175
Set 1,Neg,target,906
Set 1,Neg,target,656
Set 1,Neg,target,521
Set 1,Neg,target,580
Set 1,Neg,target,168
Set 1,Neg,target,937
Set 1,Neg,target,374
Set 1,Neg,target,822
Set 1,Neg,target,909
Set 1,Neg,target,801
Set 1,Neg,target,848
Set 1,Neg,target,665
Set 1,Neg,target,924
Set 1,Neg,target,931
Set 1,Neg,target,144
Set 1,Neg,decoy,74
Set 1,Neg,target,12
Set 1,Neg,target,695
Set 1,Neg,target,717
Set 1,Neg,target,450
Set 1,Neg,target,597
Set 1,Neg,target,14
Set 1,Neg,target,936
Set 1,Neg,target,959
Set 1,Neg,target,938
Set 1,Neg,target,889
Set 1,Neg,target,813
Set 1,Neg,target,296
Set 1,Neg,target,869
Set 1,Neg,target,999
Set 1,Neg,target,782
Set 1,Neg,decoy,58
Set 1,Neg,target,935
Set 1,Neg,target,868
Set 1,Neg,target,681
Set 1,Neg,target,997
Set 1,Neg,target,539
Set 1,Neg,target,993
Set 1,Neg,target,848
Set 1,Neg,target,670
Set 1,Neg,target,992
Set 1,Neg,target,1
Set 1,Neg,decoy,42
Set 1,Neg,target,943
Set 1,Neg,target,234
Set 1,Neg,target,874
Set 1,Neg,target,539
Set 1,Neg,target,939
Set 1,Neg,target,828
Set 1,Neg,target,622
Set 1,Neg,target,901
Set 1,Neg,target,180
Set 1,Neg,target,492
Set 1,Neg,target,170
Set 1,Neg,target,780
Set 1,Neg,target,15
Set 1,Neg,target,773
Set 1,Neg,target,506
Set 1,Neg,target,63
Set 1,Neg,target,993
Set 1,Neg,target,815
Set 1,Neg,target,954
Set 1,Neg,target,518
Set 1,Neg,target,839
Set 1,Neg,target,579
Set 1,Neg,target,138
Set 1,Neg,target,555
Set 1,Neg,target,893
Set 1,Neg,target,951
Set 1,Neg,target,610
Set 1,Neg,target,623
Set 1,Neg,target,976
Set 1,Neg,target,894
Set 1,Neg,target,1
Set 1,Neg,target,621
Set 1,Neg,target,665
Set 1,Neg,target,558
Set 1,Neg,target,390
Set 1,Neg,target,996
Set 1,Neg,target,711
Set 1,Neg,target,961
Set 1,Neg,target,709
Set 1,Neg,target,658
Set 1,Neg,target,671
Set 1,Neg,target,884
Set 1,Neg,target,873
Set 1,Neg,target,826
Set 1,Neg,target,994
Set 1,Neg,target,447
Set 1,Neg,target,780
Set 1,Neg,target,848
Set 1,Neg,target,901
Set 1,Neg,target,760
Set 1,Neg,decoy,38
Set 1,Neg,target,571
Set 1,Neg,target,875
Set 1,Neg,target,426
Set 1,Neg,target,676
Set 1,Neg,target,485
Set 1,Neg,target,680
Set 1,Neg,target,846
Set 1,Neg,target,999
Set 1,Neg,target,806
Set 1,Neg,target,639
Set 1,Neg,target,876
Set 1,Neg,target,74
Set 1,Neg,target,17
Set 1,Neg,target,882
Set 1,Neg,target,463
Set 1,Neg,target,945
Set 1,Neg,target,132
Set 1,Neg,target,860
Set 1,Neg,target,997
Set 1,Neg,target,774
Set 1,Neg,target,905
Set 1,Neg,target,840
Set 1,Neg,target,618
Set 1,Neg,target,934
Set 1,Neg,target,312
Set 1,Neg,target,754
Set 1,Neg,target,253
Set 1,Neg,target,770
Set 1,Neg,target,862
Set 1,Neg,target,952
Set 1,Neg,target,608
Set 1,Neg,target,842
Set 1,Neg,target,712
Set 1,Neg,target,975
Set 1,Neg,target,989
Set 1,Neg,target,865
Set 1,Neg,target,3
Set 1,Neg,target,365
Set 1,Neg,target,656
Set 1,Neg,target,3
Set 1,Neg,target,898
Set 1,Neg,target,751
Set 1,Neg,target,941
Set 1,Neg,target,734
Set 1,Neg,target,664
Set 1,Neg,target,752
Set 1,Neg,target,725
Set 1,Neg,target,867
Set 1,Neg,target,998
Set 1,Neg,target,997
Set 1,Neg,target,998
Set 1,Neg,decoy,50
Set 1,Neg,target,924
Set 1,Neg,target,779
Set 1,Neg,target,826
Set 1,Neg,target,807
Set 1,Neg,target,249
Set 1,Neg,target,847
Set 1,Neg,target,430
Set 1,Neg,target,164
Set 1,Neg,target,29
Set 1,Neg,target,691
Set 1,Neg,target,124
Set 1,Neg,target,715
Set 1,Neg,target,850
Set 1,Neg,target,526
Set 1,Neg,target,998
Set 1,Neg,target,700
Set 1,Neg,target,709
Set 1,Neg,target,931
Set 1,Neg,target,646
Set 1,Neg,target,629
Set 1,Neg,target,595
Set 1,Neg,target,714
Set 1,Neg,target,609
Set 1,Neg,target,166
Set 1,Neg,target,776
Set 1,Neg,target,941
Set 1,Neg,target,882
Set 1,Neg,target,997
Set 1,Neg,target,365
Set 1,Neg,target,533
Set 1,Neg,target,369
Set 1,Neg,target,826
Set 1,Neg,target,77
Set 1,Neg,target,696
Set 1,Neg,target,530
Set 1,Neg,target,998
Set 1,Neg,target,583
Set 1,Neg,target,260
Set 1,Neg,target,999
Set 1,Neg,target,998
Set 1,Neg,target,999
Set 1,Neg,target,393
Set 1,Neg,target,844
Set 1,Neg,target,676
Set 1,Neg,target,1
Set 1,Neg,target,996
Set 1,Neg,target,83
Set 1,Neg,decoy,4
Set 1,Neg,target,826
Set 1,Neg,target,545
Set 1,Neg,target,680
Set 1,Neg,target,455
Set 1,Neg,target,52
Set 1,Neg,target,878
Set 1,Neg,target,143
Set 1,Neg,target,737
Set 1,Neg,target,821
Set 1,Neg,target,680
Set 1,Neg,target,794
Set 1,Neg,target,476
Set 1,Neg,target,375
Set 1,Neg,target,660
Set 1,Neg,target,871
Set 1,Neg,target,415
Set 1,Neg,target,996
Set 1,Neg,decoy,82
Set 1,Neg,target,648
Set 1,Neg,target,913
Set 1,Neg,target,177
Set 1,Neg,target,843
Set 1,Neg,target,664
Set 1,Neg,target,999
Set 1,Neg,target,998
Set 1,Neg,target,974
Set 1,Neg,target,16
Set 1,Neg,target,550
Set 1,Neg,target,86
Set 1,Neg,target,561
Set 1,Neg,target,602
Set 1,Neg,target,451
Set 1,Neg,target,651
Set 1,Neg,target,814
Set 1,Neg,target,626
Set 1,Neg,target,995
Set 1,Neg,target,792
Set 1,Neg,decoy,116
Set 1,Neg,target,48
Set 1,Neg,target,898
Set 1,Neg,target,9
Set 1,Neg,target,152
Set 1,Neg,target,46
Set 1,Neg,target,339
Set 1,Neg,target,764
Set 1,Neg,decoy,150
Set 1,Neg,target,969
Set 1,Neg,target,362
Set 1,Neg,target,19
Set 1,Neg,target,789
Set 1,Neg,decoy,45
Set 1,Neg,target,7
Set 1,Neg,target,161
Set 1,Neg,target,717
Set 1,Neg,decoy,144
Set 1,Neg,target,46
Set 1,Neg,target,749
Set 1,Neg,target,739
Set 1,Neg,target,1
Set 1,Neg,target,631
Set 1,Neg,target,711
Set 1,Neg,target,46
Set 1,Neg,target,670
Set 1,Neg,target,319
Set 1,Neg,target,661
Set 1,Neg,target,265
Set 1,Neg,target,373
Set 1,Neg,target,744
Set 1,Neg,target,673
Set 1,Neg,target,779
Set 1,Neg,target,374
Set 1,Neg,target,123
Set 1,Neg,decoy,157
Set 1,Neg,target,78
Set 1,Neg,target,821
Set 1,Neg,target,226
Set 1,Neg,target,69
Set 1,Neg,target,254
Set 1,Neg,target,654
Set 1,Neg,target,197
Set 1,Neg,target,373
Set 1,Neg,decoy,61
Set 1,Neg,target,47
Set 1,Neg,target,33
Set 1,Neg,target,740
Set 1,Neg,target,20
Set 1,Neg,target,239
Set 1,Neg,target,750
Set 1,Neg,target,697
Set 1,Neg,target,195
Set 1,Neg,target,366
Set 1,Neg,target,432
Set 1,Neg,target,889
Set 1,Neg,target,862
Set 1,Neg,target,277
Set 1,Neg,target,971
Set 1,Neg,target,1000
Set 1,Neg,target,973
Set 1,Neg,target,944
Set 1,Neg,target,997
Set 1,Neg,target,902
Set 1,Neg,target,998
Set 1,Neg,target,976
Set 1,Neg,target,1
Set 1,Neg,target,165
Set 1,Neg,target,821
Set 1,Neg,target,739
Set 1,Neg,target,582
Set 1,Neg,target,118
Set 1,Neg,target,127
Set 1,Neg,target,586
Set 1,Neg,target,142
Set 1,Neg,target,650
Set 1,Neg,target,755
Set 1,Neg,target,456
Set 1,Neg,target,500
Set 1,Neg,target,700
Set 1,Neg,target,34
Set 1,Neg,target,290
Set 1,Neg,target,969
Set 1,Neg,target,519
Set 1,Neg,target,663
Set 1,Neg,target,938
Set 1,Neg,target,441
Set 1,Neg,target,582
Set 1,Neg,target,818
Set 1,Neg,target,376
Set 1,Neg,target,1
Set 1,Neg,decoy,71
Set 1,Neg,target,934
Set 1,Neg,target,883
Set 1,Neg,target,915
Set 1,Neg,target,486
Set 1,Neg,target,911
Set 1,Neg,decoy,67
Set 1,Neg,target,907
Set 1,Neg,target,677
Set 1,Neg,target,420
Set 1,Neg,target,8
Set 1,Neg,target,810
Set 1,Neg,target,265
Set 1,Neg,target,911
Set 1,Neg,target,964
Set 1,Neg,target,807
Set 1,Neg,target,652
Set 1,Neg,target,567
Set 1,Neg,target,846
Set 1,Neg,target,266
Set 1,Neg,target,900
Set 1,Neg,target,999
Set 1,Neg,target,796
Set 1,Neg,decoy,117
Set 1,Neg,target,933
Set 1,Neg,target,667
Set 1,Neg,target,936
Set 1,Neg,target,849
Set 1,Neg,target,997
Set 1,Neg,target,996
Set 1,Neg,target,993
Set 1,Neg,target,901
Set 1,Neg,target,922
Set 1,Neg,target,699
Set 1,Neg,target,850
Set 1,Neg,target,5
Set 1,Neg,target,982
Set 1,Neg,target,557
Set 1,Neg,target,412
Set 1,Neg,target,848
Set 1,Neg,target,981
Set 1,Neg,target,713
Set 1,Neg,target,987
Set 1,Neg,target,118
Set 1,Neg,target,438
Set 1,Neg,target,851
Set 1,Neg,target,464
Set 1,Neg,target,31
Set 1,Neg,target,834
Set 1,Neg,target,629
Set 1,Neg,target,7
Set 1,Neg,target,20
Set 1,Neg,decoy,38
Set 1,Neg,target,945
Set 1,Neg,target,994
Set 1,Neg,target,926
Set 1,Neg,target,831
Set 1,Neg,target,963
Set 1,Neg,target,3
Set 1,Neg,target,70
Set 1,Neg,target,619
Set 1,Neg,target,906
Set 1,Neg,target,6
Set 1,Neg,target,625
Set 1,Neg,target,666
Set 1,Neg,target,927
Set 1,Neg,target,502
Set 1,Neg,target,831
Set 1,Neg,target,308
Set 1,Neg,target,870
Set 1,Neg,target,960
Set 1,Neg,target,844
Set 1,Neg,target,822
Set 1,Neg,target,725
Set 1,Neg,target,735
Set 1,Neg,target,996
Set 1,Neg,target,700
Set 1,Neg,target,273
Set 1,Neg,target,957
Set 1,Neg,target,693
Set 1,Neg,target,842
Set 1,Neg,target,202
Set 1,Neg,target,483
Set 1,Neg,target,856
Set 1,Neg,target,810
Set 1,Neg,target,995
Set 1,Neg,target,769
Set 1,Neg,target,51
Set 1,Neg,target,985
Set 1,Neg,target,389
Set 1,Neg,target,885
Set 1,Neg,target,529
Set 1,Neg,target,517
Set 1,Neg,target,923
Set 1,Neg,target,999
Set 1,Neg,target,809
Set 1,Neg,target,266
Set 1,Neg,target,877
Set 1,Neg,target,619
Set 1,Neg,target,75
Set 1,Neg,target,714
Set 1,Neg,target,467
Set 1,Neg,target,974
Set 1,Neg,target,633
Set 1,Neg,target,565
Set 1,Neg,target,732
Set 1,Neg,target,907
Set 1,Neg,target,948
Set 1,Neg,target,111
Set 1,Neg,target,998
Set 1,Neg,target,764
Set 1,Neg,target,878
Set 1,Neg,target,636
Set 1,Neg,target,380
Set 1,Neg,target,876
Set 1,Neg,target,480
Set 1,Neg,target,741
Set 1,Neg,target,817
Set 1,Neg,target,847
Set 1,Neg,target,919
Set 1,Neg,decoy,961
Set 1,Neg,target,596
Set 1,Neg,target,794
Set 1,Neg,target,468
Set 1,Neg,target,974
Set 1,Neg,target,875
Set 1,Neg,target,993
Set 1,Neg,target,317
Set 1,Neg,target,628
Set 1,Neg,target,31
Set 1,Neg,target,850
Set 1,Neg,target,923
Set 1,Neg,target,921
Set 1,Neg,target,829
Set 1,Neg,target,739
Set 1,Neg,target,593
Set 1,Neg,target,996
Set 1,Neg,target,771
Set 1,Neg,target,717
Set 1,Neg,target,998
Set 1,Neg,target,188
Set 1,Neg,decoy,28
Set 1,Neg,target,997
Set 1,Neg,target,105
Set 1,Neg,target,675
Set 1,Neg,target,603
Set 1,Neg,target,537
Set 1,Neg,target,568
Set 1,Neg,target,931
Set 1,Neg,target,886
Set 1,Neg,target,955
Set 1,Neg,target,778
Set 1,Neg,target,771
Set 1,Neg,target,268
Set 1,Neg,target,929
Set 1,Neg,target,25
Set 1,Neg,target,634
Set 1,Neg,target,180
Set 1,Neg,target,762
Set 1,Neg,target,916
Set 1,Neg,target,999
Set 1,Neg,target,786
Set 1,Neg,target,688
Set 1,Neg,target,837
Set 1,Neg,target,665
Set 1,Neg,target,715
Set 1,Neg,target,796
Set 1,Neg,target,743
Set 1,Neg,target,675
Set 1,Neg,target,887
Set 1,Neg,target,957
Set 1,Neg,target,688
Set 1,Neg,target,838
Set 1,Neg,target,888
Set 1,Neg,target,353
Set 1,Neg,target,723
Set 1,Neg,target,810
Set 1,Neg,target,749
Set 1,Neg,target,997
Set 1,Neg,target,786
Set 1,Neg,target,626
Set 1,Neg,target,769
Set 1,Neg,target,571
Set 1,Neg,target,999
Set 1,Neg,target,795
Set 1,Neg,target,760
Set 1,Neg,target,328
Set 1,Neg,target,373
Set 1,Neg,target,566
Set 1,Neg,target,44
Set 1,Neg,target,998
Set 1,Neg,target,724
Set 1,Neg,target,999
Set 1,Neg,target,225
Set 1,Neg,target,639
Set 1,Neg,target,42
Set 1,Neg,target,999
Set 1,Neg,target,675
Set 1,Neg,target,302
Set 1,Neg,target,53
Set 1,Neg,target,618
Set 1,Neg,target,932
Set 1,Neg,target,154
Set 1,Neg,decoy,3
Set 1,Neg,target,441
Set 1,Neg,target,512
Set 1,Neg,target,272
Set 1,Neg,target,414
Set 1,Neg,target,58
Set 1,Neg,target,497
Set 1,Neg,target,614
Set 1,Neg,target,824
Set 1,Neg,target,769
Set 1,Neg,target,624
Set 1,Neg,target,763
Set 1,Neg,target,469
Set 1,Neg,target,604
Set 1,Neg,target,994
Set 1,Neg,target,26
Set 1,Neg,target,216
Set 1,Neg,target,828
Set 1,Neg,target,993
Set 1,Neg,target,350
Set 1,Neg,target,145
Set 1,Neg,target,999
Set 1,Neg,target,998
Set 1,Neg,target,630
Set 1,Neg,target,216
Set 1,Neg,target,665
Set 1,Neg,target,377
Set 1,Neg,target,620
Set 1,Neg,target,4
Set 1,Neg,target,70
Set 1,Neg,target,364
Set 1,Neg,target,662
Set 1,Neg,target,557
Set 1,Neg,target,830
Set 1,Neg,target,79
Set 1,Neg,target,774
Set 1,Neg,target,588
Set 1,Neg,target,998
Set 1,Neg,target,397
Set 1,Neg,target,768
Set 1,Neg,decoy,67
Set 1,Neg,target,994
Set 1,Neg,target,693
Set 1,Neg,target,610
Set 1,Neg,target,174
Set 1,Neg,target,144
Set 1,Neg,target,14
Set 1,Neg,target,827
Set 1,Neg,target,696
Set 1,Neg,target,998
Set 1,Neg,target,55
Set 1,Neg,decoy,83
Set 1,Neg,target,115
Set 1,Neg,target,81
Set 1,Neg,target,327
Set 1,Neg,target,53
Set 1,Neg,target,740
Set 1,Neg,decoy,102
Set 1,Neg,target,17
Set 1,Neg,target,5
Set 1,Neg,target,810
Set 1,Neg,target,76
Set 1,Neg,decoy,78
Set 1,Neg,target,747
Set 1,Neg,decoy,26
Set 1,Neg,target,194
Set 1,Neg,target,716
Set 1,Neg,target,4
Set 1,Neg,decoy,35
Set 1,Neg,target,714
Set 1,Neg,target,65
Set 1,Neg,target,615
Set 1,Neg,target,696
Set 1,Neg,target,815
Set 1,Neg,target,261
Set 1,Neg,target,752
Set 1,Neg,target,750
Set 1,Neg,target,20
Set 1,Neg,target,592
Set 1,Neg,decoy,36
Set 1,Neg,target,709
Set 1,Neg,target,71
Set 1,Neg,target,739
Set 1,Neg,target,374
Set 1,Neg,target,365
Set 1,Neg,decoy,50
Set 1,Neg,target,2
Set 1,Neg,target,328
Set 1,Neg,target,38
Set 1,Neg,target,817
Set 1,Neg,target,69
Set 1,Neg,decoy,73
Set 1,Neg,target,153
Set 1,Neg,target,711
Set 1,Neg,target,172
Set 1,Neg,target,597
Set 1,Neg,target,586
Set 1,Neg,target,30
Set 1,Neg,target,295
Set 1,Neg,target,47
Set 1,Neg,target,806
Set 1,Neg,target,402
Set 1,Neg,target,750
Set 1,Neg,target,177
Set 1,Neg,target,391
Set 1,Neg,target,207
Set 1,Neg,target,967
Set 1,Neg,target,900
Set 1,Neg,target,999
Set 1,Neg,target,956
Set 1,Neg,target,998
Set 1,Neg,target,107
Set 1,Neg,target,923
Set 1,Neg,target,888
Set 1,Neg,target,85
Set 1,Neg,target,994
Set 1,Neg,target,955
Set 1,Neg,target,185
Set 1,Neg,target,782
Set 1,Neg,target,746
Set 1,Neg,target,69
Set 1,Neg,target,145
Set 1,Neg,target,72
Set 1,Neg,target,152
Set 1,Neg,target,915
Set 1,Neg,target,664
Set 1,Neg,target,41
Set 1,Neg,target,679
Set 1,Neg,target,66
Set 1,Neg,target,778
Set 1,Neg,target,674
Set 1,Neg,target,389
Set 1,Neg,target,569
Set 1,Neg,target,159
Set 1,Neg,target,135
Set 1,Neg,target,920
Set 1,Neg,target,525
Set 1,Neg,target,466
Set 1,Neg,target,484
Set 1,Neg,target,937
Set 1,Neg,target,6
Set 1,Neg,target,787
Set 1,Neg,target,371
Set 1,Neg,decoy,81
Set 1,Neg,target,731
Set 1,Neg,target,937
Set 1,Neg,target,948
Set 1,Neg,target,815
Set 1,Neg,target,868
Set 1,Neg,target,915
Set 1,Neg,target,102
Set 1,Neg,target,395
Set 1,Neg,target,154
Set 1,Neg,target,569
Set 1,Neg,decoy,68
Set 1,Neg,target,3
Set 1,Neg,target,466
Set 1,Neg,target,450
Set 1,Neg,target,17
Set 1,Neg,target,359
Set 1,Neg,target,922
Set 1,Neg,target,959
Set 1,Neg,target,541
Set 1,Neg,target,725
Set 1,Neg,target,834
Set 1,Neg,target,207
Set 1,Neg,target,999
Set 1,Neg,target,812
Set 1,Neg,target,930
Set 1,Neg,target,830
Set 1,Neg,target,517
Set 1,Neg,target,997
Set 1,Neg,target,997
Set 1,Neg,target,716
Set 1,Neg,target,955
Set 1,Neg,target,928
Set 1,Neg,target,635
Set 1,Neg,target,991
Set 1,Neg,target,932
Set 1,Neg,target,1
Set 1,Neg,target,10
Set 1,Neg,target,832
Set 1,Neg,target,593
Set 1,Neg,target,862
Set 1,Neg,target,556
Set 1,Neg,target,850
Set 1,Neg,target,259
Set 1,Neg,target,303
Set 1,Neg,target,994
Set 1,Neg,target,99
Set 1,Neg,target,732
Set 1,Neg,target,27
Set 1,Neg,target,449
Set 1,Neg,target,46
Set 1,Neg,target,856
Set 1,Neg,target,16
Set 1,Neg,decoy,35
Set 1,Neg,target,833
Set 1,Neg,target,925
Set 1,Neg,target,293
Set 1,Neg,decoy,72
Set 1,Neg,target,505
Set 1,Neg,target,955
Set 1,Neg,target,826
Set 1,Neg,target,821
Set 1,Neg,target,534
Set 1,Neg,target,589
Set 1,Neg,target,579
Set 1,Neg,target,967
Set 1,Neg,target,616
Set 1,Neg,target,983
Set 1,Neg,target,18
Set 1,Neg,target,678
Set 1,Neg,target,632
Set 1,Neg,target,995
Set 1,Neg,target,687
Set 1,Neg,target,831
Set 1,Neg,target,382
Set 1,Neg,target,959
Set 1,Neg,target,741
Set 1,Neg,target,692
Set 1,Neg,target,789
Set 1,Neg,target,465
Set 1,Neg,target,996
Set 1,Neg,target,706
Set 1,Neg,target,850
Set 1,Neg,target,875
Set 1,Neg,target,831
Set 1,Neg,target,725
Set 1,Neg,target,65
Set 1,Neg,target,914
Set 1,Neg,target,1000
Set 1,Neg,target,831
Set 1,Neg,target,353
Set 1,Neg,target,927
Set 1,Neg,target,929
Set 1,Neg,target,50
Set 1,Neg,target,998
Set 1,Neg,target,779
Set 1,Neg,target,694
Set 1,Neg,target,441
Set 1,Neg,target,89
Set 1,Neg,target,629
Set 1,Neg,target,859
Set 1,Neg,target,974
Set 1,Neg,target,704
Set 1,Neg,target,612
Set 1,Neg,target,535
Set 1,Neg,target,685
Set 1,Neg,target,961
Set 1,Neg,target,110
Set 1,Neg,target,997
Set 1,Neg,target,882
Set 1,Neg,target,854
Set 1,Neg,target,700
Set 1,Neg,target,737
Set 1,Neg,target,934
Set 1,Neg,target,248
Set 1,Neg,target,829
Set 1,Neg,target,861
Set 1,Neg,target,546
Set 1,Neg,target,824
Set 1,Neg,target,910
Set 1,Neg,target,40
Set 1,Neg,target,850
Set 1,Neg,target,992
Set 1,Neg,target,374
Set 1,Neg,target,970
Set 1,Neg,target,2
Set 1,Neg,target,868
Set 1,Neg,target,743
Set 1,Neg,target,934
Set 1,Neg,target,804
Set 1,Neg,target,722
Set 1,Neg,target,995
Set 1,Neg,target,966
Set 1,Neg,target,697
Set 1,Neg,target,211
Set 1,Neg,decoy,44
Set 1,Neg,target,600
Set 1,Neg,target,997
Set 1,Neg,target,998
Set 1,Neg,target,617
Set 1,Neg,target,767
Set 1,Neg,target,975
Set 1,Neg,target,134
Set 1,Neg,target,530
Set 1,Neg,target,925
Set 1,Neg,target,813
Set 1,Neg,target,781
Set 1,Neg,target,383
Set 1,Neg,target,48
Set 1,Neg,target,560
Set 1,Neg,target,826
Set 1,Neg,target,253
Set 1,Neg,target,761
Set 1,Neg,target,46
Set 1,Neg,target,832
Set 1,Neg,target,543
Set 1,Neg,target,906
Set 1,Neg,target,720
Set 1,Neg,target,998
Set 1,Neg,target,775
Set 1,Neg,target,697
Set 1,Neg,target,838
Set 1,Neg,target,621
Set 1,Neg,target,763
Set 1,Neg,target,572
Set 1,Neg,target,683
Set 1,Neg,target,913
Set 1,Neg,target,688
Set 1,Neg,target,766
Set 1,Neg,target,934
Set 1,Neg,target,567
Set 1,Neg,target,788
Set 1,Neg,target,634
Set 1,Neg,target,579
Set 1,Neg,target,495
Set 1,Neg,target,703
Set 1,Neg,target,816
Set 1,Neg,target,873
Set 1,Neg,target,664
Set 1,Neg,target,168
Set 1,Neg,target,749
Set 1,Neg,target,996
Set 1,Neg,target,998
Set 1,Neg,target,768
Set 1,Neg,target,173
Set 1,Neg,target,394
Set 1,Neg,target,999
Set 1,Neg,target,467
Set 1,Neg,target,55
Set 1,Neg,target,998
Set 1,Neg,target,744
Set 1,Neg,target,137
Set 1,Neg,target,583
Set 1,Neg,target,999
Set 1,Neg,target,200
Set 1,Neg,target,729
Set 1,Neg,target,824
Set 1,Neg,target,9
Set 1,Neg,target,326
Set 1,Neg,target,758
Set 1,Neg,target,2
Set 1,Neg,target,650
Set 1,Neg,target,160
Set 1,Neg,target,617
Set 1,Neg,target,654
Set 1,Neg,target,82
Set 1,Neg,target,802
Set 1,Neg,target,677
Set 1,Neg,target,460
Set 1,Neg,target,272
Set 1,Neg,target,711
Set 1,Neg,target,469
Set 1,Neg,target,727
Set 1,Neg,target,995
Set 1,Neg,target,281
Set 1,Neg,target,923
Set 1,Neg,target,704
Set 1,Neg,target,748
Set 1,Neg,target,785
Set 1,Neg,target,998
Set 1,Neg,target,999
Set 1,Neg,target,518
Set 1,Neg,decoy,107
Set 1,Neg,target,374
Set 1,Neg,target,57
Set 1,Neg,target,9
Set 1,Neg,target,997
Set 1,Neg,target,39
Set 1,Neg,target,380
Set 1,Neg,target,7
Set 1,Neg,target,633
Set 1,Neg,target,3
Set 1,Neg,target,811
Set 1,Neg,target,778
Set 1,Neg,target,757
Set 1,Neg,target,431
Set 1,Neg,target,997
Set 1,Neg,target,221
Set 1,Neg,target,603
Set 1,Neg,target,680
Set 1,Neg,target,30
Set 1,Neg,target,964
Set 1,Neg,target,208
Set 1,Neg,target,205
Set 1,Neg,target,690
Set 1,Neg,target,401
Set 1,Neg,target,794
Set 1,Neg,target,988
Set 1,Neg,target,402
Set 1,Neg,target,511
Set 1,Neg,decoy,108
Set 1,Neg,target,15
Set 1,Neg,target,350
Set 1,Neg,target,173
Set 1,Neg,target,293
Set 1,Neg,target,841
Set 1,Neg,target,974
Set 1,Neg,target,102
Set 1,Neg,target,321
Set 1,Neg,target,28
Set 1,Neg,target,798
Set 1,Neg,decoy,59
Set 1,Neg,target,66
Set 1,Neg,target,702
Set 1,Neg,target,116
Set 1,Neg,decoy,112
Set 1,Neg,target,809
Set 1,Neg,decoy,48
Set 1,Neg,target,766
Set 1,Neg,decoy,73
Set 1,Neg,target,628
Set 1,Neg,target,103
Set 1,Neg,target,555
Set 1,Neg,decoy,50
Set 1,Neg,target,43
Set 1,Neg,target,677
Set 1,Neg,target,689
Set 1,Neg,target,683
Set 1,Neg,target,764
Set 1,Neg,decoy,51
Set 1,Neg,target,739
Set 1,Neg,target,746
Set 1,Neg,target,796
Set 1,Neg,target,3
Set 1,Neg,target,750
Set 1,Neg,target,88
Set 1,Neg,target,161
Set 1,Neg,target,477
Set 1,Neg,target,53
Set 1,Neg,target,56
Set 1,Neg,target,115
Set 1,Neg,target,816
Set 1,Neg,target,625
Set 1,Neg,target,639
Set 1,Neg,target,561
Set 1,Neg,target,462
Set 1,Neg,target,225
Set 1,Neg,target,101
Set 1,Neg,decoy,56
Set 1,Neg,target,110
Set 1,Neg,target,32
Set 1,Neg,target,803
Set 1,Neg,target,21
Set 1,Neg,target,106
Set 1,Neg,target,149
Set 1,Neg,target,171
Set 1,Neg,target,670
Set 1,Neg,target,641
Set 1,Neg,target,670
Set 1,Neg,target,338
Set 1,Neg,target,928
Set 1,Neg,target,994
Set 1,Neg,target,902
Set 1,Neg,target,899
Set 1,Neg,target,994
Set 1,Neg,target,842
Set 1,Neg,target,925
Set 1,Neg,target,952
Set 1,Neg,target,175
Set 1,Neg,target,990
Set 1,Neg,target,962
Set 1,Neg,target,998
Set 1,Neg,target,976
Set 1,Neg,target,910
Set 1,Neg,target,116
Set 1,Neg,target,998
Set 1,Neg,target,980
Set 1,Neg,target,147
Set 1,Neg,target,36
Set 1,Neg,target,732
Set 1,Neg,target,791
Set 1,Neg,target,63
Set 1,Neg,target,612
Set 1,Neg,target,630
Set 1,Neg,target,851
Set 1,Neg,target,903
Set 1,Neg,target,529
Set 1,Neg,target,163
Set 1,Neg,target,1
Set 1,Neg,target,651
Set 1,Neg,target,95
Set 1,Neg,target,883
Set 1,Neg,target,795
Set 1,Neg,target,143
Set 1,Neg,target,590
Set 1,Neg,target,559
Set 1,Neg,target,772
Set 1,Neg,target,872
Set 1,Neg,target,520
Set 1,Neg,target,366
Set 1,Neg,target,400
Set 1,Neg,target,889
Set 1,Neg,target,502
Set 1,Neg,target,85
Set 1,Neg,target,28
Set 1,Neg,target,630
Set 1,Neg,target,993
Set 1,Neg,target,108
Set 1,Neg,target,644
Set 1,Neg,target,952
Set 1,Neg,target,940
Set 1,Neg,target,878
Set 1,Neg,target,754
Set 1,Neg,target,158
Set 1,Neg,decoy,77
Set 1,Neg,target,925
Set 1,Neg,target,237
Set 1,Neg,target,519
Set 1,Neg,target,613
Set 1,Neg,target,653
Set 1,Neg,target,4
Set 1,Neg,target,415
Set 1,Neg,target,127
Set 1,Neg,target,888
Set 1,Neg,target,979
Set 1,Neg,target,937
Set 1,Neg,target,662
Set 1,Neg,target,743
Set 1,Neg,target,643
Set 1,Neg,target,887
Set 1,Neg,target,164
Set 1,Neg,target,793
Set 1,Neg,decoy,111
Set 1,Neg,target,999
Set 1,Neg,target,900
Set 1,Neg,target,815
Set 1,Neg,target,998
Set 1,Neg,target,428
Set 1,Neg,target,939
Set 1,Neg,target,954
Set 1,Neg,target,998
Set 1,Neg,target,790
Set 1,Neg,target,991
Set 1,Neg,target,2
Set 1,Neg,target,718
Set 1,Neg,target,706
Set 1,Neg,target,971
Set 1,Neg,target,825
Set 1,Neg,target,599
Set 1,Neg,target,902
Set 1,Neg,target,991
Set 1,Neg,target,143
Set 1,Neg,target,983
Set 1,Neg,target,361
Set 1,Neg,target,599
Set 1,Neg,target,606
Set 1,Neg,target,444
Set 1,Neg,target,46
Set 1,Neg,target,898
Set 1,Neg,target,840
Set 1,Neg,target,868
Set 1,Neg,target,522
Set 1,Neg,target,2
Set 1,Neg,target,839
Set 1,Neg,target,225
Set 1,Neg,target,993
Set 1,Neg,target,564
Set 1,Neg,target,768
Set 1,Neg,target,173
Set 1,Neg,target,820
Set 1,Neg,target,860
Set 1,Neg,target,951
Set 1,Neg,target,996
Set 1,Neg,target,920
Set 1,Neg,target,820
Set 1,Neg,target,76
Set 1,Neg,target,631
Set 1,Neg,target,90
Set 1,Neg,target,664
Set 1,Neg,target,559
Set 1,Neg,target,647
Set 1,Neg,target,936
Set 1,Neg,target,674
Set 1,Neg,target,817
Set 1,Neg,target,998
Set 1,Neg,target,407
Set 1,Neg,target,982
Set 1,Neg,target,713
Set 1,Neg,target,700
Set 1,Neg,target,769
Set 1,Neg,target,819
Set 1,Neg,target,476
Set 1,Neg,target,441
Set 1,Neg,target,752
Set 1,Neg,target,997
Set 1,Neg,decoy,57
Set 1,Neg,target,753
Set 1,Neg,target,818
Set 1,Neg,target,860
Set 1,Neg,target,753
Set 1,Neg,target,275
Set 1,Neg,target,65
Set 1,Neg,target,443
Set 1,Neg,target,166
Set 1,Neg,target,937
Set 1,Neg,target,695
Set 1,Neg,target,601
Set 1,Neg,target,91
Set 1,Neg,target,63
Set 1,Neg,target,917
Set 1,Neg,target,998
Set 1,Neg,target,560
Set 1,Neg,target,907
Set 1,Neg,target,838
Set 1,Neg,target,86
Set 1,Neg,target,10
Set 1,Neg,target,974
Set 1,Neg,target,938
Set 1,Neg,target,974
Set 1,Neg,target,727
Set 1,Neg,target,997
Set 1,Neg,target,83
Set 1,Neg,target,948
Set 1,Neg,target,303
Set 1,Neg,target,997
Set 1,Neg,target,904
Set 1,Neg,target,561
Set 1,Neg,target,915
Set 1,Neg,target,600
Set 1,Neg,target,827
Set 1,Neg,target,864
Set 1,Neg,decoy,211
Set 1,Neg,target,765
Set 1,Neg,target,816
Set 1,Neg,decoy,964
Set 1,Neg,target,862
Set 1,Neg,decoy,90
Set 1,Neg,target,619
Set 1,Neg,target,907
Set 1,Neg,target,846
Set 1,Neg,target,937
Set 1,Neg,target,317
Set 1,Neg,target,844
Set 1,Neg,target,2
Set 1,Neg,target,948
Set 1,Neg,target,882
Set 1,Neg,target,346
Set 1,Neg,decoy,827
Set 1,Neg,target,947
Set 1,Neg,target,638
Set 1,Neg,target,300
Set 1,Neg,decoy,62
Set 1,Neg,target,539
Set 1,Neg,target,194
Set 1,Neg,target,998
Set 1,Neg,target,712
Set 1,Neg,target,590
Set 1,Neg,target,517
Set 1,Neg,target,921
Set 1,Neg,target,933
Set 1,Neg,target,961
Set 1,Neg,target,857
Set 1,Neg,target,760
Set 1,Neg,target,414
Set 1,Neg,target,784
Set 1,Neg,target,340
Set 1,Neg,target,717
Set 1,Neg,target,641
Set 1,Neg,target,90
Set 1,Neg,target,862
Set 1,Neg,target,42
Set 1,Neg,target,926
Set 1,Neg,target,873
Set 1,Neg,target,689
Set 1,Neg,target,488
Set 1,Neg,target,693
Set 1,Neg,target,804
Set 1,Neg,target,805
Set 1,Neg,target,998
Set 1,Neg,target,704
Set 1,Neg,target,762
Set 1,Neg,target,716
Set 1,Neg,target,999
Set 1,Neg,target,719
Set 1,Neg,target,27
Set 1,Neg,target,998
Set 1,Neg,target,646
Set 1,Neg,target,832
Set 1,Neg,target,914
Set 1,Neg,target,777
Set 1,Neg,target,917
Set 1,Neg,target,643
Set 1,Neg,target,219
Set 1,Neg,target,506
Set 1,Neg,target,390
Set 1,Neg,target,923
Set 1,Neg,target,586
Set 1,Neg,target,431
Set 1,Neg,target,661
Set 1,Neg,target,477
Set 1,Neg,target,160
Set 1,Neg,target,280
Set 1,Neg,target,557
Set 1,Neg,target,998
Set 1,Neg,target,388
Set 1,Neg,target,146
Set 1,Neg,target,999
Set 1,Neg,target,851
Set 1,Neg,target,998
Set 1,Neg,target,589
Set 1,Neg,target,219
Set 1,Neg,target,153
Set 1,Neg,target,852
Set 1,Neg,target,872
Set 1,Neg,target,74
Set 1,Neg,target,811
Set 1,Neg,target,725
Set 1,Neg,target,757
Set 1,Neg,target,931
Set 1,Neg,target,712
Set 1,Neg,target,666
Set 1,Neg,target,180
Set 1,Neg,target,229
Set 1,Neg,target,149
Set 1,Neg,target,998
Set 1,Neg,target,421
Set 1,Neg,target,998
Set 1,Neg,target,389
Set 1,Neg,target,757
Set 1,Neg,target,759
Set 1,Neg,target,596
Set 1,Neg,target,673
Set 1,Neg,target,803
Set 1,Neg,target,997
Set 1,Neg,target,659
Set 1,Neg,target,174
Set 1,Neg,target,478
Set 1,Neg,target,999
Set 1,Neg,target,762
Set 1,Neg,target,968
Set 1,Neg,target,658
Set 1,Neg,target,819
Set 1,Neg,target,8
Set 1,Neg,target,508
Set 1,Neg,target,632
Set 1,Neg,target,42
Set 1,Neg,target,480
Set 1,Neg,target,698
Set 1,Neg,target,145
Set 1,Neg,target,998
Set 1,Neg,target,536
Set 1,Neg,target,647
Set 1,Neg,target,993
Set 1,Neg,target,684
Set 1,Neg,target,855
Set 1,Neg,target,814
Set 1,Neg,target,788
Set 1,Neg,target,308
Set 1,Neg,target,630
Set 1,Neg,target,606
Set 1,Neg,target,996
Set 1,Neg,target,292
Set 1,Neg,target,795
Set 1,Neg,target,250
Set 1,Neg,target,533
Set 1,Neg,target,995
Set 1,Neg,target,489
Set 1,Neg,target,394
Set 1,Neg,target,966
Set 1,Neg,target,290
Set 1,Neg,target,203
Set 1,Neg,target,145
Set 1,Neg,target,646
Set 1,Neg,target,814
Set 1,Neg,target,642
Set 1,Neg,target,882
Set 1,Neg,target,138
Set 1,Neg,target,665
Set 1,Neg,target,981
Set 1,Neg,target,78
Set 1,Neg,target,858
Set 1,Neg,target,131
Set 1,Neg,target,76
Set 1,Neg,target,501
Set 1,Neg,target,830
Set 1,Neg,target,540
Set 1,Neg,target,918
Set 1,Neg,target,102
Set 1,Neg,target,431
Set 1,Neg,target,463
Set 1,Neg,target,137
Set 1,Neg,target,825
Set 1,Neg,target,99
Set 1,Neg,target,273
Set 1,Neg,target,136
Set 1,Neg,target,830
Set 1,Neg,target,24
Set 1,Neg,target,32
Set 1,Neg,target,423
Set 1,Neg,target,10
Set 1,Neg,target,54
Set 1,Neg,target,749
Set 1,Neg,target,465
Set 1,Neg,target,57
Set 1,Neg,target,809
Set 1,Neg,target,7
Set 1,Neg,target,208
Set 1,Neg,target,637
Set 1,Neg,target,255
Set 1,Neg,target,681
Set 1,Neg,target,364
Set 1,Neg,target,743
Set 1,Neg,target,649
Set 1,Neg,target,702
Set 1,Neg,target,725
Set 1,Neg,target,788
Set 1,Neg,target,67
Set 1,Neg,target,245
Set 1,Neg,target,666
Set 1,Neg,target,330
Set 1,Neg,target,756
Set 1,Neg,target,30
Set 1,Neg,target,100
Set 1,Neg,target,112
Set 1,Neg,target,392
Set 1,Neg,target,284
Set 1,Neg,target,42
Set 1,Neg,target,61
Set 1,Neg,target,61
Set 1,Neg,target,336
Set 1,Neg,target,815
Set 1,Neg,target,762
Set 1,Neg,target,135
Set 1,Neg,target,86
Set 1,Neg,target,438
Set 1,Neg,target,66
Set 1,Neg,target,375
Set 1,Neg,target,138
Set 1,Neg,decoy,28
Set 1,Neg,target,814
Set 1,Neg,target,313
Set 1,Neg,decoy,8
Set 1,Neg,target,24
Set 1,Neg,target,43
Set 1,Neg,target,226
Set 1,Neg,target,543
Set 1,Neg,target,199
Set 1,Neg,target,200
Set 1,Neg,target,290
Set 1,Neg,target,856
Set 1,Neg,target,981
Set 1,Neg,target,610
Set 1,Neg,target,907
Set 1,Neg,target,957
Set 1,Neg,target,980
Set 1,Neg,target,972
Set 1,Neg,target,992
Set 1,Neg,target,953
Set 1,Neg,target,997
Set 1,Neg,target,918
Set 1,Neg,target,994
Set 1,Neg,target,945
Set 1,Neg,target,41
Set 1,Neg,target,998
Set 1,Neg,target,970
Set 1,Neg,target,79
Set 1,Neg,target,38
Set 1,Neg,target,939
Set 1,Neg,target,841
Set 1,Neg,target,214
Set 1,Neg,target,786
Set 1,Neg,target,98
Set 1,Neg,target,232
Set 1,Neg,target,725
Set 1,Neg,target,26
Set 1,Neg,target,931
Set 1,Neg,target,535
Set 1,Neg,target,861
Set 1,Neg,target,628
Set 1,Neg,target,83
Set 1,Neg,target,667
Set 1,Neg,target,392
Set 1,Neg,target,37
Set 1,Neg,target,709
Set 1,Neg,target,851
Set 1,Neg,target,434
Set 1,Neg,target,345
Set 1,Neg,decoy,58
Set 1,Neg,target,588
Set 1,Neg,target,663
Set 1,Neg,target,724
Set 1,Neg,target,959
Set 1,Neg,target,323
Set 1,Neg,target,196
Set 1,Neg,target,197
Set 1,Neg,target,341
Set 1,Neg,target,838
Set 1,Neg,target,919
Set 1,Neg,target,496
Set 1,Neg,target,933
Set 1,Neg,target,963
Set 1,Neg,target,944
Set 1,Neg,target,726
Set 1,Neg,target,696
Set 1,Neg,target,539
Set 1,Neg,target,59
Set 1,Neg,target,572
Set 1,Neg,target,779
Set 1,Neg,target,291
Set 1,Neg,target,8
Set 1,Neg,target,581
Set 1,Neg,target,909
Set 1,Neg,target,937
Set 1,Neg,target,979
Set 1,Neg,target,497
Set 1,Neg,target,907
Set 1,Neg,target,805
Set 1,Neg,target,549
Set 1,Neg,target,187
Set 1,Neg,target,999
Set 1,Neg,target,780
Set 1,Neg,target,870
Set 1,Neg,target,993
Set 1,Neg,target,844
Set 1,Neg,decoy,92
Set 1,Neg,target,501
Set 1,Neg,target,996
Set 1,Neg,target,950
Set 1,Neg,target,903
Set 1,Neg,target,993
Set 1,Neg,target,949
Set 1,Neg,target,1
Set 1,Neg,target,933
Set 1,Neg,target,833
Set 1,Neg,target,616
Set 1,Neg,target,854
Set 1,Neg,target,807
Set 1,Neg,target,555
Set 1,Neg,target,890
Set 1,Neg,target,982
Set 1,Neg,target,992
Set 1,Neg,target,655
Set 1,Neg,target,436
Set 1,Neg,target,840
Set 1,Neg,target,679
Set 1,Neg,target,73
Set 1,Neg,target,477
Set 1,Neg,target,829
Set 1,Neg,target,830
Set 1,Neg,target,59
Set 1,Neg,target,763
Set 1,Neg,target,286
Set 1,Neg,target,384
Set 1,Neg,target,75
Set 1,Neg,target,99
Set 1,Neg,target,993
Set 1,Neg,target,251
Set 1,Neg,target,859
Set 1,Neg,target,925
Set 1,Neg,target,940
Set 1,Neg,target,989
Set 1,Neg,target,875
Set 1,Neg,target,723
Set 1,Neg,target,908
Set 1,Neg,target,697
Set 1,Neg,target,638
Set 1,Neg,target,993
Set 1,Neg,target,961
Set 1,Neg,target,601
Set 1,Neg,target,38
Set 1,Neg,target,845
Set 1,Neg,target,685
Set 1,Neg,target,684
Set 1,Neg,target,481
Set 1,Neg,target,997
Set 1,Neg,target,169
Set 1,Neg,target,969
Set 1,Neg,target,722
Set 1,Neg,target,864
Set 1,Neg,target,429
Set 1,Neg,target,878
Set 1,Neg,target,657
Set 1,Neg,target,956
Set 1,Neg,target,872
Set 1,Neg,target,756
Set 1,Neg,target,721
Set 1,Neg,target,879
Set 1,Neg,target,54
Set 1,Neg,target,266
Set 1,Neg,target,915
Set 1,Neg,target,373
Set 1,Neg,target,540
Set 1,Neg,target,195
Set 1,Neg,target,512
Set 1,Neg,target,88
Set 1,Neg,target,53
Set 1,Neg,target,892
Set 1,Neg,target,998
Set 1,Neg,target,741
Set 1,Neg,target,794
Set 1,Neg,target,639
Set 1,Neg,target,905
Set 1,Neg,target,79
Set 1,Neg,target,936
Set 1,Neg,target,974
Set 1,Neg,target,975
Set 1,Neg,target,611
Set 1,Neg,target,656
Set 1,Neg,target,998
Set 1,Neg,target,997
Set 1,Neg,target,891
Set 1,Neg,target,743
Set 1,Neg,target,916
Set 1,Neg,target,797
Set 1,Neg,target,862
Set 1,Neg,decoy,188
Set 1,Neg,target,930
Set 1,Neg,target,851
Set 1,Neg,decoy,958
Set 1,Neg,target,406
Set 1,Neg,target,470
Set 1,Neg,target,885
Set 1,Neg,target,928
Set 1,Neg,target,890
Set 1,Neg,target,584
Set 1,Neg,target,295
Set 1,Neg,target,2
Set 1,Neg,target,797
Set 1,Neg,target,658
Set 1,Neg,target,939
Set 1,Neg,target,631
Set 1,Neg,target,43
Set 1,Neg,target,642
Set 1,Neg,decoy,882
Set 1,Neg,target,995
Set 1,Neg,target,715
Set 1,Neg,target,447
Set 1,Neg,target,997
Set 1,Neg,target,208
Set 1,Neg,target,519
Set 1,Neg,decoy,33
Set 1,Neg,target,998
Set 1,Neg,target,611
Set 1,Neg,target,729
Set 1,Neg,target,494
Set 1,Neg,target,975
Set 1,Neg,target,481
Set 1,Neg,target,550
Set 1,Neg,target,923
Set 1,Neg,target,945
Set 1,Neg,target,808
Set 1,Neg,target,468
Set 1,Neg,target,781
Set 1,Neg,target,355
Set 1,Neg,target,40
Set 1,Neg,target,842
Set 1,Neg,target,122
Set 1,Neg,target,916
Set 1,Neg,target,727
Set 1,Neg,target,998
Set 1,Neg,target,586
Set 1,Neg,target,909
Set 1,Neg,target,744
Set 1,Neg,target,764
Set 1,Neg,target,770
Set 1,Neg,target,713
Set 1,Neg,target,782
Set 1,Neg,target,11
Set 1,Neg,target,782
Set 1,Neg,target,673
Set 1,Neg,target,649
Set 1,Neg,target,862
Set 1,Neg,target,731
Set 1,Neg,target,698
Set 1,Neg,target,846
Set 1,Neg,target,816
Set 1,Neg,target,142
Set 1,Neg,target,11
Set 1,Neg,target,489
Set 1,Neg,target,633
Set 1,Neg,target,129
Set 1,Neg,target,764
Set 1,Neg,target,596
Set 1,Neg,target,998
Set 1,Neg,target,18
Set 1,Neg,target,774
Set 1,Neg,target,273
Set 1,Neg,target,94
Set 1,Neg,target,998
Set 1,Neg,target,735
Set 1,Neg,target,999
Set 1,Neg,target,783
Set 1,Neg,target,999
Set 1,Neg,target,672
Set 1,Neg,target,654
Set 1,Neg,target,678
Set 1,Neg,target,872
Set 1,Neg,target,998
Set 1,Neg,target,459
Set 1,Neg,target,890
Set 1,Neg,target,847
Set 1,Neg,target,313
Set 1,Neg,target,151
Set 1,Neg,target,119
Set 1,Neg,target,878
Set 1,Neg,target,758
Set 1,Neg,target,541
Set 1,Neg,target,8
Set 1,Neg,target,746
Set 1,Neg,target,689
Set 1,Neg,target,35
Set 1,Neg,target,952
Set 1,Neg,target,197
Set 1,Neg,target,126
Set 1,Neg,target,733
Set 1,Neg,target,575
Set 1,Neg,target,316
Set 1,Neg,target,63
Set 1,Neg,target,681
Set 1,Neg,target,668
Set 1,Neg,target,173
Set 1,Neg,target,999
Set 1,Neg,target,621
Set 1,Neg,target,529
Set 1,Neg,target,517
Set 1,Neg,target,633
Set 1,Neg,target,998
Set 1,Neg,target,905
Set 1,Neg,target,998
Set 1,Neg,target,996
Set 1,Neg,target,632
Set 1,Neg,target,651
Set 1,Neg,target,786
Set 1,Neg,target,391
Set 1,Neg,target,993
Set 1,Neg,target,360
Set 1,Neg,target,460
Set 1,Neg,target,445
Set 1,Neg,target,766
Set 1,Neg,target,31
Set 1,Neg,target,62
Set 1,Neg,target,987
Set 1,Neg,target,779
Set 1,Neg,target,588
Set 1,Neg,target,713
Set 1,Neg,target,753
Set 1,Neg,target,607
Set 1,Neg,target,2
Set 1,Neg,target,997
Set 1,Neg,target,567
Set 1,Neg,target,992
Set 1,Neg,target,778
Set 1,Neg,target,977
Set 1,Neg,target,792
Set 1,Neg,target,10
Set 1,Neg,target,735
Set 1,Neg,target,671
Set 1,Neg,target,518
Set 1,Neg,target,996
Set 1,Neg,target,223
Set 1,Neg,target,575
Set 1,Neg,target,704
Set 1,Neg,target,76
Set 1,Neg,target,814
Set 1,Neg,target,50
Set 1,Neg,target,184
Set 1,Neg,target,789
Set 1,Neg,target,188
Set 1,Neg,target,576
Set 1,Neg,target,870
Set 1,Neg,target,47
Set 1,Neg,target,17
Set 1,Neg,target,771
Set 1,Neg,target,31
Set 1,Neg,target,650
Set 1,Neg,target,545
Set 1,Neg,target,928
Set 1,Neg,target,342
Set 1,Neg,target,68
Set 1,Neg,target,795
Set 1,Neg,target,478
Set 1,Neg,target,117
Set 1,Neg,target,95
Set 1,Neg,target,15
Set 1,Neg,target,762
Set 1,Neg,target,220
Set 1,Neg,target,270
Set 1,Neg,target,6
Set 1,Neg,target,737
Set 1,Neg,target,502
Set 1,Neg,target,697
Set 1,Neg,target,720
Set 1,Neg,target,698
Set 1,Neg,target,179
Set 1,Neg,target,725
Set 1,Neg,target,35
Set 1,Neg,target,647
Set 1,Neg,target,774
Set 1,Neg,target,532
Set 1,Neg,target,309
Set 1,Neg,target,756
Set 1,Neg,target,297
Set 1,Neg,target,765
Set 1,Neg,target,20
Set 1,Neg,target,438
Set 1,Neg,target,714
Set 1,Neg,target,875
Set 1,Neg,target,59
Set 1,Neg,target,354
Set 1,Neg,target,629
Set 1,Neg,target,59
Set 1,Neg,target,133
Set 1,Neg,target,111
Set 1,Neg,target,615
Set 1,Neg,target,638
Set 1,Neg,target,834
Set 1,Neg,target,87
Set 1,Neg,target,517
Set 1,Neg,target,166
Set 1,Neg,target,719
Set 1,Neg,target,280
Set 1,Neg,target,677
Set 1,Neg,target,192
Set 1,Neg,target,75
Set 1,Neg,target,305
Set 1,Neg,target,266
Set 1,Neg,target,132
Set 1,Neg,decoy,14
Set 1,Neg,target,115
Set 1,Neg,target,721
Set 1,Neg,target,298
Set 1,Neg,target,61
Set 1,Neg,target,73
Set 1,Neg,target,169
Set 1,Neg,target,688
Set 1,Neg,target,102
Set 1,Neg,target,124
Set 1,Neg,target,988
Set 1,Neg,target,938
Set 1,Neg,target,244
Set 1,Neg,target,911
Set 1,Neg,target,995
Set 1,Neg,target,977
Set 1,Neg,target,971
Set 1,Neg,target,998
Set 1,Neg,target,996
Set 1,Neg,target,16
Set 1,Neg,target,998
Set 1,Neg,target,978
Set 1,Neg,target,124
Set 1,Neg,target,875
Set 1,Neg,target,820
Set 1,Neg,target,122
Set 1,Neg,target,296
Set 1,Neg,target,775
Set 1,Neg,target,25
Set 1,Neg,target,23
Set 1,Neg,target,324
Set 1,Neg,target,934
Set 1,Neg,target,901
Set 1,Neg,target,19
Set 1,Neg,target,182
Set 1,Neg,target,553
Set 1,Neg,target,121
Set 1,Neg,target,835
Set 1,Neg,target,427
Set 1,Neg,target,760
Set 1,Neg,target,707
Set 1,Neg,target,805
Set 1,Neg,target,554
Set 1,Neg,target,318
Set 1,Neg,target,120
Set 1,Neg,target,775
Set 1,Neg,target,468
Set 1,Neg,target,472
Set 1,Neg,target,810
Set 1,Neg,target,456
Set 1,Neg,target,51
Set 1,Neg,target,661
Set 1,Neg,target,624
Set 1,Neg,target,551
Set 1,Neg,decoy,27
Set 1,Neg,target,657
Set 1,Neg,target,582
Set 1,Neg,target,678
Set 1,Neg,target,754
Set 1,Neg,target,899
Set 1,Neg,target,965
Set 1,Neg,target,912
Set 1,Neg,target,934
Set 1,Neg,target,637
Set 1,Neg,target,706
Set 1,Neg,decoy,17
Set 1,Neg,target,927
Set 1,Neg,target,432
Set 1,Neg,target,142
Set 1,Neg,target,5
Set 1,Neg,target,375
Set 1,Neg,target,772
Set 1,Neg,target,6
Set 1,Neg,target,596
Set 1,Neg,target,795
Set 1,Neg,target,919
Set 1,Neg,target,960
Set 1,Neg,target,936
Set 1,Neg,target,620
Set 1,Neg,target,255
Set 1,Neg,target,999
Set 1,Neg,target,793
Set 1,Neg,target,797
Set 1,Neg,target,886
Set 1,Neg,target,997
Set 1,Neg,target,734
Set 1,Neg,target,998
Set 1,Neg,target,521
Set 1,Neg,target,797
Set 1,Neg,target,839
Set 1,Neg,target,991
Set 1,Neg,target,902
Set 1,Neg,target,1
Set 1,Neg,target,830
Set 1,Neg,target,815
Set 1,Neg,target,654
Set 1,Neg,target,570
Set 1,Neg,target,830
Set 1,Neg,target,892
Set 1,Neg,target,946
Set 1,Neg,target,795
Set 1,Neg,target,991
Set 1,Neg,target,156
Set 1,Neg,target,420
Set 1,Neg,target,795
Set 1,Neg,target,456
Set 1,Neg,target,572
Set 1,Neg,target,58
Set 1,Neg,target,815
Set 1,Neg,target,862
Set 1,Neg,target,158
Set 1,Neg,target,380
Set 1,Neg,target,322
Set 1,Neg,target,920
Set 1,Neg,target,942
Set 1,Neg,target,19
Set 1,Neg,target,583
Set 1,Neg,decoy,71
Set 1,Neg,target,187
Set 1,Neg,target,991
Set 1,Neg,target,991
Set 1,Neg,target,79
Set 1,Neg,target,816
Set 1,Neg,target,964
Set 1,Neg,target,877
Set 1,Neg,target,796
Set 1,Neg,target,530
Set 1,Neg,target,64
Set 1,Neg,target,811
Set 1,Neg,target,667
Set 1,Neg,target,923
Set 1,Neg,target,361
Set 1,Neg,target,643
Set 1,Neg,target,998
Set 1,Neg,target,971
Set 1,Neg,target,11
Set 1,Neg,target,969
Set 1,Neg,target,597
Set 1,Neg,target,519
Set 1,Neg,target,883
Set 1,Neg,target,994
Set 1,Neg,target,840
Set 1,Neg,target,919
Set 1,Neg,target,987
Set 1,Neg,target,795
Set 1,Neg,target,788
Set 1,Neg,target,783
Set 1,Neg,decoy,51
Set 1,Neg,target,639
Set 1,Neg,target,367
Set 1,Neg,target,517
Set 1,Neg,target,940
Set 1,Neg,target,60
Set 1,Neg,target,896
Set 1,Neg,target,998
Set 1,Neg,target,736
Set 1,Neg,target,910
Set 1,Neg,target,75
Set 1,Neg,target,972
Set 1,Neg,target,696
Set 1,Neg,target,617
Set 1,Neg,target,928
Set 1,Neg,target,240
Set 1,Neg,target,947
Set 1,Neg,target,117
Set 1,Neg,target,997
Set 1,Neg,target,998
Set 1,Neg,target,887
Set 1,Neg,target,674
Set 1,Neg,decoy,236
Set 1,Neg,target,761
Set 1,Neg,target,815
Set 1,Neg,target,863
Set 1,Neg,decoy,951
Set 1,Neg,target,632
Set 1,Neg,target,849
Set 1,Neg,target,935
Set 1,Neg,target,417
Set 1,Neg,target,333
Set 1,Neg,target,876
Set 1,Neg,target,865
Set 1,Neg,target,960
Set 1,Neg,target,724
Set 1,Neg,target,266
Set 1,Neg,target,676
Set 1,Neg,target,902
Set 1,Neg,decoy,757
Set 1,Neg,target,935
Set 1,Neg,target,646
Set 1,Neg,target,852
Set 1,Neg,target,549
Set 1,Neg,target,997
Set 1,Neg,target,299
Set 1,Neg,decoy,54
Set 1,Neg,target,997
Set 1,Neg,target,707
Set 1,Neg,target,508
Set 1,Neg,target,909
Set 1,Neg,target,794
Set 1,Neg,target,886
Set 1,Neg,target,756
Set 1,Neg,target,388
Set 1,Neg,target,82
Set 1,Neg,target,336
Set 1,Neg,target,252
Set 1,Neg,target,41
Set 1,Neg,target,699
Set 1,Neg,target,848
Set 1,Neg,target,741
Set 1,Neg,target,653
Set 1,Neg,target,998
Set 1,Neg,target,691
Set 1,Neg,target,724
Set 1,Neg,target,777
Set 1,Neg,target,846
Set 1,Neg,target,841
Set 1,Neg,target,447
Set 1,Neg,target,690
Set 1,Neg,target,25
Set 1,Neg,target,998
Set 1,Neg,target,690
Set 1,Neg,target,727
Set 1,Neg,target,946
Set 1,Neg,target,930
Set 1,Neg,target,783
Set 1,Neg,target,407
Set 1,Neg,target,922
Set 1,Neg,target,833
Set 1,Neg,target,259
Set 1,Neg,target,784
Set 1,Neg,target,42
Set 1,Neg,target,592
Set 1,Neg,target,769
Set 1,Neg,target,537
Set 1,Neg,target,999
Set 1,Neg,target,622
Set 1,Neg,target,523
Set 1,Neg,target,999
Set 1,Neg,target,748
Set 1,Neg,target,647
Set 1,Neg,target,391
Set 1,Neg,target,998
Set 1,Neg,target,610
Set 1,Neg,target,550
Set 1,Neg,target,652
Set 1,Neg,target,731
Set 1,Neg,target,761
Set 1,Neg,target,998
Set 1,Neg,target,446
Set 1,Neg,target,424
Set 1,Neg,target,13
Set 1,Neg,target,10
Set 1,Neg,target,891
Set 1,Neg,target,585
Set 1,Neg,target,697
Set 1,Neg,target,833
Set 1,Neg,target,810
Set 1,Neg,target,64
Set 1,Neg,target,269
Set 1,Neg,target,441
Set 1,Neg,target,444
Set 1,Neg,target,725
Set 1,Neg,target,227
Set 1,Neg,target,134
Set 1,Neg,target,998
Set 1,Neg,target,841
Set 1,Neg,target,628
Set 1,Neg,target,6
Set 1,Neg,target,789
Set 1,Neg,target,771
Set 1,Neg,target,701
Set 1,Neg,target,713
Set 1,Neg,target,997
Set 1,Neg,target,721
Set 1,Neg,target,687
Set 1,Neg,target,526
Set 1,Neg,target,446
Set 1,Neg,target,351
Set 1,Neg,target,555
Set 1,Neg,target,998
Set 1,Neg,target,752
Set 1,Neg,target,999
Set 1,Neg,target,878
Set 1,Neg,target,268
Set 1,Neg,target,979
Set 1,Neg,target,664
Set 1,Neg,target,289
Set 1,Neg,target,305
Set 1,Neg,target,811
Set 1,Neg,target,23
Set 1,Neg,target,65
Set 1,Neg,target,86
Set 1,Neg,target,82
Set 1,Neg,target,526
Set 1,Neg,target,808
Set 1,Neg,target,991
Set 1,Neg,target,568
Set 1,Neg,target,842
Set 1,Neg,target,708
Set 1,Neg,target,574
Set 1,Neg,target,660
Set 1,Neg,target,552
Set 1,Neg,target,983
Set 1,Neg,target,834
Set 1,Neg,target,999
Set 1,Neg,target,4
Set 1,Neg,target,827
Set 1,Neg,target,324
Set 1,Neg,target,807
Set 1,Neg,target,98
Set 1,Neg,target,341
Set 1,Neg,target,624
Set 1,Neg,target,36
Set 1,Neg,target,984
Set 1,Neg,target,717
Set 1,Neg,target,136
Set 1,Neg,target,90
Set 1,Neg,target,793
Set 1,Neg,target,153
Set 1,Neg,target,49
Set 1,Neg,target,186
Set 1,Neg,target,221
Set 1,Neg,target,425
Set 1,Neg,target,866
Set 1,Neg,target,760
Set 1,Neg,target,883
Set 1,Neg,target,806
Set 1,Neg,target,902
Set 1,Neg,target,117
Set 1,Neg,target,352
Set 1,Neg,target,40
Set 1,Neg,target,1
Set 1,Neg,target,476
Set 1,Neg,target,821
Set 1,Neg,target,310
Set 1,Neg,target,17
Set 1,Neg,target,677
Set 1,Neg,target,187
Set 1,Neg,target,853
Set 1,Neg,target,210
Set 1,Neg,target,605
Set 1,Neg,target,448
Set 1,Neg,target,776
Set 1,Neg,target,66
Set 1,Neg,target,762
Set 1,Neg,target,40
Set 1,Neg,target,93
Set 1,Neg,target,800
Set 1,Neg,target,151
Set 1,Neg,target,724
Set 1,Neg,target,715
Set 1,Neg,target,701
Set 1,Neg,target,685
Set 1,Neg,target,581
Set 1,Neg,target,353
Set 1,Neg,target,782
Set 1,Neg,target,743
Set 1,Neg,target,538
Set 1,Neg,target,699
Set 1,Neg,target,583
Set 1,Neg,target,194
Set 1,Neg,target,71
Set 1,Neg,target,90
Set 1,Neg,target,682
Set 1,Neg,target,259
Set 1,Neg,target,586
Set 1,Neg,target,520
Set 1,Neg,target,267
Set 1,Neg,target,60
Set 1,Neg,target,263
Set 1,Neg,target,206
Set 1,Neg,target,39
Set 1,Neg,target,746
Set 1,Neg,target,760
Set 1,Neg,target,46
Set 1,Neg,target,177
Set 1,Neg,target,192
Set 1,Neg,target,68
Set 1,Neg,target,70
Set 1,Neg,target,109
Set 1,Neg,target,683
Set 1,Neg,target,903
Set 1,Neg,target,113
Set 1,Neg,target,968
Set 1,Neg,target,183
Set 1,Neg,target,927
Set 1,Neg,target,136
Set 1,Neg,target,736
Set 1,Neg,target,120
Set 1,Neg,target,615
Set 1,Neg,target,696
Set 1,Neg,target,83
Set 1,Neg,target,582
Set 1,Neg,target,420
Set 1,Neg,target,415
Set 1,Neg,target,778
Set 1,Neg,target,746
Set 1,Neg,target,934
Set 1,Neg,target,916
Set 1,Neg,target,405
Set 1,Neg,target,934
Set 1,Neg,target,838
Set 1,Neg,target,900
Set 1,Neg,target,877
Set 1,Neg,target,555
Set 1,Neg,target,838
Set 1,Neg,target,878
Set 1,Neg,target,113
Set 1,Neg,target,30
Set 1,Neg,target,919
Set 1,Neg,target,961
Set 1,Neg,target,936
Set 1,Neg,target,869
Set 1,Neg,target,894
Set 1,Neg,target,550
Set 1,Neg,target,911
Set 1,Neg,target,6
Set 1,Neg,decoy,245
Set 1,Neg,target,998
Set 1,Neg,target,779
Set 1,Neg,target,793
Set 1,Neg,target,997
Set 1,Neg,target,612
Set 1,Neg,target,992
Set 1,Neg,target,886
Set 1,Neg,target,608
Set 1,Neg,target,983
Set 1,Neg,target,714
Set 1,Neg,target,23
Set 1,Neg,target,491
Set 1,Neg,target,562
Set 1,Neg,target,222
Set 1,Neg,target,346
Set 1,Neg,target,845
Set 1,Neg,target,433
Set 1,Neg,target,428
Set 1,Neg,target,641
Set 1,Neg,target,9
Set 1,Neg,target,443
Set 1,Neg,target,499
Set 1,Neg,target,994
Set 1,Neg,target,347
Set 1,Neg,target,707
Set 1,Neg,target,795
Set 1,Neg,target,842
Set 1,Neg,target,417
Set 1,Neg,target,1000
Set 1,Neg,target,811
Set 1,Neg,target,851
Set 1,Neg,target,802
Set 1,Neg,target,651
Set 1,Neg,target,948
Set 1,Neg,target,995
Set 1,Neg,target,383
Set 1,Neg,target,603
Set 1,Neg,target,789
Set 1,Neg,target,872
Set 1,Neg,target,734
Set 1,Neg,target,658
Set 1,Neg,target,997
Set 1,Neg,target,970
Set 1,Neg,target,734
Set 1,Neg,target,916
Set 1,Neg,target,731
Set 1,Neg,target,634
Set 1,Neg,target,349
Set 1,Neg,target,850
Set 1,Neg,target,528
Set 1,Neg,target,836
Set 1,Neg,target,881
Set 1,Neg,target,1000
Set 1,Neg,target,695
Set 1,Neg,target,912
Set 1,Neg,target,524
Set 1,Neg,target,171
Set 1,Neg,target,958
Set 1,Neg,target,992
Set 1,Neg,target,193
Set 1,Neg,target,787
Set 1,Neg,target,799
Set 1,Neg,target,83
Set 1,Neg,target,996
Set 1,Neg,target,648
Set 1,Neg,target,94
Set 1,Neg,target,547
Set 1,Neg,target,772
Set 1,Neg,target,947
Set 1,Neg,target,976
Set 1,Neg,target,685
Set 1,Neg,target,733
Set 1,Neg,target,824
Set 1,Neg,target,865
Set 1,Neg,target,117
Set 1,Neg,target,996
Set 1,Neg,target,897
Set 1,Neg,target,886
Set 1,Neg,target,770
Set 1,Neg,target,643
Set 1,Neg,decoy,940
Set 1,Neg,target,500
Set 1,Neg,target,291
Set 1,Neg,target,830
Set 1,Neg,target,150
Set 1,Neg,target,794
Set 1,Neg,target,832
Set 1,Neg,target,195
Set 1,Neg,target,648
Set 1,Neg,target,702
Set 1,Neg,target,675
Set 1,Neg,target,228
Set 1,Neg,target,790
Set 1,Neg,target,912
Set 1,Neg,target,744
Set 1,Neg,target,562
Set 1,Neg,target,953
Set 1,Neg,target,632
Set 1,Neg,target,263
Set 1,Neg,target,958
Set 1,Neg,target,998
Set 1,Neg,target,651
Set 1,Neg,target,997
Set 1,Neg,target,168
Set 1,Neg,decoy,20
Set 1,Neg,target,191
Set 1,Neg,target,333
Set 1,Neg,target,397
Set 1,Neg,target,760
Set 1,Neg,target,522
Set 1,Neg,target,759
Set 1,Neg,target,962
Set 1,Neg,target,672
Set 1,Neg,target,867
Set 1,Neg,target,846
Set 1,Neg,target,704
Set 1,Neg,target,759
Set 1,Neg,target,15
Set 1,Neg,target,773
Set 1,Neg,target,656
Set 1,Neg,target,587
Set 1,Neg,target,829
Set 1,Neg,target,892
Set 1,Neg,target,645
Set 1,Neg,target,755
Set 1,Neg,target,910
Set 1,Neg,target,634
Set 1,Neg,target,946
Set 1,Neg,target,167
Set 1,Neg,target,762
Set 1,Neg,target,458
Set 1,Neg,target,87
Set 1,Neg,target,911
Set 1,Neg,target,998
Set 1,Neg,target,264
Set 1,Neg,target,690
Set 1,Neg,target,347
Set 1,Neg,target,307
Set 1,Neg,target,182
Set 1,Neg,target,8
Set 1,Neg,target,998
Set 1,Neg,target,998
Set 1,Neg,target,46
Set 1,Neg,target,995
Set 1,Neg,target,603
Set 1,Neg,target,687
Set 1,Neg,target,648
Set 1,Neg,target,1
Set 1,Neg,target,785
Set 1,Neg,target,10
Set 1,Neg,target,669
Set 1,Neg,target,674
Set 1,Neg,target,643
Set 1,Neg,target,92
Set 1,Neg,target,249
Set 1,Neg,target,560
Set 1,Neg,target,26
Set 1,Neg,target,8
Set 1,Neg,target,579
Set 1,Neg,target,968
Set 1,Neg,target,14
Set 1,Neg,target,589
Set 1,Neg,target,903
Set 1,Neg,target,753
Set 1,Neg,target,999
Set 1,Neg,target,996
Set 1,Neg,target,991
Set 1,Neg,target,400
Set 1,Neg,target,745
Set 1,Neg,target,308
Set 1,Neg,target,28
Set 1,Neg,target,989
Set 1,Neg,target,70
Set 1,Neg,target,191
Set 1,Neg,target,730
Set 1,Neg,target,596
Set 1,Neg,target,567
Set 1,Neg,target,413
Set 1,Neg,target,451
Set 1,Neg,target,477
Set 1,Neg,target,369
Set 1,Neg,target,303
Set 1,Neg,target,34
Set 1,Neg,target,668
Set 1,Neg,target,384
Set 1,Neg,target,318
Set 1,Neg,target,188
Set 1,Neg,target,144
Set 1,Neg,target,82
Set 1,Neg,target,749
Set 1,Neg,target,657
Set 1,Neg,target,76
Set 1,Neg,target,245
Set 1,Neg,target,125
Set 1,Neg,target,102
Set 1,Neg,target,926
Set 1,Neg,target,984
Set 1,Neg,target,816
Set 1,Neg,target,973
Set 1,Neg,target,66
Set 1,Neg,target,37
Set 1,Neg,target,886
Set 1,Neg,target,726
Set 1,Neg,target,775
Set 1,Neg,target,235
Set 1,Neg,target,674
Set 1,Neg,target,23
Set 1,Neg,target,373
Set 1,Neg,target,704
Set 1,Neg,target,437
Set 1,Neg,target,44
Set 1,Neg,target,576
Set 1,Neg,target,854
Set 1,Neg,target,803
Set 1,Neg,target,18
Set 1,Neg,target,762
Set 1,Neg,target,143
Set 1,Neg,target,883
Set 1,Neg,target,193
Set 1,Neg,target,368
Set 1,Neg,target,761
Set 1,Neg,target,882
Set 1,Neg,target,739
Set 1,Neg,target,851
Set 1,Neg,target,304
Set 1,Neg,target,63
Set 1,Neg,target,786
Set 1,Neg,target,559
Set 1,Neg,target,747
Set 1,Neg,target,940
Set 1,Neg,target,933
Set 1,Neg,target,25
Set 1,Neg,target,900
Set 1,Neg,target,952
Set 1,Neg,target,203
Set 1,Neg,target,915
Set 1,Neg,target,626
Set 1,Neg,target,75
Set 1,Neg,target,998
Set 1,Neg,target,147
Set 1,Neg,target,746
Set 1,Neg,target,930
Set 1,Neg,target,915
Set 1,Neg,target,628
Set 1,Neg,target,996
Set 1,Neg,target,992
Set 1,Neg,target,956
Set 1,Neg,target,983
Set 1,Neg,target,26
Set 1,Neg,target,760
Set 1,Neg,target,785
Set 1,Neg,target,215
Set 1,Neg,target,61
Set 1,Neg,target,980
Set 1,Neg,target,274
Set 1,Neg,target,863
Set 1,Neg,target,321
Set 1,Neg,target,703
Set 1,Neg,target,696
Set 1,Neg,target,189
Set 1,Neg,target,793
Set 1,Neg,target,351
Set 1,Neg,target,17
Set 1,Neg,target,977
Set 1,Neg,target,156
Set 1,Neg,target,424
Set 1,Neg,target,862
Set 1,Neg,target,992
Set 1,Neg,target,762
Set 1,Neg,target,811
Set 1,Neg,target,912
Set 1,Neg,target,886
Set 1,Neg,target,12
Set 1,Neg,target,838
Set 1,Neg,target,601
Set 1,Neg,target,968
Set 1,Neg,target,683
Set 1,Neg,target,808
Set 1,Neg,target,6
Set 1,Neg,target,613
Set 1,Neg,target,6
Set 1,Neg,target,483
Set 1,Neg,target,657
Set 1,Neg,target,995
Set 1,Neg,target,995
Set 1,Neg,target,667
Set 1,Neg,target,166
Set 1,Neg,target,775
Set 1,Neg,target,419
Set 1,Neg,target,313
Set 1,Neg,target,828
Set 1,Neg,target,735
Set 1,Neg,target,882
Set 1,Neg,target,788
Set 1,Neg,target,143
Set 1,Neg,target,869
Set 1,Neg,target,77
Set 1,Neg,target,749
Set 1,Neg,target,1000
Set 1,Neg,target,674
Set 1,Neg,target,675
Set 1,Neg,target,170
Set 1,Neg,target,844
Set 1,Neg,target,790
Set 1,Neg,target,3
Set 1,Neg,target,175
Set 1,Neg,target,998
Set 1,Neg,target,27
Set 1,Neg,target,681
Set 1,Neg,target,75
Set 1,Neg,target,776
Set 1,Neg,target,442
Set 1,Neg,target,722
Set 1,Neg,target,976
Set 1,Neg,target,220
Set 1,Neg,target,881
Set 1,Neg,target,762
Set 1,Neg,target,108
Set 1,Neg,target,680
Set 1,Neg,target,789
Set 1,Neg,target,885
Set 1,Neg,target,933
Set 1,Neg,target,798
Set 1,Neg,target,997
Set 1,Neg,target,858
Set 1,Neg,decoy,938
Set 1,Neg,target,441
Set 1,Neg,target,893
Set 1,Neg,target,834
Set 1,Neg,target,865
Set 1,Neg,target,912
Set 1,Neg,target,448
Set 1,Neg,target,13
Set 1,Neg,target,833
Set 1,Neg,target,743
Set 1,Neg,target,775
Set 1,Neg,target,740
Set 1,Neg,target,614
Set 1,Neg,target,955
Set 1,Neg,target,735
Set 1,Neg,target,941
Set 1,Neg,target,217
Set 1,Neg,target,957
Set 1,Neg,target,998
Set 1,Neg,target,997
Set 1,Neg,target,306
Set 1,Neg,decoy,19
Set 1,Neg,decoy,110
Set 1,Neg,target,648
Set 1,Neg,target,852
Set 1,Neg,target,952
Set 1,Neg,target,416
Set 1,Neg,target,522
Set 1,Neg,target,833
Set 1,Neg,target,152
Set 1,Neg,target,759
Set 1,Neg,target,574
Set 1,Neg,target,128
Set 1,Neg,target,744
Set 1,Neg,target,732
Set 1,Neg,target,875
Set 1,Neg,target,86
Set 1,Neg,target,721
Set 1,Neg,target,851
Set 1,Neg,target,848
Set 1,Neg,target,610
Set 1,Neg,target,629
Set 1,Neg,target,603
Set 1,Neg,target,636
Set 1,Neg,target,998
Set 1,Neg,target,852
Set 1,Neg,target,764
Set 1,Neg,target,949
Set 1,Neg,target,560
Set 1,Neg,target,744
Set 1,Neg,target,556
Set 1,Neg,target,155
Set 1,Neg,target,699
Set 1,Neg,target,389
Set 1,Neg,target,999
Set 1,Neg,target,310
Set 1,Neg,target,998
Set 1,Neg,target,704
Set 1,Neg,target,677
Set 1,Neg,target,679
Set 1,Neg,target,838
Set 1,Neg,target,925
Set 1,Neg,target,460
Set 1,Neg,target,997
Set 1,Neg,target,345
Set 1,Neg,target,88
Set 1,Neg,target,667
Set 1,Neg,target,794
Set 1,Neg,target,678
Set 1,Neg,target,381
Set 1,Neg,target,928
Set 1,Neg,target,77
Set 1,Neg,target,238
Set 1,Neg,target,780
Set 1,Neg,target,27
Set 1,Neg,target,998
Set 1,Neg,target,803
Set 1,Neg,target,680
Set 1,Neg,target,686
Set 1,Neg,target,999
Set 1,Neg,target,106
Set 1,Neg,target,988
Set 1,Neg,target,586
Set 1,Neg,target,998
Set 1,Neg,target,45
Set 1,Neg,target,93
Set 1,Neg,target,818
Set 1,Neg,target,641
Set 1,Neg,target,662
Set 1,Neg,target,533
Set 1,Neg,target,979
Set 1,Neg,target,760
Set 1,Neg,target,412
Set 1,Neg,target,994
Set 1,Neg,target,686
Set 1,Neg,target,852
Set 1,Neg,target,779
Set 1,Neg,target,672
Set 1,Neg,target,605
Set 1,Neg,target,655
Set 1,Neg,target,577
Set 1,Neg,target,582
Set 1,Neg,target,221
Set 1,Neg,target,566
Set 1,Neg,target,460
Set 1,Neg,target,127
Set 1,Neg,target,319
Set 1,Neg,target,559
Set 1,Neg,target,361
Set 1,Neg,target,68
Set 1,Neg,target,855
Set 1,Neg,target,93
Set 1,Neg,target,58
Set 1,Neg,target,156
Set 1,Neg,target,158
Set 1,Neg,target,182
Set 1,Neg,target,616
Set 1,Neg,target,940
Set 1,Neg,target,974
Set 1,Neg,target,880
Set 1,Neg,target,65
Set 1,Neg,target,678
Set 1,Neg,target,696
Set 1,Neg,target,260
Set 1,Neg,target,65
Set 1,Neg,target,33
Set 1,Neg,target,691
Set 1,Neg,target,450
Set 1,Neg,target,305
Set 1,Neg,target,691
Set 1,Neg,target,721
Set 1,Neg,target,927
Set 1,Neg,target,7
Set 1,Neg,target,370
Set 1,Neg,target,858
Set 1,Neg,target,478
Set 1,Neg,target,924
Set 1,Neg,target,896
Set 1,Neg,target,773
Set 1,Neg,target,617
Set 1,Neg,target,510
Set 1,Neg,target,898
Set 1,Neg,target,883
Set 1,Neg,target,953
Set 1,Neg,target,443
Set 1,Neg,target,8
Set 1,Neg,target,932
Set 1,Neg,target,963
Set 1,Neg,target,385
Set 1,Neg,target,924
Set 1,Neg,target,913
Set 1,Neg,target,875
Set 1,Neg,target,364
Set 1,Neg,target,928
Set 1,Neg,target,808
Set 1,Neg,target,998
Set 1,Neg,target,993
Set 1,Neg,target,966
Set 1,Neg,target,668
Set 1,Neg,target,20
Set 1,Neg,target,838
Set 1,Neg,target,927
Set 1,Neg,target,822
Set 1,Neg,target,537
Set 1,Neg,target,685
Set 1,Neg,target,6
Set 1,Neg,target,329
Set 1,Neg,target,200
Set 1,Neg,target,354
Set 1,Neg,target,52
Set 1,Neg,target,796
Set 1,Neg,target,268
Set 1,Neg,target,993
Set 1,Neg,target,667
Set 1,Neg,target,467
Set 1,Neg,target,401
Set 1,Neg,target,2
Set 1,Neg,target,778
Set 1,Neg,target,895
Set 1,Neg,target,842
Set 1,Neg,target,759
Set 1,Neg,target,787
Set 1,Neg,target,953
Set 1,Neg,target,859
Set 1,Neg,target,917
Set 1,Neg,target,82
Set 1,Neg,target,114
Set 1,Neg,decoy,62
Set 1,Neg,target,897
Set 1,Neg,target,675
Set 1,Neg,target,661
Set 1,Neg,target,610
Set 1,Neg,target,994
Set 1,Neg,target,863
Set 1,Neg,target,703
Set 1,Neg,target,658
Set 1,Neg,target,639
Set 1,Neg,target,998
Set 1,Neg,target,733
Set 1,Neg,target,190
Set 1,Neg,target,971
Set 1,Neg,target,716
Set 1,Neg,target,911
Set 1,Neg,target,335
Set 1,Neg,target,724
Set 1,Neg,target,769
Set 1,Neg,target,789
Set 1,Neg,target,811
Set 1,Neg,target,628
Set 1,Neg,target,587
Set 1,Neg,target,52
Set 1,Neg,target,86
Set 1,Neg,target,633
Set 1,Neg,target,882
Set 1,Neg,target,780
Set 1,Neg,target,647
Set 1,Neg,target,460
Set 1,Neg,target,993
Set 1,Neg,target,751
Set 1,Neg,target,243
Set 1,Neg,target,807
Set 1,Neg,target,999
Set 1,Neg,target,823
Set 1,Neg,target,85
Set 1,Neg,target,405
Set 1,Neg,target,976
Set 1,Neg,target,4
Set 1,Neg,target,839
Set 1,Neg,target,126
Set 1,Neg,target,823
Set 1,Neg,target,921
Set 1,Neg,target,134
Set 1,Neg,target,994
Set 1,Neg,target,836
Set 1,Neg,target,773
Set 1,Neg,target,873
Set 1,Neg,target,717
Set 1,Neg,target,474
Set 1,Neg,target,677
Set 1,Neg,decoy,946
Set 1,Neg,decoy,141
Set 1,Neg,target,604
Set 1,Neg,target,809
Set 1,Neg,target,827
Set 1,Neg,target,223
Set 1,Neg,target,923
Set 1,Neg,target,594
Set 1,Neg,target,734
Set 1,Neg,decoy,45
Set 1,Neg,target,1
Set 1,Neg,target,803
Set 1,Neg,target,810
Set 1,Neg,target,944
Set 1,Neg,target,445
Set 1,Neg,target,910
Set 1,Neg,target,706
Set 1,Neg,target,917
Set 1,Neg,target,402
Set 1,Neg,target,692
Set 1,Neg,target,739
Set 1,Neg,target,997
Set 1,Neg,target,839
Set 1,Neg,target,997
Set 1,Neg,target,312
Set 1,Neg,target,954
Set 1,Neg,target,744
Set 1,Neg,target,542
Set 1,Neg,target,776
Set 1,Neg,target,779
Set 1,Neg,target,613
Set 1,Neg,target,606
Set 1,Neg,target,245
Set 1,Neg,target,731
Set 1,Neg,target,774
Set 1,Neg,target,517
Set 1,Neg,target,65
Set 1,Neg,target,996
Set 1,Neg,target,927
Set 1,Neg,target,751
Set 1,Neg,target,744
Set 1,Neg,target,75
Set 1,Neg,target,741
Set 1,Neg,target,644
Set 1,Neg,target,653
Set 1,Neg,target,887
Set 1,Neg,target,775
Set 1,Neg,target,604
Set 1,Neg,target,64
Set 1,Neg,target,588
Set 1,Neg,target,833
Set 1,Neg,target,679
Set 1,Neg,target,999
Set 1,Neg,target,681
Set 1,Neg,target,82
Set 1,Neg,target,999
Set 1,Neg,target,309
Set 1,Neg,target,999
Set 1,Neg,target,762
Set 1,Neg,target,97
Set 1,Neg,target,759
Set 1,Neg,target,912
Set 1,Neg,target,997
Set 1,Neg,target,608
Set 1,Neg,target,745
Set 1,Neg,target,40
Set 1,Neg,target,320
Set 1,Neg,target,48
Set 1,Neg,target,10
Set 1,Neg,target,1
Set 1,Neg,target,753
Set 1,Neg,target,740
Set 1,Neg,target,98
Set 1,Neg,target,666
Set 1,Neg,target,975
Set 1,Neg,target,49
Set 1,Neg,target,61
Set 1,Neg,target,197
Set 1,Neg,target,999
Set 1,Neg,target,33
Set 1,Neg,target,955
Set 1,Neg,target,992
Set 1,Neg,target,723
Set 1,Neg,target,247
Set 1,Neg,target,69
Set 1,Neg,target,175
Set 1,Neg,target,251
Set 1,Neg,target,956
Set 1,Neg,target,804
Set 1,Neg,target,15
Set 1,Neg,target,686
Set 1,Neg,target,672
Set 1,Neg,target,600
Set 1,Neg,target,133
Set 1,Neg,target,679
Set 1,Neg,target,92
Set 1,Neg,target,115
Set 1,Neg,target,142
Set 1,Neg,target,825
Set 1,Neg,target,467
Set 1,Neg,target,612
Set 1,Neg,target,2
Set 1,Neg,target,799
Set 1,Neg,target,190
Set 1,Neg,target,156
Set 1,Neg,decoy,43
Set 1,Neg,target,2
Set 1,Neg,target,448
Set 1,Neg,target,108
Set 1,Neg,target,2
Set 1,Neg,target,189
Set 1,Neg,target,655
Set 1,Neg,target,308
Set 1,Neg,target,393
Set 1,Neg,target,804
Set 1,Neg,target,288
Set 1,Neg,target,107
Set 1,Neg,target,903
Set 1,Neg,target,180
Set 1,Neg,target,947
Set 1,Neg,target,885
Set 1,Neg,target,392
Set 1,Neg,target,732
Set 1,Neg,target,537
Set 1,Neg,target,164
Set 1,Neg,decoy,16
Set 1,Neg,target,562
Set 1,Neg,target,817
Set 1,Neg,target,540
Set 1,Neg,target,201
Set 1,Neg,target,824
Set 1,Neg,target,849
Set 1,Neg,target,85
Set 1,Neg,target,938
Set 1,Neg,target,807
Set 1,Neg,target,168
Set 1,Neg,target,869
Set 1,Neg,target,59
Set 1,Neg,target,833
Set 1,Neg,target,804
Set 1,Neg,target,802
Set 1,Neg,target,932
Set 1,Neg,target,880
Set 1,Neg,target,403
Set 1,Neg,target,925
Set 1,Neg,target,581
Set 1,Neg,target,66
Set 1,Neg,target,863
Set 1,Neg,target,38
Set 1,Neg,decoy,61
Set 1,Neg,target,482
Set 1,Neg,target,910
Set 1,Neg,target,938
Set 1,Neg,target,959
Set 1,Neg,target,121
Set 1,Neg,target,435
Set 1,Neg,target,912
Set 1,Neg,target,574
Set 1,Neg,target,883
Set 1,Neg,target,889
Set 1,Neg,target,998
Set 1,Neg,decoy,74
Set 1,Neg,target,950
Set 1,Neg,target,955
Set 1,Neg,target,997
Set 1,Neg,target,768
Set 1,Neg,target,991
Set 1,Neg,target,680
Set 1,Neg,target,822
Set 1,Neg,target,956
Set 1,Neg,decoy,35
Set 1,Neg,target,824
Set 1,Neg,decoy,118
Set 1,Neg,target,1
Set 1,Neg,target,977
Set 1,Neg,target,835
Set 1,Neg,target,583
Set 1,Neg,target,809
Set 1,Neg,target,784
Set 1,Neg,target,470
Set 1,Neg,target,952
Set 1,Neg,target,987
Set 1,Neg,target,450
Set 1,Neg,target,76
Set 1,Neg,target,494
Set 1,Neg,target,748
Set 1,Neg,target,993
Set 1,Neg,target,458
Set 1,Neg,target,787
Set 1,Neg,target,565
Set 1,Neg,target,53
Set 1,Neg,target,514
Set 1,Neg,target,842
Set 1,Neg,decoy,145
Set 1,Neg,target,28
Set 1,Neg,target,966
Set 1,Neg,target,631
Set 1,Neg,target,898
Set 1,Neg,target,600
Set 1,Neg,target,665
Set 1,Neg,target,996
Set 1,Neg,target,4
Set 1,Neg,target,818
Set 1,Neg,target,504
Set 1,Neg,target,992
Set 1,Neg,target,4
Set 1,Neg,target,969
Set 1,Neg,target,952
Set 1,Neg,target,788
Set 1,Neg,target,540
Set 1,Neg,target,364
Set 1,Neg,target,766
Set 1,Neg,target,706
Set 1,Neg,target,590
Set 1,Neg,target,832
Set 1,Neg,target,35
Set 1,Neg,target,903
Set 1,Neg,target,14
Set 1,Neg,target,850
Set 1,Neg,target,884
Set 1,Neg,target,63
Set 1,Neg,target,815
Set 1,Neg,target,841
Set 1,Neg,target,652
Set 1,Neg,target,640
Set 1,Neg,target,825
Set 1,Neg,target,370
Set 1,Neg,target,938
Set 1,Neg,target,469
Set 1,Neg,target,800
Set 1,Neg,target,95
Set 1,Neg,target,717
Set 1,Neg,target,962
Set 1,Neg,target,999
Set 1,Neg,target,631
Set 1,Neg,target,91
Set 1,Neg,target,622
Set 1,Neg,target,739
Set 1,Neg,target,921
Set 1,Neg,target,928
Set 1,Neg,target,114
Set 1,Neg,target,999
Set 1,Neg,target,735
Set 1,Neg,target,771
Set 1,Neg,target,922
Set 1,Neg,target,996
Set 1,Neg,target,869
Set 1,Neg,decoy,225
Set 1,Neg,decoy,950
Set 1,Neg,target,800
Set 1,Neg,target,853
Set 1,Neg,target,931
Set 1,Neg,target,960
Set 1,Neg,target,498
Set 1,Neg,target,828
Set 1,Neg,target,976
Set 1,Neg,target,680
Set 1,Neg,target,776
Set 1,Neg,target,767
Set 1,Neg,target,134
Set 1,Neg,target,882
Set 1,Neg,target,948
Set 1,Neg,target,646
Set 1,Neg,target,835
Set 1,Neg,target,668
Set 1,Neg,target,997
Set 1,Neg,target,246
Set 1,Neg,target,667
Set 1,Neg,decoy,55
Set 1,Neg,target,997
Set 1,Neg,target,208
Set 1,Neg,target,395
Set 1,Neg,target,630
Set 1,Neg,target,520
Set 1,Neg,target,669
Set 1,Neg,target,799
Set 1,Neg,target,531
Set 1,Neg,target,124
Set 1,Neg,target,261
Set 1,Neg,target,355
Set 1,Neg,target,710
Set 1,Neg,target,768
Set 1,Neg,target,47
Set 1,Neg,target,934
Set 1,Neg,target,855
Set 1,Neg,target,874
Set 1,Neg,target,563
Set 1,Neg,target,714
Set 1,Neg,target,642
Set 1,Neg,target,450
Set 1,Neg,target,480
Set 1,Neg,target,581
Set 1,Neg,target,874
Set 1,Neg,target,770
Set 1,Neg,target,721
Set 1,Neg,target,633
Set 1,Neg,target,804
Set 1,Neg,target,850
Set 1,Neg,target,781
Set 1,Neg,target,874
Set 1,Neg,target,648
Set 1,Neg,target,562
Set 1,Neg,target,440
Set 1,Neg,target,744
Set 1,Neg,target,899
Set 1,Neg,target,957
Set 1,Neg,target,17
Set 1,Neg,target,598
Set 1,Neg,target,75
Set 1,Neg,target,324
Set 1,Neg,target,743
Set 1,Neg,target,380
Set 1,Neg,target,998
Set 1,Neg,target,999
Set 1,Neg,target,667
Set 1,Neg,target,999
Set 1,Neg,target,279
Set 1,Neg,target,671
Set 1,Neg,target,31
Set 1,Neg,target,491
Set 1,Neg,target,998
Set 1,Neg,target,595
Set 1,Neg,target,844
Set 1,Neg,target,65
Set 1,Neg,target,470
Set 1,Neg,target,293
Set 1,Neg,target,671
Set 1,Neg,target,782
Set 1,Neg,target,770
Set 1,Neg,target,570
Set 1,Neg,target,718
Set 1,Neg,target,629
Set 1,Neg,target,529
Set 1,Neg,target,989
Set 1,Neg,target,752
Set 1,Neg,target,88
Set 1,Neg,target,528
Set 1,Neg,target,43
Set 1,Neg,target,999
Set 1,Neg,target,995
Set 1,Neg,target,167
Set 1,Neg,target,998
Set 1,Neg,target,134
Set 1,Neg,target,418
Set 1,Neg,target,417
Set 1,Neg,target,158
Set 1,Neg,target,748
Set 1,Neg,target,591
Set 1,Neg,target,371
Set 1,Neg,target,558
Set 1,Neg,target,302
Set 1,Neg,target,46
Set 1,Neg,target,993
Set 1,Neg,target,814
Set 1,Neg,target,71
Set 1,Neg,target,62
Set 1,Neg,target,72
Set 1,Neg,target,21
Set 1,Neg,target,749
Set 1,Neg,target,39
Set 1,Neg,target,143
Set 1,Neg,target,5
Set 1,Neg,target,778
Set 1,Neg,target,778
Set 1,Neg,target,698
Set 1,Neg,target,645
Set 1,Neg,target,787
Set 1,Neg,target,773
Set 1,Neg,target,663
Set 1,Neg,target,367
Set 1,Neg,target,177
Set 1,Neg,target,210
Set 1,Neg,target,624
Set 1,Neg,target,722
Set 1,Neg,target,516
Set 1,Neg,target,45
Set 1,Neg,target,775
Set 1,Neg,target,282
Set 1,Neg,target,718
Set 1,Neg,target,688
Set 1,Neg,target,166
Set 1,Neg,target,161
Set 1,Neg,target,666
Set 1,Neg,target,868
Set 1,Neg,target,930
Set 1,Neg,target,991
Set 1,Neg,target,879
Set 1,Neg,target,973
Set 1,Neg,target,892
Set 1,Neg,target,70
Set 1,Neg,target,784
Set 1,Neg,target,418
Set 1,Neg,target,731
Set 1,Neg,target,931
Set 1,Neg,target,199
Set 1,Neg,target,423
Set 1,Neg,target,387
Set 1,Neg,target,268
Set 1,Neg,target,304
Set 1,Neg,target,693
Set 1,Neg,target,731
Set 1,Neg,target,839
Set 1,Neg,target,929
Set 1,Neg,target,378
Set 1,Neg,target,879
Set 1,Neg,target,34
Set 1,Neg,target,936
Set 1,Neg,target,980
Set 1,Neg,target,729
Set 1,Neg,target,813
Set 1,Neg,target,950
Set 1,Neg,target,884
Set 1,Neg,target,936
Set 1,Neg,target,525
Set 1,Neg,decoy,41
Set 1,Neg,target,897
Set 1,Neg,target,854
Set 1,Neg,target,123
Set 1,Neg,target,421
Set 1,Neg,target,818
Set 1,Neg,target,937
Set 1,Neg,target,913
Set 1,Neg,target,457
Set 1,Neg,target,534
Set 1,Neg,target,31
Set 1,Neg,target,871
Set 1,Neg,target,439
Set 1,Neg,target,76
Set 1,Neg,target,882
Set 1,Neg,target,998
Set 1,Neg,target,934
Set 1,Neg,target,802
Set 1,Neg,target,997
Set 1,Neg,target,600
Set 1,Neg,target,992
Set 1,Neg,target,685
Set 1,Neg,target,912
Set 1,Neg,target,759
Set 1,Neg,target,15
Set 1,Neg,target,843
Set 1,Neg,target,297
Set 1,Neg,target,960
Set 1,Neg,target,628
Set 1,Neg,target,507
Set 1,Neg,target,877
Set 1,Neg,target,938
Set 1,Neg,target,875
Set 1,Neg,target,747
Set 1,Neg,target,119
Set 1,Neg,target,433
Set 1,Neg,target,880
Set 1,Neg,target,612
Set 1,Neg,target,541
Set 1,Neg,target,752
Set 1,Neg,target,86
Set 1,Neg,target,494
Set 1,Neg,target,378
Set 1,Neg,target,815
Set 1,Neg,target,992
Set 1,Neg,target,101
Set 1,Neg,target,821
Set 1,Neg,target,955
Set 1,Neg,target,119
Set 1,Neg,target,812
Set 1,Neg,target,954
Set 1,Neg,target,853
Set 1,Neg,decoy,121
Set 1,Neg,target,2
Set 1,Neg,target,907
Set 1,Neg,target,540
Set 1,Neg,target,623
Set 1,Neg,target,973
Set 1,Neg,target,192
Set 1,Neg,target,925
Set 1,Neg,target,4
Set 1,Neg,target,675
Set 1,Neg,target,720
Set 1,Neg,target,790
Set 1,Neg,target,112
Set 1,Neg,target,969
Set 1,Neg,target,783
Set 1,Neg,target,719
Set 1,Neg,target,998
Set 1,Neg,target,920
Set 1,Neg,target,392
Set 1,Neg,target,808
Set 1,Neg,target,689
Set 1,Neg,target,994
Set 1,Neg,target,826
Set 1,Neg,target,903
Set 1,Neg,target,967
Set 1,Neg,target,518
Set 1,Neg,target,673
Set 1,Neg,target,63
Set 1,Neg,target,762
Set 1,Neg,target,98
Set 1,Neg,target,472
Set 1,Neg,target,920
Set 1,Neg,target,980
Set 1,Neg,target,546
Set 1,Neg,target,458
Set 1,Neg,target,899
Set 1,Neg,target,750
Set 1,Neg,target,999
Set 1,Neg,target,764
Set 1,Neg,target,616
Set 1,Neg,target,658
Set 1,Neg,target,70
Set 1,Neg,target,976
Set 1,Neg,target,11
Set 1,Neg,target,647
Set 1,Neg,target,852
Set 1,Neg,target,28
Set 1,Neg,target,926
Set 1,Neg,target,763
Set 1,Neg,target,998
Set 1,Neg,target,870
Set 1,Neg,target,733
Set 1,Neg,target,825
Set 1,Neg,decoy,956
Set 1,Neg,decoy,194
Set 1,Neg,target,188
Set 1,Neg,target,68
Set 1,Neg,target,828
Set 1,Neg,target,922
Set 1,Neg,target,580
Set 1,Neg,target,648
Set 1,Neg,target,714
Set 1,Neg,target,692
Set 1,Neg,target,746
Set 1,Neg,target,740
Set 1,Neg,target,178
Set 1,Neg,target,626
Set 1,Neg,target,900
Set 1,Neg,target,347
Set 1,Neg,target,931
Set 1,Neg,target,164
Set 1,Neg,target,655
Set 1,Neg,target,955
Set 1,Neg,target,995
Set 1,Neg,target,216
Set 1,Neg,target,835
Set 1,Neg,target,661
Set 1,Neg,target,996
Set 1,Neg,decoy,58
Set 1,Neg,target,262
Set 1,Neg,target,962
Set 1,Neg,target,425
Set 1,Neg,target,830
Set 1,Neg,target,843
Set 1,Neg,target,631
Set 1,Neg,target,631
Set 1,Neg,target,747
Set 1,Neg,target,768
Set 1,Neg,target,768
Set 1,Neg,target,785
Set 1,Neg,target,92
Set 1,Neg,target,117
Set 1,Neg,target,872
Set 1,Neg,target,731
Set 1,Neg,target,775
Set 1,Neg,target,429
Set 1,Neg,target,542
Set 1,Neg,target,816
Set 1,Neg,target,602
Set 1,Neg,target,223
Set 1,Neg,target,872
Set 1,Neg,target,826
Set 1,Neg,target,54
Set 1,Neg,target,9
Set 1,Neg,target,634
Set 1,Neg,target,995
Set 1,Neg,target,464
Set 1,Neg,target,814
Set 1,Neg,target,936
Set 1,Neg,target,102
Set 1,Neg,target,868
Set 1,Neg,target,570
Set 1,Neg,target,197
Set 1,Neg,target,765
Set 1,Neg,target,594
Set 1,Neg,target,999
Set 1,Neg,target,571
Set 1,Neg,target,612
Set 1,Neg,target,591
Set 1,Neg,target,998
Set 1,Neg,target,175
Set 1,Neg,target,998
Set 1,Neg,target,229
Set 1,Neg,target,670
Set 1,Neg,target,865
Set 1,Neg,target,672
Set 1,Neg,target,81
Set 1,Neg,target,16
Set 1,Neg,target,774
Set 1,Neg,target,921
Set 1,Neg,target,783
Set 1,Neg,target,187
Set 1,Neg,target,640
Set 1,Neg,target,340
Set 1,Neg,target,92
Set 1,Neg,target,805
Set 1,Neg,target,650
Set 1,Neg,target,424
Set 1,Neg,target,591
Set 1,Neg,target,1000
Set 1,Neg,target,85
Set 1,Neg,target,84
Set 1,Neg,target,695
Set 1,Neg,target,994
Set 1,Neg,target,283
Set 1,Neg,target,411
Set 1,Neg,target,487
Set 1,Neg,target,628
Set 1,Neg,target,897
Set 1,Neg,target,999
Set 1,Neg,target,996
Set 1,Neg,target,35
Set 1,Neg,target,23
Set 1,Neg,target,659
Set 1,Neg,target,130
Set 1,Neg,target,749
Set 1,Neg,target,582
Set 1,Neg,target,999
Set 1,Neg,target,135
Set 1,Neg,target,993
Set 1,Neg,target,509
Set 1,Neg,target,540
Set 1,Neg,target,743
Set 1,Neg,target,739
Set 1,Neg,target,13
Set 1,Neg,target,885
Set 1,Neg,target,717
Set 1,Neg,target,695
Set 1,Neg,target,754
Set 1,Neg,target,660
Set 1,Neg,target,535
Set 1,Neg,target,437
Set 1,Neg,target,413
Set 1,Neg,target,547
Set 1,Neg,target,171
Set 1,Neg,target,342
Set 1,Neg,target,571
Set 1,Neg,target,566
Set 1,Neg,target,206
Set 1,Neg,target,242
Set 1,Neg,target,77
Set 1,Neg,target,55
Set 1,Neg,target,761
Set 1,Neg,target,530
Set 1,Neg,target,215
Set 1,Neg,target,516
Set 1,Neg,target,485
Set 1,Neg,target,452
Set 1,Neg,target,229
Set 1,Neg,target,825
Set 1,Neg,target,926
Set 1,Neg,target,980
Set 1,Neg,target,53
Set 1,Neg,target,988
Set 1,Neg,target,177
Set 1,Neg,target,887
Set 1,Neg,target,209
Set 1,Neg,target,82
Set 1,Neg,target,767
Set 1,Neg,target,692
Set 1,Neg,target,57
Set 1,Neg,target,29
Set 1,Neg,target,17
Set 1,Neg,target,147
Set 1,Neg,target,601
Set 1,Neg,target,807
Set 1,Neg,target,417
Set 1,Neg,target,634
Set 1,Neg,target,871
Set 1,Neg,target,780
Set 1,Neg,target,936
Set 1,Neg,target,224
Set 1,Neg,target,808
Set 1,Neg,target,784
Set 1,Neg,target,872
Set 1,Neg,target,77
Set 1,Neg,target,939
Set 1,Neg,target,874
Set 1,Neg,target,838
Set 1,Neg,target,940
Set 1,Neg,target,873
Set 1,Neg,target,416
Set 1,Neg,target,24
Set 1,Neg,target,748
Set 1,Neg,target,913
Set 1,Neg,target,420
Set 1,Neg,target,905
Set 1,Neg,target,664
Set 1,Neg,target,903
Set 1,Neg,target,98
Set 1,Neg,target,825
Set 1,Neg,target,824
Set 1,Neg,target,833
Set 1,Neg,target,97
Set 1,Neg,target,598
Set 1,Neg,target,946
Set 1,Neg,target,778
Set 1,Neg,target,955
Set 1,Neg,target,627
Set 1,Neg,target,998
Set 1,Neg,target,748
Set 1,Neg,target,992
Set 1,Neg,target,993
Set 1,Neg,target,891
Set 1,Neg,target,547
Set 1,Neg,target,8
Set 1,Neg,target,251
Set 1,Neg,target,981
Set 1,Neg,target,869
Set 1,Neg,target,124
Set 1,Neg,target,583
Set 1,Neg,target,790
Set 1,Neg,target,150
Set 1,Neg,target,757
Set 1,Neg,target,836
Set 1,Neg,target,484
Set 1,Neg,target,886
Set 1,Neg,target,825
Set 1,Neg,target,780
Set 1,Neg,target,886
Set 1,Neg,target,993
Set 1,Neg,target,414
Set 1,Neg,target,21
Set 1,Neg,target,528
Set 1,Neg,target,851
Set 1,Neg,target,952
Set 1,Neg,target,858
Set 1,Neg,target,684
Set 1,Neg,target,856
Set 1,Neg,target,973
Set 1,Neg,target,619
Set 1,Neg,target,57
Set 1,Neg,target,671
Set 1,Neg,target,596
Set 1,Neg,target,980
Set 1,Neg,target,813
Set 1,Neg,target,802
Set 1,Neg,target,848
Set 1,Neg,target,12
Set 1,Neg,target,818
Set 1,Neg,target,680
Set 1,Neg,target,997
Set 1,Neg,target,640
Set 1,Neg,target,612
Set 1,Neg,target,970
Set 1,Neg,target,800
Set 1,Neg,target,737
Set 1,Neg,target,149
Set 1,Neg,target,367
Set 1,Neg,target,775
Set 1,Neg,target,847
Set 1,Neg,target,995
Set 1,Neg,target,722
Set 1,Neg,target,119
Set 1,Neg,target,818
Set 1,Neg,target,737
Set 1,Neg,target,575
Set 1,Neg,target,188
Set 1,Neg,target,58
Set 1,Neg,target,536
Set 1,Neg,target,662
Set 1,Neg,target,972
Set 1,Neg,target,867
Set 1,Neg,target,772
Set 1,Neg,target,998
Set 1,Neg,target,720
Set 1,Neg,target,713
Set 1,Neg,target,85
Set 1,Neg,target,556
Set 1,Neg,target,19
Set 1,Neg,target,977
Set 1,Neg,target,718
Set 1,Neg,target,667
Set 1,Neg,target,873
Set 1,Neg,target,926
Set 1,Neg,target,997
Set 1,Neg,target,993
Set 1,Neg,target,865
Set 1,Neg,target,632
Set 1,Neg,target,893
Set 1,Neg,target,819
Set 1,Neg,decoy,236
Set 1,Neg,target,704
Set 1,Neg,target,860
Set 1,Neg,target,801
Set 1,Neg,target,922
Set 1,Neg,target,664
Set 1,Neg,decoy,59
Set 1,Neg,target,3
Set 1,Neg,target,847
Set 1,Neg,target,816
Set 1,Neg,target,644
Set 1,Neg,target,956
Set 1,Neg,target,331
Set 1,Neg,target,7
Set 1,Neg,target,918
Set 1,Neg,decoy,782
Set 1,Neg,target,186
Set 1,Neg,target,937
Set 1,Neg,target,593
Set 1,Neg,target,953
Set 1,Neg,target,631
Set 1,Neg,target,997
Set 1,Neg,decoy,64
Set 1,Neg,target,998
Set 1,Neg,target,103
Set 1,Neg,target,438
Set 1,Neg,target,372
Set 1,Neg,target,772
Set 1,Neg,target,538
Set 1,Neg,target,783
Set 1,Neg,target,959
Set 1,Neg,target,757
Set 1,Neg,target,675
Set 1,Neg,target,866
Set 1,Neg,target,616
Set 1,Neg,target,632
Set 1,Neg,target,688
Set 1,Neg,target,905
Set 1,Neg,target,8
Set 1,Neg,target,32
Set 1,Neg,target,593
Set 1,Neg,target,783
Set 1,Neg,target,405
Set 1,Neg,target,832
Set 1,Neg,target,635
Set 1,Neg,target,683
Set 1,Neg,target,918
Set 1,Neg,target,854
Set 1,Neg,target,992
Set 1,Neg,target,776
Set 1,Neg,target,310
Set 1,Neg,target,187
Set 1,Neg,target,920
Set 1,Neg,target,55
Set 1,Neg,target,487
Set 1,Neg,target,778
Set 1,Neg,target,700
Set 1,Neg,target,189
Set 1,Neg,target,306
Set 1,Neg,target,248
Set 1,Neg,target,999
Set 1,Neg,target,998
Set 1,Neg,target,999
Set 1,Neg,target,998
Set 1,Neg,target,657
Set 1,Neg,target,78
Set 1,Neg,target,154
Set 1,Neg,target,475
Set 1,Neg,target,46
Set 1,Neg,target,691
Set 1,Neg,target,637
Set 1,Neg,target,729
Set 1,Neg,target,91
Set 1,Neg,target,619
Set 1,Neg,target,668
Set 1,Neg,target,278
Set 1,Neg,target,469
Set 1,Neg,target,13
Set 1,Neg,target,799
Set 1,Neg,target,804
Set 1,Neg,target,737
Set 1,Neg,target,360
Set 1,Neg,target,999
Set 1,Neg,target,419
Set 1,Neg,target,460
Set 1,Neg,target,996
Set 1,Neg,target,931
Set 1,Neg,target,998
Set 1,Neg,target,994
Set 1,Neg,target,996
Set 1,Neg,target,69
Set 1,Neg,target,76
Set 1,Neg,target,15
Set 1,Neg,target,316
Set 1,Neg,target,797
Set 1,Neg,target,306
Set 1,Neg,target,712
Set 1,Neg,target,653
Set 1,Neg,target,611
Set 1,Neg,target,990
Set 1,Neg,target,2
Set 1,Neg,target,77
Set 1,Neg,target,534
Set 1,Neg,target,53
Set 1,Neg,target,994
Set 1,Neg,target,8
Set 1,Neg,target,798
Set 1,Neg,target,101
Set 1,Neg,target,901
Set 1,Neg,target,750
Set 1,Neg,target,730
Set 1,Neg,target,758
Set 1,Neg,target,387
Set 1,Neg,target,577
Set 1,Neg,target,328
Set 1,Neg,target,674
Set 1,Neg,target,556
Set 1,Neg,target,161
Set 1,Neg,target,717
Set 1,Neg,target,730
Set 1,Neg,target,640
Set 2,Pos,target,730
Set 2,Pos,target,224
Set 2,Pos,decoy,119
Set 2,Pos,target,11
Set 2,Pos,target,1
Set 2,Pos,target,1
Set 2,Pos,target,1
Set 2,Pos,target,1
Set 2,Pos,target,3
Set 2,Pos,target,1
Set 2,Pos,target,345
Set 2,Pos,target,18
Set 2,Pos,target,3
Set 2,Pos,target,954
Set 2,Pos,target,8
Set 2,Pos,decoy,790
Set 2,Pos,target,284
Set 2,Pos,target,78
Set 2,Pos,decoy,22
Set 2,Pos,target,152
Set 2,Pos,target,996
Set 2,Pos,target,739
Set 2,Pos,target,45
Set 2,Pos,target,998
Set 2,Pos,target,990
Set 2,Pos,target,925
Set 2,Pos,target,992
Set 2,Pos,target,3
Set 2,Pos,target,996
Set 2,Pos,target,978
Set 2,Pos,decoy,2
Set 2,Pos,target,989
Set 2,Pos,target,944
Set 2,Pos,target,249
Set 2,Pos,target,7
Set 2,Pos,target,845
Set 2,Pos,target,122
Set 2,Pos,target,5
Set 2,Pos,target,10
Set 2,Pos,target,1
Set 2,Pos,target,981
Set 2,Pos,target,118
Set 2,Pos,target,785
Set 2,Pos,target,5
Set 2,Pos,target,889
Set 2,Pos,target,56
Set 2,Pos,target,876
Set 2,Pos,target,2
Set 2,Pos,target,6
Set 2,Pos,target,28
Set 2,Pos,target,931
Set 2,Pos,target,4
Set 2,Pos,target,3
Set 2,Pos,target,670
Set 2,Pos,target,883
Set 2,Pos,target,5
Set 2,Pos,decoy,13
Set 2,Pos,target,687
Set 2,Pos,target,5
Set 2,Pos,target,925
Set 2,Pos,target,3
Set 2,Pos,target,4
Set 2,Pos,target,653
Set 2,Pos,target,3
Set 2,Pos,target,680
Set 2,Pos,target,1
Set 2,Pos,target,818
Set 2,Pos,target,38
Set 2,Pos,target,1
Set 2,Pos,target,86
Set 2,Pos,target,565
Set 2,Pos,target,5
Set 2,Pos,target,6
Set 2,Pos,target,885
Set 2,Pos,target,254
Set 2,Pos,target,5
Set 2,Pos,target,949
Set 2,Pos,target,809
Set 2,Pos,target,5
Set 2,Pos,target,934
Set 2,Pos,target,10
Set 2,Pos,target,452
Set 2,Pos,target,2
Set 2,Pos,target,944
Set 2,Pos,target,3
Set 2,Pos,target,1
Set 2,Pos,target,3
Set 2,Pos,target,932
Set 2,Pos,target,125
Set 2,Pos,target,3
Set 2,Pos,target,963
Set 2,Pos,target,848
Set 2,Pos,target,4
Set 2,Pos,target,904
Set 2,Pos,target,2
Set 2,Pos,target,940
Set 2,Pos,target,1
Set 2,Pos,target,169
Set 2,Pos,target,4
Set 2,Pos,target,184
Set 2,Pos,target,237
Set 2,Pos,target,440
Set 2,Pos,target,672
Set 2,Pos,target,192
Set 2,Pos,target,900
Set 2,Pos,target,989
Set 2,Pos,target,15
Set 2,Pos,target,973
Set 2,Pos,target,237
Set 2,Pos,target,992
Set 2,Pos,target,994
Set 2,Pos,target,882
Set 2,Pos,target,972
Set 2,Pos,decoy,20
Set 2,Pos,target,905
Set 2,Pos,target,996
Set 2,Pos,target,896
Set 2,Pos,decoy,13
Set 2,Pos,target,822
Set 2,Pos,target,97
Set 2,Pos,target,153
Set 2,Pos,target,975
Set 2,Pos,target,854
Set 2,Pos,target,993
Set 2,Pos,target,783
Set 2,Pos,target,992
Set 2,Pos,target,811
Set 2,Pos,target,2
Set 2,Pos,target,856
Set 2,Pos,target,721
Set 2,Pos,target,3
Set 2,Pos,target,841
Set 2,Pos,target,997
Set 2,Pos,target,908
Set 2,Pos,target,984
Set 2,Pos,target,2
Set 2,Pos,target,133
Set 2,Pos,target,999
Set 2,Pos,target,140
Set 2,Pos,target,914
Set 2,Pos,target,997
Set 2,Pos,target,2
Set 2,Pos,target,248
Set 2,Pos,target,841
Set 2,Pos,target,973
Set 2,Pos,target,999
Set 2,Pos,target,809
Set 2,Pos,target,3
Set 2,Pos,target,883
Set 2,Pos,target,991
Set 2,Pos,target,3
Set 2,Pos,target,143
Set 2,Pos,target,987
Set 2,Pos,target,839
Set 2,Pos,target,835
Set 2,Pos,target,988
Set 2,Pos,target,861
Set 2,Pos,target,829
Set 2,Pos,target,774
Set 2,Pos,target,992
Set 2,Pos,target,999
Set 2,Pos,target,714
Set 2,Pos,target,988
Set 2,Pos,target,187
Set 2,Pos,target,974
Set 2,Pos,target,843
Set 2,Pos,target,999
Set 2,Pos,target,983
Set 2,Pos,target,728
Set 2,Pos,target,999
Set 2,Pos,target,42
Set 2,Pos,target,848
Set 2,Pos,target,983
Set 2,Pos,target,841
Set 2,Pos,target,986
Set 2,Pos,target,886
Set 2,Pos,decoy,2
Set 2,Pos,target,999
Set 2,Pos,target,865
Set 2,Pos,target,954
Set 2,Pos,target,880
Set 2,Pos,target,195
Set 2,Pos,target,985
Set 2,Pos,target,770
Set 2,Pos,target,975
Set 2,Pos,target,830
Set 2,Pos,target,944
Set 2,Pos,target,605
Set 2,Pos,target,838
Set 2,Pos,target,999
Set 2,Pos,target,981
Set 2,Pos,target,994
Set 2,Pos,target,796
Set 2,Pos,target,997
Set 2,Pos,target,915
Set 2,Pos,target,710
Set 2,Pos,target,864
Set 2,Pos,target,978
Set 2,Pos,target,850
Set 2,Pos,target,825
Set 2,Pos,target,860
Set 2,Pos,target,992
Set 2,Pos,target,837
Set 2,Pos,target,951
Set 2,Pos,target,996
Set 2,Pos,target,908
Set 2,Pos,target,813
Set 2,Pos,target,2
Set 2,Pos,target,999
Set 2,Pos,target,825
Set 2,Pos,target,2
Set 2,Pos,target,997
Set 2,Pos,target,900
Set 2,Pos,target,927
Set 2,Pos,target,994
Set 2,Pos,target,950
Set 2,Pos,target,807
Set 2,Pos,target,873
Set 2,Pos,target,999
Set 2,Pos,target,921
Set 2,Pos,target,999
Set 2,Pos,target,991
Set 2,Pos,target,851
Set 2,Pos,target,894
Set 2,Pos,target,999
Set 2,Pos,target,987
Set 2,Pos,target,776
Set 2,Pos,target,999
Set 2,Pos,target,806
Set 2,Pos,target,986
Set 2,Pos,target,848
Set 2,Pos,target,999
Set 2,Pos,target,996
Set 2,Pos,target,853
Set 2,Pos,target,995
Set 2,Pos,target,999
Set 2,Pos,target,981
Set 2,Pos,target,999
Set 2,Pos,target,102
Set 2,Pos,target,997
Set 2,Pos,target,997
Set 2,Pos,target,983
Set 2,Pos,target,128
Set 2,Pos,decoy,2
Set 2,Pos,target,982
Set 2,Pos,target,725
Set 2,Pos,target,630
Set 2,Pos,target,464
Set 2,Pos,target,410
Set 2,Pos,target,937
Set 2,Pos,target,845
Set 2,Pos,target,888
Set 2,Pos,target,508
Set 2,Pos,target,634
Set 2,Pos,target,158
Set 2,Pos,target,938
Set 2,Pos,target,952
Set 2,Pos,target,966
Set 2,Pos,target,979
Set 2,Pos,target,947
Set 2,Pos,target,937
Set 2,Pos,target,938
Set 2,Pos,target,942
Set 2,Pos,target,954
Set 2,Pos,target,957
Set 2,Pos,target,307
Set 2,Pos,target,994
Set 2,Pos,target,907
Set 2,Pos,target,984
Set 2,Pos,target,992
Set 2,Pos,target,997
Set 2,Pos,target,953
Set 2,Pos,target,1
Set 2,Pos,target,3
Set 2,Pos,target,955
Set 2,Pos,target,949
Set 2,Pos,target,955
Set 2,Pos,target,944
Set 2,Pos,target,721
Set 2,Pos,target,951
Set 2,Pos,target,955
Set 2,Pos,target,1000
Set 2,Pos,target,854
Set 2,Pos,target,959
Set 2,Pos,target,942
Set 2,Pos,target,997
Set 2,Pos,target,951
Set 2,Pos,target,13
Set 2,Pos,target,947
Set 2,Pos,target,20
Set 2,Pos,target,998
Set 2,Pos,target,974
Set 2,Pos,target,947
Set 2,Pos,target,948
Set 2,Pos,target,935
Set 2,Pos,target,954
Set 2,Pos,target,107
Set 2,Pos,target,11
Set 2,Pos,target,954
Set 2,Pos,target,943
Set 2,Pos,target,924
Set 2,Pos,target,5
Set 2,Pos,target,17
Set 2,Pos,target,940
Set 2,Pos,target,879
Set 2,Pos,target,826
Set 2,Pos,target,947
Set 2,Pos,target,11
Set 2,Pos,target,995
Set 2,Pos,target,971
Set 2,Pos,target,9
Set 2,Pos,target,756
Set 2,Pos,target,10
Set 2,Pos,target,952
Set 2,Pos,target,942
Set 2,Pos,target,945
Set 2,Pos,target,558
Set 2,Pos,target,945
Set 2,Pos,decoy,8
Set 2,Pos,target,944
Set 2,Pos,target,922
Set 2,Pos,target,924
Set 2,Pos,target,946
Set 2,Pos,target,11
Set 2,Pos,target,835
Set 2,Pos,target,834
Set 2,Pos,target,1
Set 2,Pos,target,733
Set 2,Pos,target,795
Set 2,Pos,target,997
Set 2,Pos,target,788
Set 2,Pos,decoy,1
Set 2,Pos,target,125
Set 2,Pos,target,945
Set 2,Pos,target,475
Set 2,Pos,target,719
Set 2,Pos,target,997
Set 2,Pos,target,12
Set 2,Pos,target,695
Set 2,Pos,target,731
Set 2,Pos,target,994
Set 2,Pos,target,1
Set 2,Pos,target,784
Set 2,Pos,target,767
Set 2,Pos,target,995
Set 2,Pos,target,997
Set 2,Pos,target,691
Set 2,Pos,target,1
Set 2,Pos,target,997
Set 2,Pos,target,951
Set 2,Pos,target,526
Set 2,Pos,target,637
Set 2,Pos,target,784
Set 2,Pos,target,999
Set 2,Pos,target,950
Set 2,Pos,target,994
Set 2,Pos,target,865
Set 2,Pos,target,1
Set 2,Pos,target,971
Set 2,Pos,target,948
Set 2,Pos,target,697
Set 2,Pos,target,44
Set 2,Pos,target,734
Set 2,Pos,target,962
Set 2,Pos,target,997
Set 2,Pos,target,720
Set 2,Pos,target,999
Set 2,Pos,target,805
Set 2,Pos,target,2
Set 2,Pos,target,785
Set 2,Pos,target,942
Set 2,Pos,target,789
Set 2,Pos,target,1
Set 2,Pos,decoy,1
Set 2,Pos,target,971
Set 2,Pos,target,797
Set 2,Pos,target,782
Set 2,Pos,target,796
Set 2,Pos,target,983
Set 2,Pos,target,999
Set 2,Pos,target,936
Set 2,Pos,target,878
Set 2,Pos,target,726
Set 2,Pos,target,937
Set 2,Pos,target,945
Set 2,Pos,target,636
Set 2,Pos,target,617
Set 2,Pos,target,876
Set 2,Pos,target,999
Set 2,Pos,target,997
Set 2,Pos,target,1
Set 2,Pos,target,880
Set 2,Pos,target,336
Set 2,Pos,target,880
Set 2,Pos,target,484
Set 2,Pos,target,761
Set 2,Pos,target,834
Set 2,Pos,target,913
Set 2,Pos,target,707
Set 2,Pos,target,997
Set 2,Pos,target,692
Set 2,Pos,target,997
Set 2,Pos,target,972
Set 2,Pos,target,811
Set 2,Pos,target,890
Set 2,Pos,target,971
Set 2,Pos,target,999
Set 2,Pos,target,696
Set 2,Pos,target,776
Set 2,Pos,target,970
Set 2,Pos,target,1000
Set 2,Pos,target,935
Set 2,Pos,target,654
Set 2,Pos,target,997
Set 2,Pos,target,997
Set 2,Pos,target,1000
Set 2,Pos,target,893
Set 2,Pos,target,997
Set 2,Pos,target,975
Set 2,Pos,target,997
Set 2,Pos,target,997
Set 2,Pos,target,745
Set 2,Pos,target,987
Set 2,Pos,target,997
Set 2,Pos,target,997
Set 2,Pos,target,997
Set 2,Pos,target,1000
Set 2,Pos,target,969
Set 2,Pos,target,986
Set 2,Pos,target,1000
Set 2,Pos,target,997
Set 2,Pos,target,981
Set 2,Pos,target,875
Set 2,Pos,target,1
Set 2,Pos,target,1000
Set 2,Pos,target,822
Set 2,Pos,target,997
Set 2,Pos,target,997
Set 2,Pos,target,739
Set 2,Pos,target,971
Set 2,Pos,target,679
Set 2,Pos,target,992
Set 2,Pos,target,944
Set 2,Pos,target,791
Set 2,Pos,target,997
Set 2,Pos,target,993
Set 2,Pos,target,997
Set 2,Pos,target,991
Set 2,Pos,target,978
Set 2,Pos,target,999
Set 2,Pos,target,955
Set 2,Pos,target,997
Set 2,Pos,target,880
Set 2,Pos,target,139
Set 2,Pos,target,999
Set 2,Pos,target,999
Set 2,Pos,target,966
Set 2,Pos,target,997
Set 2,Pos,target,948
Set 2,Pos,target,997
Set 2,Pos,target,997
Set 2,Pos,target,946
Set 2,Pos,target,697
Set 2,Pos,target,727
Set 2,Pos,target,957
Set 2,Pos,target,997
Set 2,Pos,target,997
Set 2,Pos,target,1
Set 2,Pos,target,996
Set 2,Pos,target,997
Set 2,Pos,target,1000
Set 2,Pos,target,1000
Set 2,Pos,target,997
Set 2,Pos,target,996
Set 2,Pos,target,991
Set 2,Pos,target,997
Set 2,Pos,target,997
Set 2,Pos,target,1000
Set 2,Pos,target,3
Set 2,Pos,target,997
Set 2,Pos,target,999
Set 2,Pos,target,976
Set 2,Pos,target,997
Set 2,Pos,target,992
Set 2,Pos,target,977
Set 2,Pos,target,962
Set 2,Pos,target,993
Set 2,Pos,target,1000
Set 2,Pos,target,997
Set 2,Pos,target,1000
Set 2,Pos,target,979
Set 2,Pos,target,1000
Set 2,Pos,target,997
Set 2,Pos,target,997
Set 2,Pos,target,997
Set 2,Pos,target,997
Set 2,Pos,target,1000
Set 2,Pos,target,1000
Set 2,Pos,target,999
Set 2,Pos,target,997
Set 2,Pos,target,997
Set 2,Pos,target,997
Set 2,Pos,target,1000
Set 2,Pos,target,997
Set 2,Pos,target,1000
Set 2,Pos,target,996
Set 2,Pos,target,1000
Set 2,Pos,target,1000
Set 2,Pos,target,982
Set 2,Pos,target,2
Set 2,Pos,target,977
Set 2,Pos,target,999
Set 2,Pos,target,998
Set 2,Pos,target,1000
Set 2,Pos,target,999
Set 2,Pos,target,918
Set 2,Pos,target,997
Set 2,Pos,target,984
Set 2,Pos,target,997
Set 2,Pos,target,1000
Set 2,Pos,target,997
Set 2,Pos,target,997
Set 2,Pos,target,999
Set 2,Pos,target,1000
Set 2,Pos,target,997
Set 2,Pos,target,12
Set 2,Pos,target,981
Set 2,Pos,target,1000
Set 2,Pos,target,997
Set 2,Pos,target,1000
Set 2,Pos,target,1000
Set 2,Pos,target,1
Set 2,Pos,target,1000
Set 2,Pos,target,997
Set 2,Pos,target,997
Set 2,Pos,target,945
Set 2,Pos,target,997
Set 2,Pos,target,1000
Set 2,Pos,target,668
Set 2,Pos,target,920
Set 2,Pos,target,939
Set 2,Pos,target,987
Set 2,Pos,target,982
Set 2,Pos,target,983
Set 2,Pos,target,90
Set 2,Pos,target,747
Set 2,Pos,target,997
Set 2,Pos,target,983
Set 2,Pos,target,848
Set 2,Pos,target,982
Set 2,Pos,target,181
Set 2,Pos,target,992
Set 2,Pos,target,996
Set 2,Pos,target,897
Set 2,Pos,target,1000
Set 2,Pos,target,1000
Set 2,Pos,target,997
Set 2,Pos,target,997
Set 2,Pos,target,997
Set 2,Pos,target,997
Set 2,Pos,target,977
Set 2,Pos,target,997
Set 2,Pos,target,997
Set 2,Pos,target,987
Set 2,Pos,target,893
Set 2,Pos,target,14
Set 2,Pos,target,991
Set 2,Pos,target,997
Set 2,Pos,target,999
Set 2,Pos,target,962
Set 2,Pos,target,438
Set 2,Pos,target,1000
Set 2,Pos,target,1000
Set 2,Pos,target,996
Set 2,Pos,target,879
Set 2,Pos,target,997
Set 2,Pos,target,997
Set 2,Pos,target,908
Set 2,Pos,target,978
Set 2,Pos,target,3
Set 2,Pos,target,997
Set 2,Pos,target,994
Set 2,Pos,target,999
Set 2,Pos,target,997
Set 2,Pos,target,1000
Set 2,Pos,target,997
Set 2,Pos,target,999
Set 2,Pos,target,1
Set 2,Pos,target,999
Set 2,Pos,target,1000
Set 2,Pos,target,985
Set 2,Pos,target,979
Set 2,Pos,target,984
Set 2,Pos,target,997
Set 2,Pos,target,997
Set 2,Pos,target,997
Set 2,Pos,target,996
Set 2,Pos,target,999
Set 2,Pos,target,997
Set 2,Pos,target,1000
Set 2,Pos,target,983
Set 2,Pos,target,350
Set 2,Pos,target,1000
Set 2,Pos,target,976
Set 2,Pos,target,1000
Set 2,Pos,target,999
Set 2,Pos,target,898
Set 2,Pos,target,22
Set 2,Pos,target,992
Set 2,Pos,target,993
Set 2,Pos,target,997
Set 2,Pos,target,997
Set 2,Pos,target,984
Set 2,Pos,target,982
Set 2,Pos,target,997
Set 2,Pos,target,997
Set 2,Pos,target,1000
Set 2,Pos,target,1000
Set 2,Pos,target,4
Set 2,Pos,target,911
Set 2,Pos,target,862
Set 2,Pos,target,999
Set 2,Pos,target,1000
Set 2,Pos,target,18
Set 2,Pos,target,2
Set 2,Pos,target,1000
Set 2,Pos,target,979
Set 2,Pos,target,1000
Set 2,Pos,target,997
Set 2,Pos,target,936
Set 2,Pos,target,998
Set 2,Pos,target,724
Set 2,Pos,target,998
Set 2,Pos,target,992
Set 2,Pos,target,637
Set 2,Pos,target,959
Set 2,Pos,target,997
Set 2,Pos,target,778
Set 2,Pos,target,733
Set 2,Pos,target,997
Set 2,Pos,target,992
Set 2,Pos,target,634
Set 2,Pos,target,980
Set 2,Pos,target,999
Set 2,Pos,target,997
Set 2,Pos,target,997
Set 2,Pos,target,919
Set 2,Pos,target,11
Set 2,Pos,target,997
Set 2,Pos,target,998
Set 2,Pos,target,997
Set 2,Pos,target,952
Set 2,Pos,target,1000
Set 2,Pos,target,1
Set 2,Pos,target,993
Set 2,Pos,target,997
Set 2,Pos,target,4
Set 2,Pos,target,1000
Set 2,Pos,target,994
Set 2,Pos,target,1000
Set 2,Pos,target,1000
Set 2,Pos,target,1000
Set 2,Pos,target,987
Set 2,Pos,target,984
Set 2,Pos,target,1000
Set 2,Pos,target,1000
Set 2,Pos,target,1000
Set 2,Pos,target,701
Set 2,Pos,target,1000
Set 2,Pos,target,1000
Set 2,Pos,target,615
Set 2,Pos,target,1000
Set 2,Pos,target,989
Set 2,Pos,target,519
Set 2,Pos,target,1000
Set 2,Pos,target,997
Set 2,Pos,target,995
Set 2,Pos,target,91
Set 2,Pos,target,1000
Set 2,Pos,target,981
Set 2,Pos,target,709
Set 2,Pos,target,999
Set 2,Pos,target,694
Set 2,Pos,target,840
Set 2,Pos,target,907
Set 2,Pos,target,1000
Set 2,Pos,target,686
Set 2,Pos,target,995
Set 2,Pos,target,937
Set 2,Pos,target,639
Set 2,Pos,target,1000
Set 2,Pos,target,973
Set 2,Pos,target,996
Set 2,Pos,target,1000
Set 2,Pos,target,844
Set 2,Pos,target,1000
Set 2,Pos,target,997
Set 2,Pos,target,677
Set 2,Pos,target,996
Set 2,Pos,target,1000
Set 2,Pos,target,116
Set 2,Pos,target,747
Set 2,Pos,target,981
Set 2,Pos,target,840
Set 2,Pos,target,2
Set 2,Pos,target,987
Set 2,Pos,target,995
Set 2,Pos,target,1000
Set 2,Pos,target,991
Set 2,Pos,target,996
Set 2,Pos,target,997
Set 2,Pos,target,999
Set 2,Pos,target,838
Set 2,Pos,target,1000
Set 2,Pos,target,1000
Set 2,Pos,target,203
Set 2,Pos,target,997
Set 2,Pos,target,996
Set 2,Pos,target,992
Set 2,Pos,target,1000
Set 2,Pos,target,1000
Set 2,Pos,target,941
Set 2,Pos,target,1000
Set 2,Pos,target,22
Set 2,Pos,target,986
Set 2,Pos,target,988
Set 2,Pos,target,986
Set 2,Pos,target,1000
Set 2,Pos,target,1000
Set 2,Pos,target,1000
Set 2,Pos,target,992
Set 2,Pos,target,1000
Set 2,Pos,target,999
Set 2,Pos,target,985
Set 2,Pos,target,1000
Set 2,Pos,target,1000
Set 2,Pos,target,999
Set 2,Pos,target,15
Set 2,Pos,target,1000
Set 2,Pos,decoy,15
Set 2,Pos,target,942
Set 2,Pos,target,999
Set 2,Pos,target,809
Set 2,Pos,target,1000
Set 2,Pos,target,989
Set 2,Pos,target,998
Set 2,Pos,target,878
Set 2,Pos,target,990
Set 2,Pos,target,214
Set 2,Pos,target,995
Set 2,Pos,target,761
Set 2,Pos,target,941
Set 2,Pos,target,994
Set 2,Pos,target,646
Set 2,Pos,target,989
Set 2,Pos,target,999
Set 2,Pos,target,996
Set 2,Pos,target,817
Set 2,Pos,target,999
Set 2,Pos,target,775
Set 2,Pos,target,986
Set 2,Pos,target,1000
Set 2,Pos,target,254
Set 2,Pos,target,1
Set 2,Pos,target,854
Set 2,Pos,target,580
Set 2,Pos,target,996
Set 2,Pos,target,12
Set 2,Pos,target,995
Set 2,Pos,target,1000
Set 2,Pos,target,16
Set 2,Pos,target,22
Set 2,Pos,target,11
Set 2,Pos,target,814
Set 2,Pos,target,1000
Set 2,Pos,target,991
Set 2,Pos,target,2
Set 2,Pos,target,987
Set 2,Pos,target,994
Set 2,Pos,target,1000
Set 2,Pos,target,999
Set 2,Pos,target,72
Set 2,Pos,target,720
Set 2,Pos,target,997
Set 2,Pos,target,992
Set 2,Pos,target,361
Set 2,Pos,target,43
Set 2,Pos,target,680
Set 2,Pos,target,976
Set 2,Pos,target,585
Set 2,Pos,target,6
Set 2,Pos,target,996
Set 2,Pos,target,283
Set 2,Pos,target,995
Set 2,Pos,target,995
Set 2,Pos,target,5
Set 2,Pos,target,959
Set 2,Pos,target,900
Set 2,Pos,target,710
Set 2,Pos,target,988
Set 2,Pos,target,25
Set 2,Pos,target,717
Set 2,Pos,target,229
Set 2,Pos,target,963
Set 2,Pos,target,685
Set 2,Pos,target,46
Set 2,Pos,target,595
Set 2,Pos,target,554
Set 2,Pos,target,346
Set 2,Pos,target,213
Set 2,Pos,target,17
Set 2,Pos,target,515
Set 2,Pos,target,687
Set 2,Pos,target,187
Set 2,Pos,target,886
Set 2,Pos,target,477
Set 2,Pos,target,144
Set 2,Pos,target,818
Set 2,Pos,target,403
Set 2,Pos,target,469
Set 2,Pos,target,892
Set 2,Pos,target,235
Set 2,Pos,decoy,283
Set 2,Pos,target,362
Set 2,Pos,target,687
Set 2,Pos,target,687
Set 2,Pos,target,80
Set 2,Pos,target,389
Set 2,Pos,target,587
Set 2,Pos,target,722
Set 2,Pos,target,332
Set 2,Pos,target,464
Set 2,Pos,target,576
Set 2,Pos,target,707
Set 2,Pos,target,252
Set 2,Pos,target,499
Set 2,Pos,target,880
Set 2,Pos,target,984
Set 2,Pos,target,671
Set 2,Pos,target,417
Set 2,Pos,target,570
Set 2,Pos,target,789
Set 2,Pos,target,820
Set 2,Pos,target,835
Set 2,Pos,target,391
Set 2,Pos,decoy,110
Set 2,Pos,target,77
Set 2,Pos,target,682
Set 2,Pos,target,693
Set 2,Pos,target,545
Set 2,Pos,target,838
Set 2,Pos,target,557
Set 2,Pos,target,84
Set 2,Pos,target,291
Set 2,Pos,target,989
Set 2,Pos,target,576
Set 2,Pos,target,928
Set 2,Pos,target,92
Set 2,Pos,target,887
Set 2,Pos,target,164
Set 2,Pos,target,731
Set 2,Pos,target,955
Set 2,Pos,target,250
Set 2,Pos,target,861
Set 2,Pos,target,487
Set 2,Pos,target,81
Set 2,Pos,target,503
Set 2,Pos,target,623
Set 2,Pos,target,643
Set 2,Pos,target,616
Set 2,Pos,target,867
Set 2,Pos,target,43
Set 2,Pos,target,618
Set 2,Pos,target,470
Set 2,Pos,target,760
Set 2,Pos,target,744
Set 2,Pos,target,35
Set 2,Pos,target,527
Set 2,Pos,target,676
Set 2,Pos,target,471
Set 2,Pos,target,84
Set 2,Pos,target,834
Set 2,Pos,target,952
Set 2,Pos,target,996
Set 2,Pos,target,621
Set 2,Pos,target,297
Set 2,Pos,target,771
Set 2,Pos,target,567
Set 2,Pos,target,872
Set 2,Pos,decoy,87
Set 2,Pos,decoy,14
Set 2,Pos,target,23
Set 2,Pos,target,566
Set 2,Pos,target,865
Set 2,Pos,target,856
Set 2,Pos,target,897
Set 2,Pos,target,762
Set 2,Pos,target,834
Set 2,Pos,target,996
Set 2,Pos,target,851
Set 2,Pos,decoy,49
Set 2,Pos,target,656
Set 2,Pos,target,829
Set 2,Pos,target,395
Set 2,Pos,target,528
Set 2,Pos,target,965
Set 2,Pos,target,717
Set 2,Pos,target,362
Set 2,Pos,target,996
Set 2,Pos,target,926
Set 2,Pos,target,950
Set 2,Pos,target,517
Set 2,Pos,target,690
Set 2,Pos,target,802
Set 2,Pos,target,792
Set 2,Pos,target,799
Set 2,Pos,target,427
Set 2,Pos,target,550
Set 2,Pos,target,911
Set 2,Pos,target,534
Set 2,Pos,target,670
Set 2,Pos,decoy,75
Set 2,Pos,target,25
Set 2,Pos,target,802
Set 2,Pos,target,990
Set 2,Pos,target,946
Set 2,Pos,target,665
Set 2,Pos,target,788
Set 2,Pos,decoy,180
Set 2,Pos,target,858
Set 2,Pos,target,658
Set 2,Pos,target,308
Set 2,Pos,target,925
Set 2,Pos,target,747
Set 2,Pos,target,180
Set 2,Pos,target,102
Set 2,Pos,target,650
Set 2,Pos,target,765
Set 2,Pos,target,746
Set 2,Pos,target,340
Set 2,Pos,target,839
Set 2,Pos,target,19
Set 2,Pos,target,921
Set 2,Pos,target,542
Set 2,Pos,target,34
Set 2,Pos,target,147
Set 2,Pos,target,200
Set 2,Pos,target,869
Set 2,Pos,target,507
Set 2,Pos,target,996
Set 2,Pos,target,617
Set 2,Pos,target,631
Set 2,Pos,target,829
Set 2,Pos,target,548
Set 2,Pos,target,894
Set 2,Pos,target,606
Set 2,Pos,target,687
Set 2,Pos,target,687
Set 2,Pos,target,996
Set 2,Pos,target,101
Set 2,Pos,target,937
Set 2,Pos,target,938
Set 2,Pos,target,549
Set 2,Pos,target,774
Set 2,Pos,target,831
Set 2,Pos,target,622
Set 2,Pos,target,996
Set 2,Pos,target,645
Set 2,Pos,decoy,58
Set 2,Pos,target,992
Set 2,Pos,target,996
Set 2,Pos,target,974
Set 2,Pos,target,764
Set 2,Pos,target,34
Set 2,Pos,target,775
Set 2,Pos,target,944
Set 2,Pos,target,758
Set 2,Pos,target,968
Set 2,Pos,target,990
Set 2,Pos,target,204
Set 2,Pos,target,601
Set 2,Pos,target,948
Set 2,Pos,target,996
Set 2,Pos,target,206
Set 2,Pos,target,801
Set 2,Pos,target,145
Set 2,Pos,target,202
Set 2,Pos,target,562
Set 2,Pos,target,762
Set 2,Pos,target,456
Set 2,Pos,decoy,20
Set 2,Pos,target,644
Set 2,Pos,target,13
Set 2,Pos,target,973
Set 2,Pos,target,997
Set 2,Pos,target,782
Set 2,Pos,target,902
Set 2,Pos,target,722
Set 2,Pos,target,180
Set 2,Pos,target,996
Set 2,Pos,target,32
Set 2,Pos,target,618
Set 2,Pos,target,515
Set 2,Pos,target,727
Set 2,Pos,target,632
Set 2,Pos,target,619
Set 2,Pos,target,227
Set 2,Pos,target,117
Set 2,Pos,target,930
Set 2,Pos,target,913
Set 2,Pos,target,975
Set 2,Pos,target,462
Set 2,Pos,target,110
Set 2,Pos,target,121
Set 2,Pos,target,114
Set 2,Pos,target,551
Set 2,Pos,decoy,10
Set 2,Pos,target,781
Set 2,Pos,target,30
Set 2,Pos,target,177
Set 2,Pos,target,708
Set 2,Pos,target,94
Set 2,Pos,target,893
Set 2,Pos,target,540
Set 2,Pos,target,999
Set 2,Pos,target,259
Set 2,Pos,target,906
Set 2,Pos,target,658
Set 2,Pos,target,912
Set 2,Pos,target,598
Set 2,Pos,decoy,38
Set 2,Pos,target,2
Set 2,Pos,target,909
Set 2,Pos,target,792
Set 2,Pos,target,920
Set 2,Pos,target,3
Set 2,Pos,target,730
Set 2,Pos,target,998
Set 2,Pos,target,758
Set 2,Pos,target,566
Set 2,Pos,target,669
Set 2,Pos,target,637
Set 2,Pos,target,124
Set 2,Pos,target,996
Set 2,Pos,target,628
Set 2,Pos,target,967
Set 2,Pos,target,988
Set 2,Pos,target,870
Set 2,Pos,target,980
Set 2,Pos,target,996
Set 2,Pos,target,858
Set 2,Pos,target,510
Set 2,Pos,target,650
Set 2,Pos,target,496
Set 2,Pos,target,280
Set 2,Pos,target,240
Set 2,Pos,target,787
Set 2,Pos,target,573
Set 2,Pos,target,623
Set 2,Pos,target,156
Set 2,Pos,target,699
Set 2,Pos,target,354
Set 2,Pos,target,995
Set 2,Pos,target,655
Set 2,Pos,target,994
Set 2,Pos,target,650
Set 2,Pos,target,16
Set 2,Pos,target,658
Set 2,Pos,target,704
Set 2,Pos,target,885
Set 2,Pos,target,716
Set 2,Pos,target,912
Set 2,Pos,target,646
Set 2,Pos,target,903
Set 2,Pos,target,365
Set 2,Pos,target,770
Set 2,Pos,target,737
Set 2,Pos,target,668
Set 2,Pos,target,789
Set 2,Pos,target,994
Set 2,Pos,target,968
Set 2,Pos,target,839
Set 2,Pos,target,530
Set 2,Pos,target,991
Set 2,Pos,target,891
Set 2,Pos,target,62
Set 2,Pos,target,521
Set 2,Pos,target,769
Set 2,Pos,target,991
Set 2,Pos,target,974
Set 2,Pos,target,960
Set 2,Pos,target,804
Set 2,Pos,target,113
Set 2,Pos,target,1
Set 2,Pos,target,971
Set 2,Pos,target,996
Set 2,Pos,target,880
Set 2,Pos,target,815
Set 2,Pos,target,887
Set 2,Pos,target,4
Set 2,Pos,target,669
Set 2,Pos,target,615
Set 2,Pos,decoy,38
Set 2,Pos,target,818
Set 2,Pos,target,856
Set 2,Pos,target,689
Set 2,Pos,target,3
Set 2,Pos,target,855
Set 2,Pos,target,996
Set 2,Pos,target,827
Set 2,Pos,target,887
Set 2,Pos,decoy,2
Set 2,Pos,target,76
Set 2,Pos,target,102
Set 2,Pos,target,837
Set 2,Pos,target,744
Set 2,Pos,target,847
Set 2,Pos,target,560
Set 2,Pos,target,41
Set 2,Pos,target,905
Set 2,Pos,target,846
Set 2,Pos,target,869
Set 2,Pos,target,996
Set 2,Pos,target,46
Set 2,Pos,target,783
Set 2,Pos,target,875
Set 2,Pos,target,863
Set 2,Pos,target,852
Set 2,Pos,target,899
Set 2,Pos,target,41
Set 2,Pos,target,892
Set 2,Pos,target,854
Set 2,Pos,target,976
Set 2,Pos,target,878
Set 2,Pos,target,723
Set 2,Pos,target,146
Set 2,Pos,target,994
Set 2,Pos,target,778
Set 2,Pos,target,785
Set 2,Pos,target,864
Set 2,Pos,target,803
Set 2,Pos,target,795
Set 2,Pos,target,785
Set 2,Pos,target,821
Set 2,Pos,target,866
Set 2,Pos,target,869
Set 2,Pos,target,989
Set 2,Pos,target,844
Set 2,Pos,target,892
Set 2,Pos,target,854
Set 2,Pos,target,792
Set 2,Pos,target,861
Set 2,Pos,target,882
Set 2,Pos,target,900
Set 2,Pos,target,994
Set 2,Pos,target,893
Set 2,Pos,target,926
Set 2,Pos,target,871
Set 2,Pos,target,861
Set 2,Pos,target,910
Set 2,Pos,target,830
Set 2,Pos,target,996
Set 2,Pos,target,928
Set 2,Pos,target,749
Set 2,Pos,target,858
Set 2,Pos,target,882
Set 2,Pos,target,808
Set 2,Pos,target,864
Set 2,Pos,target,889
Set 2,Pos,target,925
Set 2,Pos,target,738
Set 2,Pos,target,897
Set 2,Pos,target,787
Set 2,Pos,target,885
Set 2,Pos,target,907
Set 2,Pos,target,233
Set 2,Pos,target,794
Set 2,Pos,target,880
Set 2,Pos,target,895
Set 2,Pos,target,898
Set 2,Pos,target,996
Set 2,Pos,target,893
Set 2,Pos,target,868
Set 2,Pos,target,126
Set 2,Pos,target,847
Set 2,Pos,target,886
Set 2,Pos,target,996
Set 2,Pos,target,828
Set 2,Pos,target,877
Set 2,Pos,target,992
Set 2,Pos,target,852
Set 2,Pos,target,838
Set 2,Pos,target,951
Set 2,Pos,target,887
Set 2,Pos,target,877
Set 2,Pos,target,933
Set 2,Pos,target,844
Set 2,Pos,target,212
Set 2,Pos,target,878
Set 2,Pos,target,788
Set 2,Pos,target,759
Set 2,Pos,target,897
Set 2,Pos,target,875
Set 2,Pos,target,885
Set 2,Pos,target,877
Set 2,Pos,target,903
Set 2,Pos,target,750
Set 2,Pos,target,926
Set 2,Pos,target,812
Set 2,Pos,target,999
Set 2,Pos,target,877
Set 2,Pos,target,944
Set 2,Pos,target,1000
Set 2,Pos,target,796
Set 2,Pos,target,785
Set 2,Pos,target,850
Set 2,Pos,target,751
Set 2,Pos,target,841
Set 2,Pos,target,52
Set 2,Pos,target,854
Set 2,Pos,target,841
Set 2,Pos,target,996
Set 2,Pos,target,802
Set 2,Pos,target,837
Set 2,Pos,target,864
Set 2,Pos,target,731
Set 2,Pos,target,838
Set 2,Pos,target,831
Set 2,Pos,target,896
Set 2,Pos,target,999
Set 2,Pos,target,851
Set 2,Pos,target,870
Set 2,Pos,target,908
Set 2,Pos,target,882
Set 2,Pos,target,995
Set 2,Pos,target,876
Set 2,Pos,target,999
Set 2,Pos,target,862
Set 2,Pos,target,989
Set 2,Pos,target,994
Set 2,Pos,target,879
Set 2,Pos,target,999
Set 2,Pos,target,993
Set 2,Pos,target,994
Set 2,Pos,target,862
Set 2,Pos,target,994
Set 2,Pos,target,999
Set 2,Pos,target,993
Set 2,Pos,target,4
Set 2,Pos,target,920
Set 2,Pos,target,996
Set 2,Pos,target,995
Set 2,Pos,target,944
Set 2,Pos,target,999
Set 2,Pos,target,933
Set 2,Pos,target,846
Set 2,Pos,target,994
Set 2,Pos,target,814
Set 2,Pos,target,999
Set 2,Pos,target,993
Set 2,Pos,target,940
Set 2,Pos,target,993
Set 2,Pos,target,904
Set 2,Pos,target,999
Set 2,Pos,target,853
Set 2,Pos,target,114
Set 2,Pos,target,869
Set 2,Pos,target,835
Set 2,Pos,target,824
Set 2,Pos,target,998
Set 2,Pos,target,994
Set 2,Pos,target,16
Set 2,Pos,target,844
Set 2,Pos,target,997
Set 2,Pos,target,866
Set 2,Pos,target,992
Set 2,Pos,target,926
Set 2,Pos,target,899
Set 2,Pos,target,777
Set 2,Pos,target,899
Set 2,Pos,target,759
Set 2,Pos,target,997
Set 2,Pos,target,992
Set 2,Pos,target,885
Set 2,Pos,target,997
Set 2,Pos,target,906
Set 2,Pos,target,76
Set 2,Pos,target,716
Set 2,Pos,target,820
Set 2,Pos,target,22
Set 2,Pos,target,304
Set 2,Pos,target,23
Set 2,Pos,target,420
Set 2,Pos,target,23
Set 2,Pos,target,291
Set 2,Pos,target,23
Set 2,Pos,target,806
Set 2,Pos,target,24
Set 2,Pos,target,990
Set 2,Pos,target,949
Set 2,Pos,target,996
Set 2,Pos,target,973
Set 2,Pos,target,23
Set 2,Pos,target,981
Set 2,Pos,target,946
Set 2,Pos,target,997
Set 2,Pos,target,879
Set 2,Pos,target,823
Set 2,Pos,target,996
Set 2,Pos,target,985
Set 2,Pos,target,901
Set 2,Pos,target,874
Set 2,Pos,target,5
Set 2,Pos,target,953
Set 2,Pos,target,996
Set 2,Pos,target,984
Set 2,Pos,target,999
Set 2,Pos,target,883
Set 2,Pos,target,942
Set 2,Pos,target,778
Set 2,Pos,target,957
Set 2,Pos,target,978
Set 2,Pos,target,756
Set 2,Pos,target,936
Set 2,Pos,target,980
Set 2,Pos,target,803
Set 2,Pos,target,940
Set 2,Pos,target,872
Set 2,Pos,target,919
Set 2,Pos,target,935
Set 2,Pos,target,956
Set 2,Pos,target,992
Set 2,Pos,target,952
Set 2,Pos,target,877
Set 2,Pos,target,952
Set 2,Pos,target,988
Set 2,Pos,target,909
Set 2,Pos,target,941
Set 2,Pos,target,888
Set 2,Pos,target,944
Set 2,Pos,target,928
Set 2,Pos,target,862
Set 2,Pos,target,783
Set 2,Pos,target,952
Set 2,Pos,target,945
Set 2,Pos,target,823
Set 2,Pos,target,949
Set 2,Pos,target,908
Set 2,Pos,target,943
Set 2,Pos,target,979
Set 2,Pos,target,948
Set 2,Pos,target,833
Set 2,Pos,target,939
Set 2,Pos,target,942
Set 2,Pos,target,919
Set 2,Pos,target,819
Set 2,Pos,target,953
Set 2,Pos,target,942
Set 2,Pos,target,756
Set 2,Pos,target,943
Set 2,Pos,target,947
Set 2,Pos,target,871
Set 2,Pos,target,906
Set 2,Pos,target,871
Set 2,Pos,target,938
Set 2,Pos,target,355
Set 2,Pos,target,936
Set 2,Pos,target,801
Set 2,Pos,target,912
Set 2,Pos,target,815
Set 2,Pos,target,946
Set 2,Pos,target,951
Set 2,Pos,target,860
Set 2,Pos,target,709
Set 2,Pos,target,890
Set 2,Pos,target,821
Set 2,Pos,target,813
Set 2,Pos,target,496
Set 2,Pos,target,925
Set 2,Pos,target,662
Set 2,Pos,target,879
Set 2,Pos,target,884
Set 2,Pos,target,924
Set 2,Pos,target,599
Set 2,Pos,target,876
Set 2,Pos,target,551
Set 2,Pos,target,880
Set 2,Pos,target,806
Set 2,Pos,target,549
Set 2,Pos,target,458
Set 2,Pos,target,885
Set 2,Pos,target,21
Set 2,Pos,target,897
Set 2,Pos,target,906
Set 2,Pos,target,934
Set 2,Pos,target,479
Set 2,Pos,target,944
Set 2,Pos,target,913
Set 2,Pos,target,493
Set 2,Pos,target,473
Set 2,Pos,target,769
Set 2,Pos,target,856
Set 2,Pos,target,922
Set 2,Pos,target,695
Set 2,Pos,target,3
Set 2,Pos,target,954
Set 2,Pos,target,688
Set 2,Pos,target,659
Set 2,Pos,target,946
Set 2,Pos,target,250
Set 2,Pos,target,2
Set 2,Pos,target,935
Set 2,Pos,target,842
Set 2,Pos,target,956
Set 2,Pos,target,702
Set 2,Pos,target,919
Set 2,Pos,target,949
Set 2,Pos,target,935
Set 2,Pos,target,933
Set 2,Pos,target,938
Set 2,Pos,target,941
Set 2,Pos,target,953
Set 2,Pos,target,935
Set 2,Pos,target,972
Set 2,Pos,target,16
Set 2,Pos,target,985
Set 2,Pos,target,995
Set 2,Pos,target,984
Set 2,Pos,target,990
Set 2,Pos,target,2
Set 2,Pos,target,952
Set 2,Pos,target,958
Set 2,Pos,target,953
Set 2,Pos,target,937
Set 2,Pos,target,952
Set 2,Pos,target,752
Set 2,Pos,target,944
Set 2,Pos,target,859
Set 2,Pos,target,1000
Set 2,Pos,target,946
Set 2,Pos,target,743
Set 2,Pos,target,957
Set 2,Pos,target,941
Set 2,Pos,target,13
Set 2,Pos,target,997
Set 2,Pos,target,959
Set 2,Pos,target,944
Set 2,Pos,target,22
Set 2,Pos,target,998
Set 2,Pos,target,945
Set 2,Pos,target,4
Set 2,Pos,target,941
Set 2,Pos,target,950
Set 2,Pos,target,945
Set 2,Pos,target,105
Set 2,Pos,target,14
Set 2,Pos,target,948
Set 2,Pos,target,965
Set 2,Pos,target,4
Set 2,Pos,target,60
Set 2,Pos,target,940
Set 2,Pos,target,891
Set 2,Pos,target,19
Set 2,Pos,target,940
Set 2,Pos,target,959
Set 2,Pos,target,949
Set 2,Pos,target,10
Set 2,Pos,target,996
Set 2,Pos,target,10
Set 2,Pos,target,971
Set 2,Pos,target,955
Set 2,Pos,target,948
Set 2,Pos,target,906
Set 2,Pos,target,946
Set 2,Pos,target,891
Set 2,Pos,target,39
Set 2,Pos,target,293
Set 2,Pos,target,944
Set 2,Pos,target,942
Set 2,Pos,target,995
Set 2,Pos,target,895
Set 2,Pos,target,948
Set 2,Pos,target,820
Set 2,Pos,target,11
Set 2,Pos,target,997
Set 2,Pos,target,841
Set 2,Pos,target,994
Set 2,Pos,target,680
Set 2,Pos,target,772
Set 2,Pos,target,866
Set 2,Pos,target,954
Set 2,Pos,target,826
Set 2,Pos,target,994
Set 2,Pos,target,913
Set 2,Pos,target,757
Set 2,Pos,target,997
Set 2,Pos,target,948
Set 2,Pos,target,15
Set 2,Pos,target,740
Set 2,Pos,target,993
Set 2,Pos,target,997
Set 2,Pos,target,785
Set 2,Pos,target,792
Set 2,Pos,target,951
Set 2,Pos,target,545
Set 2,Pos,target,997
Set 2,Pos,target,704
Set 2,Pos,target,1
Set 2,Pos,target,735
Set 2,Pos,target,997
Set 2,Pos,target,938
Set 2,Pos,target,550
Set 2,Pos,target,676
Set 2,Pos,target,996
Set 2,Pos,target,831
Set 2,Pos,target,1000
Set 2,Pos,target,940
Set 2,Pos,target,755
Set 2,Pos,target,980
Set 2,Pos,target,945
Set 2,Pos,target,970
Set 2,Pos,target,981
Set 2,Pos,target,19
Set 2,Pos,target,999
Set 2,Pos,target,997
Set 2,Pos,target,780
Set 2,Pos,target,757
Set 2,Pos,target,1
Set 2,Pos,target,863
Set 2,Pos,target,797
Set 2,Pos,target,841
Set 2,Pos,target,822
Set 2,Pos,target,899
Set 2,Pos,target,974
Set 2,Pos,target,697
Set 2,Pos,target,968
Set 2,Pos,target,809
Set 2,Pos,target,955
Set 2,Pos,target,994
Set 2,Pos,target,984
Set 2,Pos,target,876
Set 2,Pos,target,926
Set 2,Pos,target,900
Set 2,Pos,target,746
Set 2,Pos,target,998
Set 2,Pos,target,974
Set 2,Pos,target,945
Set 2,Pos,target,943
Set 2,Pos,target,885
Set 2,Pos,target,314
Set 2,Pos,target,558
Set 2,Pos,target,122
Set 2,Pos,target,999
Set 2,Pos,target,997
Set 2,Pos,target,991
Set 2,Pos,target,854
Set 2,Pos,target,855
Set 2,Pos,target,658
Set 2,Pos,target,854
Set 2,Pos,target,948
Set 2,Pos,target,731
Set 2,Pos,target,997
Set 2,Pos,target,763
Set 2,Pos,target,581
Set 2,Pos,target,754
Set 2,Pos,target,842
Set 2,Pos,target,1
Set 2,Pos,target,996
Set 2,Pos,target,850
Set 2,Pos,target,972
Set 2,Pos,target,949
Set 2,Pos,target,1000
Set 2,Pos,target,675
Set 2,Pos,target,997
Set 2,Pos,target,798
Set 2,Pos,target,997
Set 2,Pos,target,997
Set 2,Pos,target,616
Set 2,Pos,target,999
Set 2,Pos,target,997
Set 2,Pos,target,974
Set 2,Pos,target,873
Set 2,Pos,target,987
Set 2,Pos,target,997
Set 2,Pos,target,895
Set 2,Pos,target,710
Set 2,Pos,target,997
Set 2,Pos,target,997
Set 2,Pos,target,1000
Set 2,Pos,target,979
Set 2,Pos,target,1000
Set 2,Pos,target,26
Set 2,Pos,target,997
Set 2,Pos,target,760
Set 2,Pos,target,997
Set 2,Pos,target,999
Set 2,Pos,target,929
Set 2,Pos,target,997
Set 2,Pos,target,893
Set 2,Pos,target,819
Set 2,Pos,target,936
Set 2,Pos,target,999
Set 2,Pos,target,997
Set 2,Pos,target,989
Set 2,Pos,target,780
Set 2,Pos,target,997
Set 2,Pos,target,997
Set 2,Pos,target,998
Set 2,Pos,target,997
Set 2,Pos,target,992
Set 2,Pos,target,970
Set 2,Pos,target,997
Set 2,Pos,target,899
Set 2,Pos,target,1000
Set 2,Pos,target,517
Set 2,Pos,target,997
Set 2,Pos,target,999
Set 2,Pos,target,999
Set 2,Pos,target,982
Set 2,Pos,target,996
Set 2,Pos,target,922
Set 2,Pos,target,997
Set 2,Pos,target,997
Set 2,Pos,target,997
Set 2,Pos,target,694
Set 2,Pos,target,995
Set 2,Pos,target,938
Set 2,Pos,target,996
Set 2,Pos,target,999
Set 2,Pos,target,1000
Set 2,Pos,target,989
Set 2,Pos,target,997
Set 2,Pos,target,979
Set 2,Pos,target,996
Set 2,Pos,target,2
Set 2,Pos,target,1000
Set 2,Pos,target,990
Set 2,Pos,target,1000
Set 2,Pos,target,655
Set 2,Pos,target,1000
Set 2,Pos,target,997
Set 2,Pos,target,997
Set 2,Pos,target,997
Set 2,Pos,target,983
Set 2,Pos,target,953
Set 2,Pos,target,986
Set 2,Pos,target,997
Set 2,Pos,target,997
Set 2,Pos,target,976
Set 2,Pos,target,999
Set 2,Pos,target,999
Set 2,Pos,target,997
Set 2,Pos,target,1000
Set 2,Pos,target,1000
Set 2,Pos,target,997
Set 2,Pos,target,1000
Set 2,Pos,target,997
Set 2,Pos,target,1000
Set 2,Pos,target,999
Set 2,Pos,target,985
Set 2,Pos,target,997
Set 2,Pos,target,1000
Set 2,Pos,target,996
Set 2,Pos,target,1000
Set 2,Pos,target,982
Set 2,Pos,target,1000
Set 2,Pos,target,997
Set 2,Pos,target,977
Set 2,Pos,target,4
Set 2,Pos,target,1000
Set 2,Pos,target,997
Set 2,Pos,target,999
Set 2,Pos,target,997
Set 2,Pos,target,997
Set 2,Pos,target,997
Set 2,Pos,target,1000
Set 2,Pos,target,997
Set 2,Pos,target,982
Set 2,Pos,target,999
Set 2,Pos,target,1000
Set 2,Pos,target,1000
Set 2,Pos,target,33
Set 2,Pos,target,986
Set 2,Pos,target,1000
Set 2,Pos,target,980
Set 2,Pos,target,8
Set 2,Pos,target,1000
Set 2,Pos,target,997
Set 2,Pos,target,997
Set 2,Pos,target,997
Set 2,Pos,target,997
Set 2,Pos,target,997
Set 2,Pos,target,997
Set 2,Pos,target,937
Set 2,Pos,target,998
Set 2,Pos,target,732
Set 2,Pos,target,985
Set 2,Pos,target,998
Set 2,Pos,target,271
Set 2,Pos,target,1000
Set 2,Pos,target,997
Set 2,Pos,target,1000
Set 2,Pos,target,927
Set 2,Pos,target,302
Set 2,Pos,target,997
Set 2,Pos,target,982
Set 2,Pos,target,953
Set 2,Pos,target,993
Set 2,Pos,target,1
Set 2,Pos,target,997
Set 2,Pos,target,996
Set 2,Pos,target,997
Set 2,Pos,target,997
Set 2,Pos,target,978
Set 2,Pos,target,996
Set 2,Pos,target,987
Set 2,Pos,target,1000
Set 2,Pos,target,997
Set 2,Pos,target,9
Set 2,Pos,target,997
Set 2,Pos,target,999
Set 2,Pos,target,970
Set 2,Pos,target,974
Set 2,Pos,target,219
Set 2,Pos,target,1000
Set 2,Pos,target,962
Set 2,Pos,target,1000
Set 2,Pos,target,1000
Set 2,Pos,target,997
Set 2,Pos,target,997
Set 2,Pos,target,927
Set 2,Pos,target,997
Set 2,Pos,target,977
Set 2,Pos,target,997
Set 2,Pos,target,1000
Set 2,Pos,target,997
Set 2,Pos,target,997
Set 2,Pos,target,1000
Set 2,Pos,target,1
Set 2,Pos,target,979
Set 2,Pos,target,977
Set 2,Pos,target,998
Set 2,Pos,target,999
Set 2,Pos,target,967
Set 2,Pos,target,981
Set 2,Pos,target,996
Set 2,Pos,target,997
Set 2,Pos,target,999
Set 2,Pos,target,999
Set 2,Pos,target,997
Set 2,Pos,target,997
Set 2,Pos,target,1000
Set 2,Pos,target,977
Set 2,Pos,target,997
Set 2,Pos,target,1000
Set 2,Pos,target,997
Set 2,Pos,target,951
Set 2,Pos,target,987
Set 2,Pos,target,43
Set 2,Pos,target,225
Set 2,Pos,target,997
Set 2,Pos,target,984
Set 2,Pos,target,1000
Set 2,Pos,target,1000
Set 2,Pos,target,997
Set 2,Pos,target,997
Set 2,Pos,target,997
Set 2,Pos,target,1000
Set 2,Pos,target,1000
Set 2,Pos,target,999
Set 2,Pos,target,288
Set 2,Pos,target,1000
Set 2,Pos,target,80
Set 2,Pos,target,982
Set 2,Pos,target,72
Set 2,Pos,target,24
Set 2,Pos,target,923
Set 2,Pos,target,1000
Set 2,Pos,target,1000
Set 2,Pos,target,997
Set 2,Pos,target,984
Set 2,Pos,target,931
Set 2,Pos,target,733
Set 2,Pos,target,980
Set 2,Pos,target,999
Set 2,Pos,target,993
Set 2,Pos,target,971
Set 2,Pos,target,828
Set 2,Pos,target,999
Set 2,Pos,target,744
Set 2,Pos,target,997
Set 2,Pos,target,997
Set 2,Pos,target,997
Set 2,Pos,target,999
Set 2,Pos,target,981
Set 2,Pos,target,972
Set 2,Pos,target,7
Set 2,Pos,target,730
Set 2,Pos,target,997
Set 2,Pos,target,997
Set 2,Pos,target,963
Set 2,Pos,target,982
Set 2,Pos,target,997
Set 2,Pos,target,934
Set 2,Pos,target,1000
Set 2,Pos,target,997
Set 2,Pos,target,989
Set 2,Pos,target,991
Set 2,Pos,target,997
Set 2,Pos,target,872
Set 2,Pos,target,1000
Set 2,Pos,target,1000
Set 2,Pos,target,987
Set 2,Pos,target,1000
Set 2,Pos,target,984
Set 2,Pos,target,999
Set 2,Pos,target,996
Set 2,Pos,target,987
Set 2,Pos,target,992
Set 2,Pos,target,1000
Set 2,Pos,target,1000
Set 2,Pos,target,1000
Set 2,Pos,target,638
Set 2,Pos,target,1000
Set 2,Pos,target,1000
Set 2,Pos,target,989
Set 2,Pos,target,996
Set 2,Pos,target,1000
Set 2,Pos,target,996
Set 2,Pos,target,723
Set 2,Pos,target,974
Set 2,Pos,target,1000
Set 2,Pos,decoy,55
Set 2,Pos,target,1000
Set 2,Pos,target,715
Set 2,Pos,target,980
Set 2,Pos,target,836
Set 2,Pos,decoy,11
Set 2,Pos,target,1000
Set 2,Pos,target,870
Set 2,Pos,target,969
Set 2,Pos,target,997
Set 2,Pos,target,989
Set 2,Pos,target,1000
Set 2,Pos,target,995
Set 2,Pos,target,994
Set 2,Pos,target,994
Set 2,Pos,target,1000
Set 2,Pos,target,999
Set 2,Pos,target,903
Set 2,Pos,target,997
Set 2,Pos,target,993
Set 2,Pos,target,999
Set 2,Pos,target,996
Set 2,Pos,target,961
Set 2,Pos,target,786
Set 2,Pos,target,984
Set 2,Pos,target,1000
Set 2,Pos,target,830
Set 2,Pos,target,919
Set 2,Pos,target,927
Set 2,Pos,target,997
Set 2,Pos,target,997
Set 2,Pos,target,750
Set 2,Pos,target,1000
Set 2,Pos,target,1000
Set 2,Pos,target,948
Set 2,Pos,target,998
Set 2,Pos,target,1000
Set 2,Pos,target,999
Set 2,Pos,target,1000
Set 2,Pos,target,1000
Set 2,Pos,target,983
Set 2,Pos,target,1000
Set 2,Pos,target,8
Set 2,Pos,target,1000
Set 2,Pos,target,807
Set 2,Pos,target,1000
Set 2,Pos,target,969
Set 2,Pos,target,989
Set 2,Pos,target,977
Set 2,Pos,target,1000
Set 2,Pos,target,999
Set 2,Pos,target,999
Set 2,Pos,target,938
Set 2,Pos,target,1000
Set 2,Pos,target,1000
Set 2,Pos,target,974
Set 2,Pos,target,999
Set 2,Pos,target,1000
Set 2,Pos,target,996
Set 2,Pos,target,999
Set 2,Pos,target,1000
Set 2,Pos,target,999
Set 2,Pos,target,985
Set 2,Pos,target,814
Set 2,Pos,target,990
Set 2,Pos,target,992
Set 2,Pos,target,833
Set 2,Pos,target,990
Set 2,Pos,target,933
Set 2,Pos,target,759
Set 2,Pos,target,988
Set 2,Pos,target,999
Set 2,Pos,target,995
Set 2,Pos,target,929
Set 2,Pos,target,984
Set 2,Pos,target,999
Set 2,Pos,target,720
Set 2,Pos,target,1000
Set 2,Pos,target,43
Set 2,Pos,target,340
Set 2,Pos,target,995
Set 2,Pos,target,2
Set 2,Pos,target,9
Set 2,Pos,target,13
Set 2,Pos,target,1000
Set 2,Pos,target,10
Set 2,Pos,target,24
Set 2,Pos,target,835
Set 2,Pos,target,990
Set 2,Pos,target,3
Set 2,Pos,target,982
Set 2,Pos,target,698
Set 2,Pos,target,1000
Set 2,Pos,target,22
Set 2,Pos,target,38
Set 2,Pos,target,672
Set 2,Pos,target,991
Set 2,Pos,target,376
Set 2,Pos,target,549
Set 2,Pos,target,111
Set 2,Pos,target,995
Set 2,Pos,target,53
Set 2,Pos,target,2
Set 2,Pos,target,299
Set 2,Pos,target,995
Set 2,Pos,target,734
Set 2,Pos,target,996
Set 2,Pos,target,14
Set 2,Pos,target,726
Set 2,Pos,target,871
Set 2,Pos,target,93
Set 2,Pos,target,956
Set 2,Pos,target,50
Set 2,Pos,target,696
Set 2,Pos,target,727
Set 2,Pos,target,20
Set 2,Pos,target,606
Set 2,Pos,target,546
Set 2,Pos,target,50
Set 2,Pos,decoy,7
Set 2,Pos,target,258
Set 2,Pos,target,144
Set 2,Pos,target,283
Set 2,Pos,target,925
Set 2,Pos,target,12
Set 2,Pos,target,32
Set 2,Pos,target,151
Set 2,Pos,target,118
Set 2,Pos,target,956
Set 2,Pos,target,450
Set 2,Pos,target,95
Set 2,Pos,target,687
Set 2,Pos,target,4
Set 2,Pos,target,861
Set 2,Pos,target,44
Set 2,Pos,target,825
Set 2,Pos,target,788
Set 2,Pos,target,252
Set 2,Pos,target,966
Set 2,Pos,target,161
Set 2,Pos,target,105
Set 2,Pos,target,408
Set 2,Pos,target,309
Set 2,Pos,target,764
Set 2,Pos,target,866
Set 2,Pos,target,235
Set 2,Pos,target,693
Set 2,Pos,target,266
Set 2,Pos,target,282
Set 2,Pos,target,869
Set 2,Pos,target,847
Set 2,Pos,target,655
Set 2,Pos,target,334
Set 2,Pos,target,76
Set 2,Pos,target,359
Set 2,Pos,target,575
Set 2,Pos,target,735
Set 2,Pos,target,608
Set 2,Pos,target,946
Set 2,Pos,target,854
Set 2,Pos,target,606
Set 2,Pos,target,694
Set 2,Pos,target,749
Set 2,Pos,target,103
Set 2,Pos,target,820
Set 2,Pos,target,684
Set 2,Pos,target,86
Set 2,Pos,target,452
Set 2,Pos,target,960
Set 2,Pos,target,601
Set 2,Pos,target,610
Set 2,Pos,target,783
Set 2,Pos,target,758
Set 2,Pos,target,509
Set 2,Pos,target,800
Set 2,Pos,target,812
Set 2,Pos,target,985
Set 2,Pos,target,502
Set 2,Pos,target,980
Set 2,Pos,target,289
Set 2,Pos,target,547
Set 2,Pos,target,171
Set 2,Pos,target,335
Set 2,Pos,target,739
Set 2,Pos,target,845
Set 2,Pos,target,290
Set 2,Pos,target,739
Set 2,Pos,target,746
Set 2,Pos,target,642
Set 2,Pos,decoy,110
Set 2,Pos,target,914
Set 2,Pos,target,100
Set 2,Pos,target,808
Set 2,Pos,target,631
Set 2,Pos,target,236
Set 2,Pos,target,491
Set 2,Pos,target,695
Set 2,Pos,target,846
Set 2,Pos,target,434
Set 2,Pos,target,638
Set 2,Pos,target,346
Set 2,Pos,target,926
Set 2,Pos,target,562
Set 2,Pos,target,798
Set 2,Pos,target,124
Set 2,Pos,target,34
Set 2,Pos,target,842
Set 2,Pos,target,894
Set 2,Pos,target,858
Set 2,Pos,target,542
Set 2,Pos,target,873
Set 2,Pos,target,138
Set 2,Pos,target,611
Set 2,Pos,target,940
Set 2,Pos,target,552
Set 2,Pos,target,528
Set 2,Pos,target,894
Set 2,Pos,target,565
Set 2,Pos,target,846
Set 2,Pos,target,777
Set 2,Pos,target,832
Set 2,Pos,target,552
Set 2,Pos,target,567
Set 2,Pos,target,671
Set 2,Pos,target,972
Set 2,Pos,target,824
Set 2,Pos,target,686
Set 2,Pos,target,675
Set 2,Pos,target,721
Set 2,Pos,target,888
Set 2,Pos,decoy,90
Set 2,Pos,target,865
Set 2,Pos,target,373
Set 2,Pos,target,803
Set 2,Pos,target,760
Set 2,Pos,target,15
Set 2,Pos,target,492
Set 2,Pos,target,524
Set 2,Pos,decoy,80
Set 2,Pos,target,951
Set 2,Pos,decoy,102
Set 2,Pos,target,150
Set 2,Pos,target,640
Set 2,Pos,target,745
Set 2,Pos,target,738
Set 2,Pos,target,812
Set 2,Pos,target,798
Set 2,Pos,target,835
Set 2,Pos,target,995
Set 2,Pos,decoy,61
Set 2,Pos,target,802
Set 2,Pos,target,926
Set 2,Pos,target,763
Set 2,Pos,target,567
Set 2,Pos,target,936
Set 2,Pos,target,831
Set 2,Pos,target,19
Set 2,Pos,target,748
Set 2,Pos,target,615
Set 2,Pos,target,242
Set 2,Pos,target,225
Set 2,Pos,target,931
Set 2,Pos,target,727
Set 2,Pos,target,996
Set 2,Pos,target,610
Set 2,Pos,target,27
Set 2,Pos,target,952
Set 2,Pos,target,751
Set 2,Pos,target,772
Set 2,Pos,target,434
Set 2,Pos,target,697
Set 2,Pos,target,495
Set 2,Pos,target,533
Set 2,Pos,target,915
Set 2,Pos,target,580
Set 2,Pos,target,962
Set 2,Pos,target,951
Set 2,Pos,decoy,62
Set 2,Pos,target,667
Set 2,Pos,target,976
Set 2,Pos,decoy,239
Set 2,Pos,target,984
Set 2,Pos,target,778
Set 2,Pos,target,350
Set 2,Pos,target,880
Set 2,Pos,target,863
Set 2,Pos,target,273
Set 2,Pos,target,556
Set 2,Pos,target,631
Set 2,Pos,target,99
Set 2,Pos,target,755
Set 2,Pos,target,276
Set 2,Pos,target,213
Set 2,Pos,target,317
Set 2,Pos,target,912
Set 2,Pos,target,939
Set 2,Pos,target,626
Set 2,Pos,target,956
Set 2,Pos,target,983
Set 2,Pos,target,284
Set 2,Pos,target,760
Set 2,Pos,target,689
Set 2,Pos,target,996
Set 2,Pos,target,868
Set 2,Pos,target,652
Set 2,Pos,target,833
Set 2,Pos,target,689
Set 2,Pos,target,889
Set 2,Pos,target,889
Set 2,Pos,target,148
Set 2,Pos,target,842
Set 2,Pos,target,608
Set 2,Pos,target,651
Set 2,Pos,target,904
Set 2,Pos,target,905
Set 2,Pos,target,996
Set 2,Pos,target,583
Set 2,Pos,target,888
Set 2,Pos,target,615
Set 2,Pos,target,800
Set 2,Pos,target,481
Set 2,Pos,target,122
Set 2,Pos,target,996
Set 2,Pos,target,671
Set 2,Pos,decoy,228
Set 2,Pos,target,904
Set 2,Pos,target,827
Set 2,Pos,target,754
Set 2,Pos,target,813
Set 2,Pos,target,138
Set 2,Pos,target,975
Set 2,Pos,target,996
Set 2,Pos,target,990
Set 2,Pos,target,260
Set 2,Pos,target,801
Set 2,Pos,target,996
Set 2,Pos,target,705
Set 2,Pos,target,683
Set 2,Pos,target,996
Set 2,Pos,target,870
Set 2,Pos,target,935
Set 2,Pos,target,576
Set 2,Pos,target,832
Set 2,Pos,target,142
Set 2,Pos,target,832
Set 2,Pos,target,585
Set 2,Pos,target,809
Set 2,Pos,target,72
Set 2,Pos,target,613
Set 2,Pos,decoy,28
Set 2,Pos,target,985
Set 2,Pos,target,783
Set 2,Pos,target,782
Set 2,Pos,target,183
Set 2,Pos,target,995
Set 2,Pos,target,834
Set 2,Pos,target,831
Set 2,Pos,target,891
Set 2,Pos,target,597
Set 2,Pos,target,729
Set 2,Pos,target,898
Set 2,Pos,target,556
Set 2,Pos,target,908
Set 2,Pos,target,611
Set 2,Pos,target,915
Set 2,Pos,target,987
Set 2,Pos,target,161
Set 2,Pos,target,103
Set 2,Pos,target,57
Set 2,Pos,target,997
Set 2,Pos,target,543
Set 2,Pos,target,739
Set 2,Pos,target,145
Set 2,Pos,target,188
Set 2,Pos,target,219
Set 2,Pos,target,895
Set 2,Pos,target,883
Set 2,Pos,target,599
Set 2,Pos,target,162
Set 2,Pos,target,159
Set 2,Pos,target,507
Set 2,Pos,target,731
Set 2,Pos,target,234
Set 2,Pos,target,969
Set 2,Pos,target,997
Set 2,Pos,target,715
Set 2,Pos,target,915
Set 2,Pos,target,9
Set 2,Pos,target,761
Set 2,Pos,target,245
Set 2,Pos,target,996
Set 2,Pos,target,595
Set 2,Pos,target,560
Set 2,Pos,target,669
Set 2,Pos,target,982
Set 2,Pos,target,974
Set 2,Pos,target,990
Set 2,Pos,target,872
Set 2,Pos,target,996
Set 2,Pos,target,816
Set 2,Pos,target,966
Set 2,Pos,target,533
Set 2,Pos,target,996
Set 2,Pos,target,679
Set 2,Pos,target,665
Set 2,Pos,target,859
Set 2,Pos,target,40
Set 2,Pos,target,662
Set 2,Pos,target,977
Set 2,Pos,target,603
Set 2,Pos,target,565
Set 2,Pos,target,722
Set 2,Pos,target,710
Set 2,Pos,target,984
Set 2,Pos,target,728
Set 2,Pos,decoy,63
Set 2,Pos,target,689
Set 2,Pos,target,28
Set 2,Pos,target,901
Set 2,Pos,target,721
Set 2,Pos,target,874
Set 2,Pos,target,997
Set 2,Pos,target,743
Set 2,Pos,target,732
Set 2,Pos,target,185
Set 2,Pos,target,903
Set 2,Pos,target,627
Set 2,Pos,target,904
Set 2,Pos,target,682
Set 2,Pos,target,18
Set 2,Pos,target,746
Set 2,Pos,target,995
Set 2,Pos,target,737
Set 2,Pos,target,153
Set 2,Pos,target,968
Set 2,Pos,target,992
Set 2,Pos,target,274
Set 2,Pos,target,763
Set 2,Pos,target,572
Set 2,Pos,target,981
Set 2,Pos,target,990
Set 2,Pos,target,800
Set 2,Pos,target,944
Set 2,Pos,target,952
Set 2,Pos,target,808
Set 2,Pos,target,865
Set 2,Pos,target,996
Set 2,Pos,target,963
Set 2,Pos,target,990
Set 2,Pos,target,917
Set 2,Pos,target,858
Set 2,Pos,target,892
Set 2,Pos,target,801
Set 2,Pos,target,8
Set 2,Pos,target,901
Set 2,Pos,target,637
Set 2,Pos,target,994
Set 2,Pos,target,826
Set 2,Pos,target,866
Set 2,Pos,target,865
Set 2,Pos,target,995
Set 2,Pos,target,843
Set 2,Pos,target,833
Set 2,Pos,target,844
Set 2,Pos,target,15
Set 2,Pos,target,990
Set 2,Pos,target,902
Set 2,Pos,target,896
Set 2,Pos,target,851
Set 2,Pos,target,467
Set 2,Pos,target,817
Set 2,Pos,target,852
Set 2,Pos,target,864
Set 2,Pos,target,57
Set 2,Pos,target,904
Set 2,Pos,target,758
Set 2,Pos,target,845
Set 2,Pos,target,903
Set 2,Pos,target,994
Set 2,Pos,target,255
Set 2,Pos,target,815
Set 2,Pos,target,866
Set 2,Pos,target,741
Set 2,Pos,target,820
Set 2,Pos,target,986
Set 2,Pos,target,904
Set 2,Pos,target,993
Set 2,Pos,target,799
Set 2,Pos,target,831
Set 2,Pos,target,911
Set 2,Pos,target,845
Set 2,Pos,target,747
Set 2,Pos,target,995
Set 2,Pos,target,878
Set 2,Pos,target,919
Set 2,Pos,target,836
Set 2,Pos,target,850
Set 2,Pos,target,740
Set 2,Pos,target,889
Set 2,Pos,target,992
Set 2,Pos,target,879
Set 2,Pos,target,872
Set 2,Pos,target,762
Set 2,Pos,target,914
Set 2,Pos,target,995
Set 2,Pos,target,876
Set 2,Pos,target,855
Set 2,Pos,target,878
Set 2,Pos,target,885
Set 2,Pos,target,989
Set 2,Pos,target,3
Set 2,Pos,target,89
Set 2,Pos,target,851
Set 2,Pos,target,846
Set 2,Pos,target,702
Set 2,Pos,target,940
Set 2,Pos,target,824
Set 2,Pos,target,826
Set 2,Pos,target,999
Set 2,Pos,target,892
Set 2,Pos,target,993
Set 2,Pos,target,879
Set 2,Pos,target,842
Set 2,Pos,target,782
Set 2,Pos,target,262
Set 2,Pos,target,841
Set 2,Pos,target,846
Set 2,Pos,target,913
Set 2,Pos,target,996
Set 2,Pos,target,845
Set 2,Pos,target,797
Set 2,Pos,target,849
Set 2,Pos,target,828
Set 2,Pos,target,994
Set 2,Pos,target,831
Set 2,Pos,target,671
Set 2,Pos,target,887
Set 2,Pos,target,992
Set 2,Pos,target,927
Set 2,Pos,target,887
Set 2,Pos,target,859
Set 2,Pos,target,879
Set 2,Pos,target,836
Set 2,Pos,target,869
Set 2,Pos,target,737
Set 2,Pos,target,954
Set 2,Pos,target,816
Set 2,Pos,target,815
Set 2,Pos,target,778
Set 2,Pos,target,999
Set 2,Pos,target,850
Set 2,Pos,target,785
Set 2,Pos,target,889
Set 2,Pos,target,993
Set 2,Pos,target,897
Set 2,Pos,target,837
Set 2,Pos,target,821
Set 2,Pos,target,842
Set 2,Pos,target,881
Set 2,Pos,target,919
Set 2,Pos,target,841
Set 2,Pos,target,839
Set 2,Pos,target,814
Set 2,Pos,target,829
Set 2,Pos,target,732
Set 2,Pos,target,824
Set 2,Pos,target,994
Set 2,Pos,target,825
Set 2,Pos,target,999
Set 2,Pos,target,876
Set 2,Pos,target,928
Set 2,Pos,target,995
Set 2,Pos,target,929
Set 2,Pos,target,941
Set 2,Pos,target,992
Set 2,Pos,target,215
Set 2,Pos,target,931
Set 2,Pos,target,329
Set 2,Pos,decoy,2
Set 2,Pos,target,994
Set 2,Pos,target,995
Set 2,Pos,target,946
Set 2,Pos,target,870
Set 2,Pos,target,913
Set 2,Pos,target,894
Set 2,Pos,target,859
Set 2,Pos,target,995
Set 2,Pos,target,991
Set 2,Pos,target,893
Set 2,Pos,target,953
Set 2,Pos,target,872
Set 2,Pos,target,995
Set 2,Pos,target,939
Set 2,Pos,target,830
Set 2,Pos,target,992
Set 2,Pos,target,996
Set 2,Pos,target,900
Set 2,Pos,target,938
Set 2,Pos,target,994
Set 2,Pos,target,908
Set 2,Pos,target,946
Set 2,Pos,target,995
Set 2,Pos,target,999
Set 2,Pos,target,995
Set 2,Pos,target,930
Set 2,Pos,target,921
Set 2,Pos,target,995
Set 2,Pos,target,999
Set 2,Pos,target,958
Set 2,Pos,target,908
Set 2,Pos,target,836
Set 2,Pos,target,995
Set 2,Pos,target,960
Set 2,Pos,target,939
Set 2,Pos,target,995
Set 2,Pos,target,955
Set 2,Pos,target,876
Set 2,Pos,target,996
Set 2,Pos,target,995
Set 2,Pos,target,673
Set 2,Pos,target,884
Set 2,Pos,target,990
Set 2,Pos,target,498
Set 2,Pos,target,851
Set 2,Pos,target,816
Set 2,Pos,target,778
Set 2,Pos,target,994
Set 2,Pos,target,883
Set 2,Pos,target,819
Set 2,Pos,target,868
Set 2,Pos,target,997
Set 2,Pos,target,851
Set 2,Pos,target,872
Set 2,Pos,target,997
Set 2,Pos,target,992
Set 2,Pos,target,882
Set 2,Pos,target,994
Set 2,Pos,target,782
Set 2,Pos,target,989
Set 2,Pos,target,867
Set 2,Pos,target,993
Set 2,Pos,target,852
Set 2,Pos,target,988
Set 2,Pos,target,891
Set 2,Pos,target,896
Set 2,Pos,decoy,10
Set 2,Pos,target,670
Set 2,Pos,target,904
Set 2,Pos,target,873
Set 2,Pos,target,849
Set 2,Pos,target,744
Set 2,Pos,target,21
Set 2,Pos,target,580
Set 2,Pos,target,16
Set 2,Pos,target,996
Set 2,Pos,target,24
Set 2,Pos,target,942
Set 2,Pos,target,19
Set 2,Pos,target,978
Set 2,Pos,target,995
Set 2,Pos,target,953
Set 2,Pos,target,950
Set 2,Pos,target,999
Set 2,Pos,target,970
Set 2,Pos,target,996
Set 2,Pos,target,934
Set 2,Pos,target,835
Set 2,Pos,target,949
Set 2,Pos,target,993
Set 2,Pos,target,997
Set 2,Pos,target,989
Set 2,Pos,target,998
Set 2,Pos,target,987
Set 2,Pos,target,945
Set 2,Pos,target,926
Set 2,Pos,target,951
Set 2,Pos,target,987
Set 2,Pos,target,981
Set 2,Pos,target,567
Set 2,Pos,target,951
Set 2,Pos,target,960
Set 2,Pos,target,982
Set 2,Pos,target,942
Set 2,Pos,target,942
Set 2,Pos,target,938
Set 2,Pos,target,980
Set 2,Pos,target,938
Set 2,Pos,target,943
Set 2,Pos,target,990
Set 2,Pos,target,952
Set 2,Pos,target,931
Set 2,Pos,target,982
Set 2,Pos,target,949
Set 2,Pos,target,810
Set 2,Pos,target,945
Set 2,Pos,target,964
Set 2,Pos,target,850
Set 2,Pos,target,935
Set 2,Pos,target,954
Set 2,Pos,target,853
Set 2,Pos,target,766
Set 2,Pos,target,897
Set 2,Pos,target,844
Set 2,Pos,target,574
Set 2,Pos,target,935
Set 2,Pos,target,862
Set 2,Pos,target,870
Set 2,Pos,target,940
Set 2,Pos,target,946
Set 2,Pos,target,911
Set 2,Pos,target,892
Set 2,Pos,target,905
Set 2,Pos,target,820
Set 2,Pos,target,954
Set 2,Pos,target,909
Set 2,Pos,target,948
Set 2,Pos,target,880
Set 2,Pos,target,911
Set 2,Pos,target,943
Set 2,Pos,target,906
Set 2,Pos,target,946
Set 2,Pos,target,897
Set 2,Pos,target,806
Set 2,Pos,target,923
Set 2,Pos,target,958
Set 2,Pos,target,819
Set 2,Pos,target,941
Set 2,Pos,target,881
Set 2,Pos,target,937
Set 2,Pos,target,887
Set 2,Pos,target,874
Set 2,Pos,target,753
Set 2,Pos,target,949
Set 2,Pos,target,909
Set 2,Pos,target,916
Set 2,Pos,target,861
Set 2,Pos,target,935
Set 2,Pos,target,842
Set 2,Pos,target,786
Set 2,Pos,target,906
Set 2,Pos,target,915
Set 2,Pos,target,955
Set 2,Pos,target,804
Set 2,Pos,target,906
Set 2,Pos,target,885
Set 2,Pos,target,910
Set 2,Pos,target,863
Set 2,Pos,target,658
Set 2,Pos,target,860
Set 2,Pos,target,891
Set 2,Pos,target,714
Set 2,Pos,target,899
Set 2,Pos,target,920
Set 2,Pos,target,907
Set 2,Pos,target,864
Set 2,Pos,target,808
Set 2,Pos,target,884
Set 2,Pos,target,838
Set 2,Pos,target,566
Set 2,Pos,target,8
Set 2,Pos,target,597
Set 2,Pos,target,17
Set 2,Pos,target,2
Set 2,Pos,target,940
Set 2,Pos,target,739
Set 2,Pos,target,929
Set 2,Pos,target,113
Set 2,Pos,target,639
Set 2,Pos,target,919
Set 2,Pos,target,413
Set 2,Pos,target,2
Set 2,Pos,target,978
Set 2,Pos,target,941
Set 2,Pos,target,954
Set 2,Pos,target,773
Set 2,Pos,target,949
Set 2,Pos,target,946
Set 2,Pos,target,917
Set 2,Pos,target,899
Set 2,Pos,target,949
Set 2,Pos,target,930
Set 2,Pos,target,935
Set 2,Pos,target,937
Set 2,Pos,target,941
Set 2,Pos,target,966
Set 2,Pos,target,13
Set 2,Pos,target,974
Set 2,Pos,target,985
Set 2,Pos,target,933
Set 2,Pos,target,951
Set 2,Pos,target,983
Set 2,Pos,target,997
Set 2,Pos,target,901
Set 2,Pos,target,991
Set 2,Pos,target,1
Set 2,Pos,target,950
Set 2,Pos,target,1
Set 2,Pos,target,2
Set 2,Pos,target,951
Set 2,Pos,target,945
Set 2,Pos,target,952
Set 2,Pos,target,944
Set 2,Pos,target,868
Set 2,Pos,target,1000
Set 2,Pos,target,946
Set 2,Pos,target,828
Set 2,Pos,target,941
Set 2,Pos,target,952
Set 2,Pos,target,997
Set 2,Pos,target,13
Set 2,Pos,target,953
Set 2,Pos,target,946
Set 2,Pos,target,997
Set 2,Pos,target,948
Set 2,Pos,target,22
Set 2,Pos,target,949
Set 2,Pos,target,938
Set 2,Pos,target,167
Set 2,Pos,target,948
Set 2,Pos,target,105
Set 2,Pos,target,824
Set 2,Pos,target,953
Set 2,Pos,target,131
Set 2,Pos,target,946
Set 2,Pos,target,935
Set 2,Pos,target,949
Set 2,Pos,target,941
Set 2,Pos,target,20
Set 2,Pos,target,681
Set 2,Pos,target,935
Set 2,Pos,target,949
Set 2,Pos,target,11
Set 2,Pos,target,11
Set 2,Pos,target,481
Set 2,Pos,target,986
Set 2,Pos,target,10
Set 2,Pos,target,934
Set 2,Pos,target,11
Set 2,Pos,target,984
Set 2,Pos,target,912
Set 2,Pos,target,941
Set 2,Pos,target,946
Set 2,Pos,target,810
Set 2,Pos,target,946
Set 2,Pos,target,937
Set 2,Pos,target,946
Set 2,Pos,target,943
Set 2,Pos,target,874
Set 2,Pos,target,940
Set 2,Pos,target,806
Set 2,Pos,target,11
Set 2,Pos,target,875
Set 2,Pos,target,944
Set 2,Pos,target,638
Set 2,Pos,target,739
Set 2,Pos,target,775
Set 2,Pos,target,948
Set 2,Pos,target,997
Set 2,Pos,target,796
Set 2,Pos,target,816
Set 2,Pos,target,78
Set 2,Pos,target,758
Set 2,Pos,target,659
Set 2,Pos,target,997
Set 2,Pos,target,983
Set 2,Pos,target,949
Set 2,Pos,target,700
Set 2,Pos,target,993
Set 2,Pos,target,30
Set 2,Pos,target,824
Set 2,Pos,target,994
Set 2,Pos,target,557
Set 2,Pos,target,731
Set 2,Pos,target,997
Set 2,Pos,target,1
Set 2,Pos,target,2
Set 2,Pos,target,568
Set 2,Pos,target,683
Set 2,Pos,target,950
Set 2,Pos,target,996
Set 2,Pos,target,925
Set 2,Pos,target,999
Set 2,Pos,target,703
Set 2,Pos,target,988
Set 2,Pos,target,855
Set 2,Pos,target,947
Set 2,Pos,target,929
Set 2,Pos,target,958
Set 2,Pos,target,981
Set 2,Pos,target,1000
Set 2,Pos,target,997
Set 2,Pos,target,778
Set 2,Pos,target,715
Set 2,Pos,target,808
Set 2,Pos,target,813
Set 2,Pos,target,882
Set 2,Pos,target,960
Set 2,Pos,target,844
Set 2,Pos,target,830
Set 2,Pos,target,825
Set 2,Pos,target,943
Set 2,Pos,target,849
Set 2,Pos,target,899
Set 2,Pos,target,984
Set 2,Pos,target,987
Set 2,Pos,target,975
Set 2,Pos,target,818
Set 2,Pos,target,995
Set 2,Pos,target,877
Set 2,Pos,target,743
Set 2,Pos,target,934
Set 2,Pos,target,965
Set 2,Pos,target,843
Set 2,Pos,target,972
Set 2,Pos,target,709
Set 2,Pos,target,841
Set 2,Pos,target,772
Set 2,Pos,target,569
Set 2,Pos,target,303
Set 2,Pos,target,999
Set 2,Pos,target,908
Set 2,Pos,target,809
Set 2,Pos,target,995
Set 2,Pos,target,997
Set 2,Pos,target,837
Set 2,Pos,target,663
Set 2,Pos,target,841
Set 2,Pos,target,783
Set 2,Pos,target,882
Set 2,Pos,target,997
Set 2,Pos,target,772
Set 2,Pos,target,936
Set 2,Pos,target,949
Set 2,Pos,target,918
Set 2,Pos,target,999
Set 2,Pos,target,705
Set 2,Pos,target,971
Set 2,Pos,target,821
Set 2,Pos,target,997
Set 2,Pos,target,812
Set 2,Pos,target,997
Set 2,Pos,target,997
Set 2,Pos,target,659
Set 2,Pos,target,820
Set 2,Pos,target,999
Set 2,Pos,target,997
Set 2,Pos,target,885
Set 2,Pos,target,974
Set 2,Pos,target,973
Set 2,Pos,target,997
Set 2,Pos,target,953
Set 2,Pos,target,922
Set 2,Pos,target,997
Set 2,Pos,target,751
Set 2,Pos,target,999
Set 2,Pos,target,991
Set 2,Pos,target,997
Set 2,Pos,target,1000
Set 2,Pos,target,997
Set 2,Pos,target,974
Set 2,Pos,target,777
Set 2,Pos,target,997
Set 2,Pos,target,1000
Set 2,Pos,target,997
Set 2,Pos,target,950
Set 2,Pos,target,1000
Set 2,Pos,target,980
Set 2,Pos,target,997
Set 2,Pos,target,997
Set 2,Pos,target,971
Set 2,Pos,target,947
Set 2,Pos,target,997
Set 2,Pos,target,999
Set 2,Pos,target,767
Set 2,Pos,target,950
Set 2,Pos,target,984
Set 2,Pos,target,997
Set 2,Pos,target,995
Set 2,Pos,target,997
Set 2,Pos,target,997
Set 2,Pos,target,999
Set 2,Pos,target,910
Set 2,Pos,target,954
Set 2,Pos,target,687
Set 2,Pos,target,997
Set 2,Pos,target,999
Set 2,Pos,target,997
Set 2,Pos,target,997
Set 2,Pos,target,999
Set 2,Pos,target,948
Set 2,Pos,target,996
Set 2,Pos,target,721
Set 2,Pos,target,786
Set 2,Pos,target,997
Set 2,Pos,target,997
Set 2,Pos,target,995
Set 2,Pos,target,934
Set 2,Pos,target,997
Set 2,Pos,target,946
Set 2,Pos,target,1000
Set 2,Pos,target,1000
Set 2,Pos,target,1000
Set 2,Pos,target,997
Set 2,Pos,target,997
Set 2,Pos,target,991
Set 2,Pos,target,997
Set 2,Pos,target,980
Set 2,Pos,target,992
Set 2,Pos,target,2
Set 2,Pos,target,994
Set 2,Pos,target,997
Set 2,Pos,target,999
Set 2,Pos,target,999
Set 2,Pos,target,997
Set 2,Pos,target,997
Set 2,Pos,target,997
Set 2,Pos,target,997
Set 2,Pos,target,961
Set 2,Pos,target,923
Set 2,Pos,target,1000
Set 2,Pos,target,999
Set 2,Pos,target,997
Set 2,Pos,target,1000
Set 2,Pos,target,997
Set 2,Pos,target,1
Set 2,Pos,target,978
Set 2,Pos,target,1000
Set 2,Pos,target,979
Set 2,Pos,target,997
Set 2,Pos,target,989
Set 2,Pos,target,1000
Set 2,Pos,target,1000
Set 2,Pos,target,997
Set 2,Pos,target,1000
Set 2,Pos,target,999
Set 2,Pos,target,1000
Set 2,Pos,target,997
Set 2,Pos,target,996
Set 2,Pos,target,994
Set 2,Pos,target,999
Set 2,Pos,target,1000
Set 2,Pos,target,1000
Set 2,Pos,target,983
Set 2,Pos,target,997
Set 2,Pos,target,3
Set 2,Pos,target,979
Set 2,Pos,target,984
Set 2,Pos,target,994
Set 2,Pos,target,997
Set 2,Pos,target,999
Set 2,Pos,target,1000
Set 2,Pos,target,996
Set 2,Pos,target,997
Set 2,Pos,target,997
Set 2,Pos,target,1000
Set 2,Pos,target,986
Set 2,Pos,target,999
Set 2,Pos,target,981
Set 2,Pos,target,196
Set 2,Pos,target,1000
Set 2,Pos,target,23
Set 2,Pos,target,987
Set 2,Pos,target,1000
Set 2,Pos,target,997
Set 2,Pos,target,997
Set 2,Pos,target,1000
Set 2,Pos,target,5
Set 2,Pos,target,980
Set 2,Pos,target,997
Set 2,Pos,target,1000
Set 2,Pos,target,997
Set 2,Pos,target,997
Set 2,Pos,target,1000
Set 2,Pos,target,665
Set 2,Pos,target,1000
Set 2,Pos,target,997
Set 2,Pos,target,997
Set 2,Pos,target,934
Set 2,Pos,target,997
Set 2,Pos,target,939
Set 2,Pos,target,996
Set 2,Pos,target,926
Set 2,Pos,target,985
Set 2,Pos,target,1000
Set 2,Pos,target,997
Set 2,Pos,target,983
Set 2,Pos,target,254
Set 2,Pos,target,983
Set 2,Pos,target,997
Set 2,Pos,target,992
Set 2,Pos,target,902
Set 2,Pos,target,268
Set 2,Pos,target,1000
Set 2,Pos,target,1000
Set 2,Pos,target,997
Set 2,Pos,target,997
Set 2,Pos,target,999
Set 2,Pos,target,997
Set 2,Pos,target,1000
Set 2,Pos,target,31
Set 2,Pos,target,985
Set 2,Pos,target,990
Set 2,Pos,target,997
Set 2,Pos,target,1000
Set 2,Pos,target,329
Set 2,Pos,target,957
Set 2,Pos,target,997
Set 2,Pos,target,997
Set 2,Pos,target,1000
Set 2,Pos,target,929
Set 2,Pos,target,997
Set 2,Pos,target,999
Set 2,Pos,target,979
Set 2,Pos,target,997
Set 2,Pos,target,660
Set 2,Pos,target,873
Set 2,Pos,target,1000
Set 2,Pos,target,999
Set 2,Pos,target,997
Set 2,Pos,target,981
Set 2,Pos,target,1000
Set 2,Pos,target,979
Set 2,Pos,target,1000
Set 2,Pos,target,994
Set 2,Pos,target,973
Set 2,Pos,target,999
Set 2,Pos,target,997
Set 2,Pos,target,997
Set 2,Pos,target,997
Set 2,Pos,target,1000
Set 2,Pos,target,997
Set 2,Pos,target,977
Set 2,Pos,target,1000
Set 2,Pos,target,983
Set 2,Pos,target,830
Set 2,Pos,target,996
Set 2,Pos,target,34
Set 2,Pos,target,997
Set 2,Pos,target,998
Set 2,Pos,target,992
Set 2,Pos,target,1000
Set 2,Pos,target,997
Set 2,Pos,target,1000
Set 2,Pos,target,893
Set 2,Pos,target,1000
Set 2,Pos,target,976
Set 2,Pos,target,32
Set 2,Pos,target,1000
Set 2,Pos,target,999
Set 2,Pos,target,897
Set 2,Pos,target,980
Set 2,Pos,target,1000
Set 2,Pos,target,997
Set 2,Pos,target,1000
Set 2,Pos,target,998
Set 2,Pos,target,423
Set 2,Pos,target,938
Set 2,Pos,target,138
Set 2,Pos,target,736
Set 2,Pos,target,1000
Set 2,Pos,target,995
Set 2,Pos,target,909
Set 2,Pos,target,907
Set 2,Pos,target,996
Set 2,Pos,target,997
Set 2,Pos,target,867
Set 2,Pos,target,961
Set 2,Pos,target,743
Set 2,Pos,target,997
Set 2,Pos,target,981
Set 2,Pos,target,1000
Set 2,Pos,target,911
Set 2,Pos,target,997
Set 2,Pos,target,997
Set 2,Pos,target,933
Set 2,Pos,target,8
Set 2,Pos,target,997
Set 2,Pos,target,1000
Set 2,Pos,target,91
Set 2,Pos,target,997
Set 2,Pos,target,960
Set 2,Pos,target,984
Set 2,Pos,target,999
Set 2,Pos,target,32
Set 2,Pos,target,946
Set 2,Pos,target,995
Set 2,Pos,target,473
Set 2,Pos,target,993
Set 2,Pos,target,4
Set 2,Pos,target,935
Set 2,Pos,target,858
Set 2,Pos,target,1000
Set 2,Pos,target,1000
Set 2,Pos,target,986
Set 2,Pos,target,36
Set 2,Pos,target,1000
Set 2,Pos,target,984
Set 2,Pos,target,996
Set 2,Pos,target,997
Set 2,Pos,target,300
Set 2,Pos,target,997
Set 2,Pos,target,1000
Set 2,Pos,target,1000
Set 2,Pos,target,997
Set 2,Pos,target,766
Set 2,Pos,target,1000
Set 2,Pos,target,989
Set 2,Pos,target,1000
Set 2,Pos,target,1000
Set 2,Pos,target,995
Set 2,Pos,target,993
Set 2,Pos,target,716
Set 2,Pos,decoy,4
Set 2,Pos,target,999
Set 2,Pos,target,838
Set 2,Pos,target,1000
Set 2,Pos,target,979
Set 2,Pos,target,853
Set 2,Pos,target,999
Set 2,Pos,target,993
Set 2,Pos,target,827
Set 2,Pos,target,989
Set 2,Pos,target,997
Set 2,Pos,target,1000
Set 2,Pos,target,987
Set 2,Pos,target,768
Set 2,Pos,target,1000
Set 2,Pos,target,1000
Set 2,Pos,target,868
Set 2,Pos,target,997
Set 2,Pos,target,554
Set 2,Pos,target,1000
Set 2,Pos,target,87
Set 2,Pos,target,997
Set 2,Pos,target,985
Set 2,Pos,target,742
Set 2,Pos,target,862
Set 2,Pos,target,984
Set 2,Pos,target,1000
Set 2,Pos,target,996
Set 2,Pos,target,996
Set 2,Pos,target,942
Set 2,Pos,decoy,356
Set 2,Pos,target,999
Set 2,Pos,target,996
Set 2,Pos,target,2
Set 2,Pos,target,983
Set 2,Pos,target,997
Set 2,Pos,target,635
Set 2,Pos,target,1000
Set 2,Pos,target,1000
Set 2,Pos,target,999
Set 2,Pos,target,1000
Set 2,Pos,target,997
Set 2,Pos,target,999
Set 2,Pos,target,1000
Set 2,Pos,target,942
Set 2,Pos,target,1000
Set 2,Pos,target,986
Set 2,Pos,target,5
Set 2,Pos,target,1000
Set 2,Pos,target,1000
Set 2,Pos,target,99
Set 2,Pos,target,1000
Set 2,Pos,target,984
Set 2,Pos,target,963
Set 2,Pos,target,1000
Set 2,Pos,target,829
Set 2,Pos,target,993
Set 2,Pos,target,999
Set 2,Pos,target,25
Set 2,Pos,target,1000
Set 2,Pos,target,999
Set 2,Pos,target,930
Set 2,Pos,target,974
Set 2,Pos,target,904
Set 2,Pos,target,999
Set 2,Pos,target,1000
Set 2,Pos,target,1000
Set 2,Pos,target,990
Set 2,Pos,target,1000
Set 2,Pos,target,815
Set 2,Pos,target,825
Set 2,Pos,target,992
Set 2,Pos,target,997
Set 2,Pos,target,989
Set 2,Pos,target,996
Set 2,Pos,target,788
Set 2,Pos,target,935
Set 2,Pos,target,998
Set 2,Pos,target,999
Set 2,Pos,target,982
Set 2,Pos,target,996
Set 2,Pos,target,1000
Set 2,Pos,target,727
Set 2,Pos,target,707
Set 2,Pos,target,527
Set 2,Pos,target,4
Set 2,Pos,target,11
Set 2,Pos,target,9
Set 2,Pos,target,1000
Set 2,Pos,target,58
Set 2,Pos,target,828
Set 2,Pos,target,990
Set 2,Pos,target,2
Set 2,Pos,target,946
Set 2,Pos,target,822
Set 2,Pos,target,999
Set 2,Pos,target,4
Set 2,Pos,target,679
Set 2,Pos,target,991
Set 2,Pos,target,2
Set 2,Pos,target,405
Set 2,Pos,target,45
Set 2,Pos,target,642
Set 2,Pos,target,531
Set 2,Pos,target,995
Set 2,Pos,target,995
Set 2,Pos,target,179
Set 2,Pos,target,995
Set 2,Pos,target,696
Set 2,Pos,target,715
Set 2,Pos,target,398
Set 2,Pos,target,995
Set 2,Pos,target,11
Set 2,Pos,target,4
Set 2,Pos,target,796
Set 2,Pos,decoy,9
Set 2,Pos,target,965
Set 2,Pos,target,752
Set 2,Pos,target,45
Set 2,Pos,target,229
Set 2,Pos,target,705
Set 2,Pos,target,641
Set 2,Pos,target,47
Set 2,Pos,target,571
Set 2,Pos,target,146
Set 2,Pos,target,433
Set 2,Pos,target,197
Set 2,Pos,target,30
Set 2,Pos,target,241
Set 2,Pos,target,22
Set 2,Pos,target,963
Set 2,Pos,target,3
Set 2,Pos,target,33
Set 2,Pos,target,502
Set 2,Pos,target,209
Set 2,Pos,target,147
Set 2,Pos,target,441
Set 2,Pos,target,782
Set 2,Pos,target,610
Set 2,Pos,target,937
Set 2,Pos,target,664
Set 2,Pos,target,217
Set 2,Pos,target,970
Set 2,Pos,target,826
Set 2,Pos,target,954
Set 2,Pos,target,365
Set 2,Pos,target,157
Set 2,Pos,target,67
Set 2,Pos,target,788
Set 2,Pos,target,147
Set 2,Pos,target,612
Set 2,Pos,target,808
Set 2,Pos,target,915
Set 2,Pos,target,14
Set 2,Pos,target,335
Set 2,Pos,target,197
Set 2,Pos,target,914
Set 2,Pos,target,397
Set 2,Pos,target,546
Set 2,Pos,target,764
Set 2,Pos,target,767
Set 2,Pos,target,479
Set 2,Pos,target,892
Set 2,Pos,target,577
Set 2,Pos,target,771
Set 2,Pos,target,651
Set 2,Pos,target,818
Set 2,Pos,target,709
Set 2,Pos,target,312
Set 2,Pos,target,976
Set 2,Pos,target,573
Set 2,Pos,target,683
Set 2,Pos,target,652
Set 2,Pos,target,796
Set 2,Pos,target,744
Set 2,Pos,target,511
Set 2,Pos,target,775
Set 2,Pos,target,957
Set 2,Pos,target,407
Set 2,Pos,target,571
Set 2,Pos,target,589
Set 2,Pos,target,141
Set 2,Pos,decoy,185
Set 2,Pos,target,728
Set 2,Pos,target,591
Set 2,Pos,target,426
Set 2,Pos,target,768
Set 2,Pos,target,836
Set 2,Pos,target,198
Set 2,Pos,target,766
Set 2,Pos,target,108
Set 2,Pos,target,723
Set 2,Pos,target,600
Set 2,Pos,target,866
Set 2,Pos,target,156
Set 2,Pos,decoy,110
Set 2,Pos,decoy,26
Set 2,Pos,target,742
Set 2,Pos,target,869
Set 2,Pos,target,560
Set 2,Pos,target,855
Set 2,Pos,target,432
Set 2,Pos,target,521
Set 2,Pos,target,554
Set 2,Pos,target,321
Set 2,Pos,target,995
Set 2,Pos,target,902
Set 2,Pos,target,540
Set 2,Pos,target,87
Set 2,Pos,target,904
Set 2,Pos,target,481
Set 2,Pos,target,182
Set 2,Pos,target,666
Set 2,Pos,target,226
Set 2,Pos,target,899
Set 2,Pos,target,857
Set 2,Pos,target,580
Set 2,Pos,target,877
Set 2,Pos,target,575
Set 2,Pos,target,577
Set 2,Pos,target,705
Set 2,Pos,target,826
Set 2,Pos,target,517
Set 2,Pos,target,547
Set 2,Pos,target,879
Set 2,Pos,target,894
Set 2,Pos,target,551
Set 2,Pos,target,886
Set 2,Pos,target,147
Set 2,Pos,target,780
Set 2,Pos,target,103
Set 2,Pos,target,637
Set 2,Pos,target,956
Set 2,Pos,target,833
Set 2,Pos,target,849
Set 2,Pos,target,802
Set 2,Pos,target,576
Set 2,Pos,target,781
Set 2,Pos,target,781
Set 2,Pos,target,749
Set 2,Pos,target,767
Set 2,Pos,target,469
Set 2,Pos,decoy,63
Set 2,Pos,target,7
Set 2,Pos,target,690
Set 2,Pos,target,480
Set 2,Pos,target,583
Set 2,Pos,target,727
Set 2,Pos,target,736
Set 2,Pos,target,819
Set 2,Pos,decoy,32
Set 2,Pos,target,761
Set 2,Pos,decoy,74
Set 2,Pos,target,996
Set 2,Pos,target,833
Set 2,Pos,target,918
Set 2,Pos,target,12
Set 2,Pos,target,788
Set 2,Pos,target,709
Set 2,Pos,target,664
Set 2,Pos,decoy,59
Set 2,Pos,target,966
Set 2,Pos,target,517
Set 2,Pos,target,944
Set 2,Pos,target,996
Set 2,Pos,target,580
Set 2,Pos,target,35
Set 2,Pos,target,287
Set 2,Pos,target,735
Set 2,Pos,target,827
Set 2,Pos,target,883
Set 2,Pos,target,771
Set 2,Pos,target,495
Set 2,Pos,target,962
Set 2,Pos,target,911
Set 2,Pos,target,501
Set 2,Pos,target,831
Set 2,Pos,target,958
Set 2,Pos,target,753
Set 2,Pos,decoy,96
Set 2,Pos,target,575
Set 2,Pos,target,961
Set 2,Pos,target,805
Set 2,Pos,decoy,189
Set 2,Pos,target,895
Set 2,Pos,target,853
Set 2,Pos,target,374
Set 2,Pos,target,971
Set 2,Pos,target,548
Set 2,Pos,target,680
Set 2,Pos,target,551
Set 2,Pos,target,269
Set 2,Pos,target,795
Set 2,Pos,target,549
Set 2,Pos,target,877
Set 2,Pos,target,993
Set 2,Pos,target,925
Set 2,Pos,target,704
Set 2,Pos,target,582
Set 2,Pos,target,178
Set 2,Pos,target,748
Set 2,Pos,target,581
Set 2,Pos,target,864
Set 2,Pos,target,654
Set 2,Pos,target,996
Set 2,Pos,target,830
Set 2,Pos,target,894
Set 2,Pos,target,701
Set 2,Pos,target,664
Set 2,Pos,target,327
Set 2,Pos,target,632
Set 2,Pos,target,539
Set 2,Pos,target,864
Set 2,Pos,target,996
Set 2,Pos,target,902
Set 2,Pos,target,93
Set 2,Pos,target,767
Set 2,Pos,decoy,67
Set 2,Pos,target,661
Set 2,Pos,target,863
Set 2,Pos,decoy,49
Set 2,Pos,target,568
Set 2,Pos,target,996
Set 2,Pos,target,900
Set 2,Pos,target,849
Set 2,Pos,target,759
Set 2,Pos,target,184
Set 2,Pos,target,989
Set 2,Pos,target,957
Set 2,Pos,target,787
Set 2,Pos,target,996
Set 2,Pos,target,556
Set 2,Pos,target,848
Set 2,Pos,target,996
Set 2,Pos,target,947
Set 2,Pos,target,712
Set 2,Pos,target,699
Set 2,Pos,target,874
Set 2,Pos,target,988
Set 2,Pos,target,983
Set 2,Pos,target,803
Set 2,Pos,target,608
Set 2,Pos,target,794
Set 2,Pos,target,470
Set 2,Pos,target,126
Set 2,Pos,target,895
Set 2,Pos,target,119
Set 2,Pos,target,602
Set 2,Pos,decoy,131
Set 2,Pos,target,246
Set 2,Pos,target,909
Set 2,Pos,target,623
Set 2,Pos,target,627
Set 2,Pos,target,787
Set 2,Pos,target,853
Set 2,Pos,target,59
Set 2,Pos,target,961
Set 2,Pos,target,902
Set 2,Pos,target,610
Set 2,Pos,target,101
Set 2,Pos,target,576
Set 2,Pos,target,995
Set 2,Pos,target,955
Set 2,Pos,target,878
Set 2,Pos,target,97
Set 2,Pos,decoy,83
Set 2,Pos,target,915
Set 2,Pos,target,364
Set 2,Pos,target,676
Set 2,Pos,target,56
Set 2,Pos,target,560
Set 2,Pos,target,218
Set 2,Pos,target,759
Set 2,Pos,target,9
Set 2,Pos,target,177
Set 2,Pos,target,87
Set 2,Pos,target,895
Set 2,Pos,target,896
Set 2,Pos,target,999
Set 2,Pos,target,649
Set 2,Pos,target,598
Set 2,Pos,target,901
Set 2,Pos,target,308
Set 2,Pos,target,515
Set 2,Pos,target,455
Set 2,Pos,target,981
Set 2,Pos,target,169
Set 2,Pos,target,700
Set 2,Pos,target,17
Set 2,Pos,target,801
Set 2,Pos,target,12
Set 2,Pos,target,662
Set 2,Pos,target,587
Set 2,Pos,target,237
Set 2,Pos,target,576
Set 2,Pos,target,996
Set 2,Pos,target,982
Set 2,Pos,target,908
Set 2,Pos,target,975
Set 2,Pos,target,987
Set 2,Pos,target,884
Set 2,Pos,target,996
Set 2,Pos,target,676
Set 2,Pos,target,749
Set 2,Pos,target,516
Set 2,Pos,target,847
Set 2,Pos,target,715
Set 2,Pos,target,10
Set 2,Pos,target,358
Set 2,Pos,target,860
Set 2,Pos,target,687
Set 2,Pos,target,162
Set 2,Pos,target,610
Set 2,Pos,target,120
Set 2,Pos,target,640
Set 2,Pos,target,677
Set 2,Pos,target,986
Set 2,Pos,target,565
Set 2,Pos,target,992
Set 2,Pos,target,701
Set 2,Pos,target,656
Set 2,Pos,target,62
Set 2,Pos,target,855
Set 2,Pos,target,929
Set 2,Pos,target,994
Set 2,Pos,decoy,82
Set 2,Pos,target,903
Set 2,Pos,target,889
Set 2,Pos,target,747
Set 2,Pos,target,768
Set 2,Pos,target,144
Set 2,Pos,target,771
Set 2,Pos,target,668
Set 2,Pos,target,479
Set 2,Pos,target,724
Set 2,Pos,target,977
Set 2,Pos,target,957
Set 2,Pos,target,870
Set 2,Pos,target,901
Set 2,Pos,target,993
Set 2,Pos,target,536
Set 2,Pos,target,941
Set 2,Pos,target,748
Set 2,Pos,target,978
Set 2,Pos,target,846
Set 2,Pos,target,945
Set 2,Pos,target,960
Set 2,Pos,target,996
Set 2,Pos,target,914
Set 2,Pos,target,837
Set 2,Pos,target,497
Set 2,Pos,target,988
Set 2,Pos,target,801
Set 2,Pos,target,546
Set 2,Pos,target,6
Set 2,Pos,target,893
Set 2,Pos,target,662
Set 2,Pos,target,744
Set 2,Pos,target,54
Set 2,Pos,target,840
Set 2,Pos,target,869
Set 2,Pos,target,984
Set 2,Pos,target,863
Set 2,Pos,target,87
Set 2,Pos,target,993
Set 2,Pos,target,879
Set 2,Pos,target,776
Set 2,Pos,target,858
Set 2,Pos,target,873
Set 2,Pos,target,885
Set 2,Pos,target,60
Set 2,Pos,target,997
Set 2,Pos,target,805
Set 2,Pos,target,887
Set 2,Pos,target,762
Set 2,Pos,target,835
Set 2,Pos,target,863
Set 2,Pos,target,998
Set 2,Pos,target,653
Set 2,Pos,target,994
Set 2,Pos,target,805
Set 2,Pos,target,45
Set 2,Pos,target,884
Set 2,Pos,target,808
Set 2,Pos,target,992
Set 2,Pos,target,834
Set 2,Pos,target,869
Set 2,Pos,target,698
Set 2,Pos,target,720
Set 2,Pos,target,829
Set 2,Pos,target,920
Set 2,Pos,target,979
Set 2,Pos,target,715
Set 2,Pos,target,868
Set 2,Pos,target,806
Set 2,Pos,target,993
Set 2,Pos,target,844
Set 2,Pos,decoy,1
Set 2,Pos,target,847
Set 2,Pos,target,871
Set 2,Pos,target,801
Set 2,Pos,target,895
Set 2,Pos,target,990
Set 2,Pos,target,853
Set 2,Pos,target,939
Set 2,Pos,target,797
Set 2,Pos,target,4
Set 2,Pos,target,797
Set 2,Pos,target,869
Set 2,Pos,target,858
Set 2,Pos,target,731
Set 2,Pos,target,867
Set 2,Pos,target,877
Set 2,Pos,target,995
Set 2,Pos,target,866
Set 2,Pos,target,878
Set 2,Pos,target,893
Set 2,Pos,target,566
Set 2,Pos,target,995
Set 2,Pos,target,908
Set 2,Pos,target,885
Set 2,Pos,target,768
Set 2,Pos,target,837
Set 2,Pos,target,782
Set 2,Pos,target,864
Set 2,Pos,target,941
Set 2,Pos,target,995
Set 2,Pos,target,957
Set 2,Pos,target,776
Set 2,Pos,target,890
Set 2,Pos,target,883
Set 2,Pos,target,996
Set 2,Pos,target,738
Set 2,Pos,target,874
Set 2,Pos,target,854
Set 2,Pos,target,829
Set 2,Pos,target,993
Set 2,Pos,target,760
Set 2,Pos,target,859
Set 2,Pos,target,850
Set 2,Pos,target,888
Set 2,Pos,target,994
Set 2,Pos,target,799
Set 2,Pos,target,802
Set 2,Pos,target,994
Set 2,Pos,target,844
Set 2,Pos,target,898
Set 2,Pos,target,925
Set 2,Pos,target,866
Set 2,Pos,target,848
Set 2,Pos,target,881
Set 2,Pos,target,994
Set 2,Pos,target,910
Set 2,Pos,target,993
Set 2,Pos,target,886
Set 2,Pos,target,797
Set 2,Pos,target,847
Set 2,Pos,target,810
Set 2,Pos,target,995
Set 2,Pos,target,826
Set 2,Pos,target,942
Set 2,Pos,target,815
Set 2,Pos,target,868
Set 2,Pos,target,994
Set 2,Pos,target,817
Set 2,Pos,target,993
Set 2,Pos,target,875
Set 2,Pos,target,751
Set 2,Pos,target,862
Set 2,Pos,target,909
Set 2,Pos,target,893
Set 2,Pos,target,891
Set 2,Pos,target,866
Set 2,Pos,target,992
Set 2,Pos,target,809
Set 2,Pos,target,811
Set 2,Pos,target,855
Set 2,Pos,target,886
Set 2,Pos,target,993
Set 2,Pos,target,951
Set 2,Pos,target,784
Set 2,Pos,target,936
Set 2,Pos,target,898
Set 2,Pos,target,887
Set 2,Pos,target,996
Set 2,Pos,target,893
Set 2,Pos,target,753
Set 2,Pos,target,831
Set 2,Pos,target,993
Set 2,Pos,target,901
Set 2,Pos,target,829
Set 2,Pos,target,931
Set 2,Pos,target,925
Set 2,Pos,target,996
Set 2,Pos,target,815
Set 2,Pos,target,908
Set 2,Pos,target,937
Set 2,Pos,target,850
Set 2,Pos,target,833
Set 2,Pos,target,999
Set 2,Pos,target,993
Set 2,Pos,target,936
Set 2,Pos,target,864
Set 2,Pos,target,889
Set 2,Pos,target,997
Set 2,Pos,target,771
Set 2,Pos,target,835
Set 2,Pos,target,861
Set 2,Pos,target,809
Set 2,Pos,target,992
Set 2,Pos,target,925
Set 2,Pos,target,957
Set 2,Pos,target,30
Set 2,Pos,target,945
Set 2,Pos,target,997
Set 2,Pos,target,999
Set 2,Pos,target,956
Set 2,Pos,target,797
Set 2,Pos,target,999
Set 2,Pos,target,918
Set 2,Pos,target,935
Set 2,Pos,target,846
Set 2,Pos,target,995
Set 2,Pos,target,996
Set 2,Pos,target,950
Set 2,Pos,target,999
Set 2,Pos,target,865
Set 2,Pos,target,995
Set 2,Pos,target,948
Set 2,Pos,target,993
Set 2,Pos,target,957
Set 2,Pos,target,870
Set 2,Pos,target,994
Set 2,Pos,target,999
Set 2,Pos,target,995
Set 2,Pos,target,831
Set 2,Pos,target,996
Set 2,Pos,target,960
Set 2,Pos,target,896
Set 2,Pos,target,957
Set 2,Pos,target,914
Set 2,Pos,target,995
Set 2,Pos,target,999
Set 2,Pos,target,959
Set 2,Pos,target,994
Set 2,Pos,target,995
Set 2,Pos,target,965
Set 2,Pos,target,890
Set 2,Pos,target,999
Set 2,Pos,target,951
Set 2,Pos,target,882
Set 2,Pos,target,992
Set 2,Pos,target,999
Set 2,Pos,target,996
Set 2,Pos,target,886
Set 2,Pos,target,959
Set 2,Pos,target,903
Set 2,Pos,target,856
Set 2,Pos,target,999
Set 2,Pos,target,991
Set 2,Pos,target,995
Set 2,Pos,target,874
Set 2,Pos,target,933
Set 2,Pos,target,873
Set 2,Pos,target,756
Set 2,Pos,target,993
Set 2,Pos,target,875
Set 2,Pos,target,823
Set 2,Pos,target,904
Set 2,Pos,target,816
Set 2,Pos,target,991
Set 2,Pos,target,994
Set 2,Pos,target,836
Set 2,Pos,target,997
Set 2,Pos,target,889
Set 2,Pos,target,992
Set 2,Pos,target,816
Set 2,Pos,target,902
Set 2,Pos,target,851
Set 2,Pos,target,749
Set 2,Pos,target,994
Set 2,Pos,target,850
Set 2,Pos,target,989
Set 2,Pos,target,784
Set 2,Pos,target,254
Set 2,Pos,target,847
Set 2,Pos,target,994
Set 2,Pos,target,818
Set 2,Pos,target,948
Set 2,Pos,target,58
Set 2,Pos,target,194
Set 2,Pos,target,951
Set 2,Pos,target,795
Set 2,Pos,target,828
Set 2,Pos,target,659
Set 2,Pos,target,639
Set 2,Pos,target,22
Set 2,Pos,target,988
Set 2,Pos,target,24
Set 2,Pos,target,583
Set 2,Pos,target,948
Set 2,Pos,target,992
Set 2,Pos,target,766
Set 2,Pos,target,995
Set 2,Pos,target,24
Set 2,Pos,target,15
Set 2,Pos,target,948
Set 2,Pos,target,998
Set 2,Pos,target,996
Set 2,Pos,target,20
Set 2,Pos,target,993
Set 2,Pos,target,947
Set 2,Pos,target,996
Set 2,Pos,target,995
Set 2,Pos,target,958
Set 2,Pos,target,999
Set 2,Pos,target,950
Set 2,Pos,target,997
Set 2,Pos,target,985
Set 2,Pos,target,878
Set 2,Pos,target,939
Set 2,Pos,target,946
Set 2,Pos,target,998
Set 2,Pos,target,995
Set 2,Pos,target,8
Set 2,Pos,target,985
Set 2,Neg,target,722
Set 2,Neg,target,667
Set 2,Neg,target,942
Set 2,Neg,target,626
Set 2,Neg,target,25
Set 2,Neg,target,216
Set 2,Neg,target,211
Set 2,Neg,target,9
Set 2,Neg,target,713
Set 2,Neg,target,200
Set 2,Neg,target,702
Set 2,Neg,target,153
Set 2,Neg,target,900
Set 2,Neg,target,119
Set 2,Neg,decoy,159
Set 2,Neg,decoy,133
Set 2,Neg,decoy,33
Set 2,Neg,decoy,146
Set 2,Neg,decoy,76
Set 2,Neg,target,927
Set 2,Neg,decoy,86
Set 2,Neg,decoy,102
Set 2,Neg,decoy,60
Set 2,Neg,target,14
Set 2,Neg,target,23
Set 2,Neg,target,627
Set 2,Neg,target,82
Set 2,Neg,target,132
Set 2,Neg,target,815
Set 2,Neg,target,438
Set 2,Neg,target,567
Set 2,Neg,target,895
Set 2,Neg,target,916
Set 2,Neg,target,271
Set 2,Neg,target,992
Set 2,Neg,target,810
Set 2,Neg,target,657
Set 2,Neg,target,579
Set 2,Neg,target,955
Set 2,Neg,target,1000
Set 2,Neg,target,995
Set 2,Neg,target,853
Set 2,Neg,target,871
Set 2,Neg,target,22
Set 2,Neg,target,998
Set 2,Neg,target,81
Set 2,Neg,target,757
Set 2,Neg,target,839
Set 2,Neg,target,996
Set 2,Neg,target,762
Set 2,Neg,target,853
Set 2,Neg,target,4
Set 2,Neg,target,997
Set 2,Neg,target,7
Set 2,Neg,target,831
Set 2,Neg,target,9
Set 2,Neg,target,871
Set 2,Neg,target,824
Set 2,Neg,target,999
Set 2,Neg,target,787
Set 2,Neg,target,869
Set 2,Neg,target,994
Set 2,Neg,target,480
Set 2,Neg,target,832
Set 2,Neg,target,3
Set 2,Neg,target,992
Set 2,Neg,target,844
Set 2,Neg,target,998
Set 2,Neg,target,763
Set 2,Neg,target,855
Set 2,Neg,target,10
Set 2,Neg,target,862
Set 2,Neg,target,811
Set 2,Neg,target,10
Set 2,Neg,target,904
Set 2,Neg,target,904
Set 2,Neg,target,837
Set 2,Neg,target,4
Set 2,Neg,target,990
Set 2,Neg,target,235
Set 2,Neg,target,998
Set 2,Neg,target,986
Set 2,Neg,target,795
Set 2,Neg,target,765
Set 2,Neg,target,965
Set 2,Neg,target,998
Set 2,Neg,target,848
Set 2,Neg,target,819
Set 2,Neg,target,10
Set 2,Neg,target,849
Set 2,Neg,target,338
Set 2,Neg,target,818
Set 2,Neg,target,796
Set 2,Neg,target,816
Set 2,Neg,target,710
Set 2,Neg,target,72
Set 2,Neg,target,657
Set 2,Neg,target,16
Set 2,Neg,target,128
Set 2,Neg,target,2
Set 2,Neg,target,266
Set 2,Neg,target,37
Set 2,Neg,target,61
Set 2,Neg,target,6
Set 2,Neg,target,992
Set 2,Neg,target,914
Set 2,Neg,target,719
Set 2,Neg,target,998
Set 2,Neg,target,9
Set 2,Neg,target,36
Set 2,Neg,target,8
Set 2,Neg,target,8
Set 2,Neg,target,420
Set 2,Neg,target,708
Set 2,Neg,target,771
Set 2,Neg,target,997
Set 2,Neg,target,8
Set 2,Neg,target,2
Set 2,Neg,decoy,91
Set 2,Neg,target,5
Set 2,Neg,target,998
Set 2,Neg,target,29
Set 2,Neg,target,23
Set 2,Neg,target,575
Set 2,Neg,target,407
Set 2,Neg,target,5
Set 2,Neg,target,24
Set 2,Neg,target,999
Set 2,Neg,target,5
Set 2,Neg,target,5
Set 2,Neg,target,999
Set 2,Neg,target,34
Set 2,Neg,target,156
Set 2,Neg,target,882
Set 2,Neg,target,83
Set 2,Neg,target,7
Set 2,Neg,target,284
Set 2,Neg,target,8
Set 2,Neg,target,386
Set 2,Neg,target,408
Set 2,Neg,target,338
Set 2,Neg,decoy,2
Set 2,Neg,target,995
Set 2,Neg,target,508
Set 2,Neg,target,935
Set 2,Neg,target,655
Set 2,Neg,target,995
Set 2,Neg,target,996
Set 2,Neg,target,935
Set 2,Neg,target,689
Set 2,Neg,target,384
Set 2,Neg,target,240
Set 2,Neg,target,896
Set 2,Neg,target,211
Set 2,Neg,target,465
Set 2,Neg,target,976
Set 2,Neg,target,984
Set 2,Neg,target,975
Set 2,Neg,target,942
Set 2,Neg,target,997
Set 2,Neg,target,557
Set 2,Neg,target,995
Set 2,Neg,target,268
Set 2,Neg,target,344
Set 2,Neg,target,576
Set 2,Neg,target,65
Set 2,Neg,target,163
Set 2,Neg,target,150
Set 2,Neg,target,900
Set 2,Neg,target,275
Set 2,Neg,target,997
Set 2,Neg,target,205
Set 2,Neg,target,262
Set 2,Neg,target,899
Set 2,Neg,target,642
Set 2,Neg,target,212
Set 2,Neg,target,18
Set 2,Neg,target,819
Set 2,Neg,target,874
Set 2,Neg,target,331
Set 2,Neg,target,210
Set 2,Neg,target,480
Set 2,Neg,target,967
Set 2,Neg,target,998
Set 2,Neg,target,775
Set 2,Neg,target,1000
Set 2,Neg,target,451
Set 2,Neg,target,105
Set 2,Neg,target,436
Set 2,Neg,target,805
Set 2,Neg,target,918
Set 2,Neg,target,813
Set 2,Neg,target,994
Set 2,Neg,target,264
Set 2,Neg,target,526
Set 2,Neg,target,824
Set 2,Neg,target,77
Set 2,Neg,target,998
Set 2,Neg,target,992
Set 2,Neg,target,489
Set 2,Neg,target,985
Set 2,Neg,target,857
Set 2,Neg,target,814
Set 2,Neg,target,997
Set 2,Neg,target,377
Set 2,Neg,target,225
Set 2,Neg,target,858
Set 2,Neg,target,330
Set 2,Neg,target,369
Set 2,Neg,target,957
Set 2,Neg,target,164
Set 2,Neg,target,446
Set 2,Neg,target,447
Set 2,Neg,target,817
Set 2,Neg,target,852
Set 2,Neg,target,954
Set 2,Neg,target,4
Set 2,Neg,target,265
Set 2,Neg,target,975
Set 2,Neg,target,949
Set 2,Neg,target,933
Set 2,Neg,target,521
Set 2,Neg,target,394
Set 2,Neg,target,926
Set 2,Neg,target,474
Set 2,Neg,target,711
Set 2,Neg,target,990
Set 2,Neg,target,605
Set 2,Neg,target,918
Set 2,Neg,target,300
Set 2,Neg,target,676
Set 2,Neg,target,928
Set 2,Neg,target,400
Set 2,Neg,target,449
Set 2,Neg,target,887
Set 2,Neg,target,780
Set 2,Neg,target,118
Set 2,Neg,target,739
Set 2,Neg,target,286
Set 2,Neg,target,814
Set 2,Neg,target,921
Set 2,Neg,target,566
Set 2,Neg,target,914
Set 2,Neg,target,1000
Set 2,Neg,target,433
Set 2,Neg,target,682
Set 2,Neg,target,247
Set 2,Neg,target,354
Set 2,Neg,target,691
Set 2,Neg,target,277
Set 2,Neg,target,998
Set 2,Neg,target,998
Set 2,Neg,target,713
Set 2,Neg,target,28
Set 2,Neg,target,906
Set 2,Neg,target,999
Set 2,Neg,target,986
Set 2,Neg,target,418
Set 2,Neg,target,395
Set 2,Neg,target,828
Set 2,Neg,target,459
Set 2,Neg,target,298
Set 2,Neg,target,984
Set 2,Neg,target,26
Set 2,Neg,target,840
Set 2,Neg,target,766
Set 2,Neg,target,958
Set 2,Neg,target,20
Set 2,Neg,target,389
Set 2,Neg,target,836
Set 2,Neg,target,517
Set 2,Neg,target,963
Set 2,Neg,target,423
Set 2,Neg,target,973
Set 2,Neg,target,914
Set 2,Neg,target,1000
Set 2,Neg,target,620
Set 2,Neg,target,437
Set 2,Neg,target,866
Set 2,Neg,target,953
Set 2,Neg,target,442
Set 2,Neg,target,999
Set 2,Neg,target,903
Set 2,Neg,target,996
Set 2,Neg,target,336
Set 2,Neg,target,448
Set 2,Neg,target,342
Set 2,Neg,target,437
Set 2,Neg,target,32
Set 2,Neg,target,406
Set 2,Neg,target,741
Set 2,Neg,target,449
Set 2,Neg,target,430
Set 2,Neg,target,373
Set 2,Neg,target,751
Set 2,Neg,target,999
Set 2,Neg,target,167
Set 2,Neg,target,1000
Set 2,Neg,target,998
Set 2,Neg,target,584
Set 2,Neg,target,999
Set 2,Neg,target,998
Set 2,Neg,target,664
Set 2,Neg,target,867
Set 2,Neg,target,419
Set 2,Neg,target,77
Set 2,Neg,target,990
Set 2,Neg,target,959
Set 2,Neg,target,250
Set 2,Neg,target,449
Set 2,Neg,target,977
Set 2,Neg,target,977
Set 2,Neg,target,999
Set 2,Neg,target,997
Set 2,Neg,target,638
Set 2,Neg,target,940
Set 2,Neg,target,994
Set 2,Neg,target,999
Set 2,Neg,target,994
Set 2,Neg,target,6
Set 2,Neg,target,503
Set 2,Neg,target,592
Set 2,Neg,target,275
Set 2,Neg,target,997
Set 2,Neg,target,722
Set 2,Neg,target,997
Set 2,Neg,target,252
Set 2,Neg,target,978
Set 2,Neg,target,1000
Set 2,Neg,target,997
Set 2,Neg,target,975
Set 2,Neg,target,5
Set 2,Neg,target,1000
Set 2,Neg,target,999
Set 2,Neg,target,426
Set 2,Neg,target,355
Set 2,Neg,target,999
Set 2,Neg,target,998
Set 2,Neg,target,658
Set 2,Neg,target,450
Set 2,Neg,target,997
Set 2,Neg,target,982
Set 2,Neg,target,996
Set 2,Neg,target,999
Set 2,Neg,target,353
Set 2,Neg,target,829
Set 2,Neg,target,1000
Set 2,Neg,target,780
Set 2,Neg,target,992
Set 2,Neg,target,565
Set 2,Neg,target,284
Set 2,Neg,target,979
Set 2,Neg,target,513
Set 2,Neg,target,762
Set 2,Neg,target,996
Set 2,Neg,target,995
Set 2,Neg,target,644
Set 2,Neg,target,1000
Set 2,Neg,target,988
Set 2,Neg,decoy,1
Set 2,Neg,target,534
Set 2,Neg,target,491
Set 2,Neg,target,745
Set 2,Neg,target,1000
Set 2,Neg,target,899
Set 2,Neg,target,225
Set 2,Neg,target,998
Set 2,Neg,target,994
Set 2,Neg,target,410
Set 2,Neg,decoy,3
Set 2,Neg,target,994
Set 2,Neg,target,567
Set 2,Neg,target,701
Set 2,Neg,target,763
Set 2,Neg,target,826
Set 2,Neg,target,665
Set 2,Neg,target,251
Set 2,Neg,target,646
Set 2,Neg,target,587
Set 2,Neg,target,863
Set 2,Neg,target,770
Set 2,Neg,target,801
Set 2,Neg,target,858
Set 2,Neg,target,797
Set 2,Neg,target,778
Set 2,Neg,target,428
Set 2,Neg,target,56
Set 2,Neg,target,775
Set 2,Neg,target,414
Set 2,Neg,target,717
Set 2,Neg,target,956
Set 2,Neg,target,21
Set 2,Neg,target,747
Set 2,Neg,target,995
Set 2,Neg,target,573
Set 2,Neg,target,608
Set 2,Neg,target,948
Set 2,Neg,target,998
Set 2,Neg,target,902
Set 2,Neg,target,876
Set 2,Neg,target,995
Set 2,Neg,target,853
Set 2,Neg,target,998
Set 2,Neg,target,32
Set 2,Neg,target,33
Set 2,Neg,target,46
Set 2,Neg,target,697
Set 2,Neg,target,841
Set 2,Neg,target,605
Set 2,Neg,target,904
Set 2,Neg,target,995
Set 2,Neg,target,948
Set 2,Neg,target,885
Set 2,Neg,target,8
Set 2,Neg,target,9
Set 2,Neg,target,872
Set 2,Neg,target,712
Set 2,Neg,target,999
Set 2,Neg,target,996
Set 2,Neg,target,725
Set 2,Neg,target,891
Set 2,Neg,target,828
Set 2,Neg,target,998
Set 2,Neg,target,3
Set 2,Neg,target,11
Set 2,Neg,target,776
Set 2,Neg,target,892
Set 2,Neg,target,90
Set 2,Neg,target,748
Set 2,Neg,target,855
Set 2,Neg,target,10
Set 2,Neg,target,3
Set 2,Neg,target,896
Set 2,Neg,target,810
Set 2,Neg,target,3
Set 2,Neg,target,988
Set 2,Neg,target,998
Set 2,Neg,target,119
Set 2,Neg,target,955
Set 2,Neg,target,778
Set 2,Neg,target,816
Set 2,Neg,target,774
Set 2,Neg,target,956
Set 2,Neg,target,998
Set 2,Neg,target,11
Set 2,Neg,target,889
Set 2,Neg,target,896
Set 2,Neg,target,901
Set 2,Neg,target,756
Set 2,Neg,target,777
Set 2,Neg,target,702
Set 2,Neg,target,886
Set 2,Neg,target,54
Set 2,Neg,target,60
Set 2,Neg,target,645
Set 2,Neg,target,19
Set 2,Neg,target,776
Set 2,Neg,target,2
Set 2,Neg,target,18
Set 2,Neg,target,30
Set 2,Neg,decoy,30
Set 2,Neg,target,3
Set 2,Neg,target,9
Set 2,Neg,target,998
Set 2,Neg,target,937
Set 2,Neg,target,713
Set 2,Neg,target,997
Set 2,Neg,target,9
Set 2,Neg,target,18
Set 2,Neg,target,9
Set 2,Neg,target,8
Set 2,Neg,target,731
Set 2,Neg,target,790
Set 2,Neg,target,966
Set 2,Neg,target,864
Set 2,Neg,target,10
Set 2,Neg,target,62
Set 2,Neg,target,5
Set 2,Neg,target,52
Set 2,Neg,target,991
Set 2,Neg,target,16
Set 2,Neg,target,3
Set 2,Neg,decoy,94
Set 2,Neg,target,25
Set 2,Neg,target,457
Set 2,Neg,target,4
Set 2,Neg,target,999
Set 2,Neg,target,5
Set 2,Neg,target,2
Set 2,Neg,decoy,2
Set 2,Neg,target,156
Set 2,Neg,target,17
Set 2,Neg,target,999
Set 2,Neg,target,37
Set 2,Neg,target,873
Set 2,Neg,target,32
Set 2,Neg,target,253
Set 2,Neg,target,7
Set 2,Neg,target,481
Set 2,Neg,target,16
Set 2,Neg,target,364
Set 2,Neg,target,900
Set 2,Neg,target,942
Set 2,Neg,target,19
Set 2,Neg,target,429
Set 2,Neg,target,997
Set 2,Neg,target,131
Set 2,Neg,target,1
Set 2,Neg,target,941
Set 2,Neg,target,996
Set 2,Neg,target,996
Set 2,Neg,target,720
Set 2,Neg,target,311
Set 2,Neg,target,96
Set 2,Neg,target,235
Set 2,Neg,target,692
Set 2,Neg,target,53
Set 2,Neg,target,364
Set 2,Neg,target,640
Set 2,Neg,target,988
Set 2,Neg,target,990
Set 2,Neg,target,973
Set 2,Neg,target,997
Set 2,Neg,target,563
Set 2,Neg,target,567
Set 2,Neg,target,302
Set 2,Neg,target,324
Set 2,Neg,target,978
Set 2,Neg,target,170
Set 2,Neg,target,32
Set 2,Neg,target,369
Set 2,Neg,target,899
Set 2,Neg,target,658
Set 2,Neg,target,193
Set 2,Neg,target,998
Set 2,Neg,target,205
Set 2,Neg,target,901
Set 2,Neg,target,252
Set 2,Neg,target,92
Set 2,Neg,target,258
Set 2,Neg,target,813
Set 2,Neg,target,159
Set 2,Neg,target,849
Set 2,Neg,target,647
Set 2,Neg,target,429
Set 2,Neg,target,386
Set 2,Neg,target,786
Set 2,Neg,target,998
Set 2,Neg,target,778
Set 2,Neg,target,6
Set 2,Neg,target,999
Set 2,Neg,target,783
Set 2,Neg,target,129
Set 2,Neg,target,73
Set 2,Neg,target,424
Set 2,Neg,target,19
Set 2,Neg,target,370
Set 2,Neg,target,420
Set 2,Neg,target,933
Set 2,Neg,target,779
Set 2,Neg,target,278
Set 2,Neg,target,806
Set 2,Neg,target,992
Set 2,Neg,target,7
Set 2,Neg,target,821
Set 2,Neg,target,412
Set 2,Neg,target,182
Set 2,Neg,target,815
Set 2,Neg,target,995
Set 2,Neg,target,985
Set 2,Neg,target,998
Set 2,Neg,target,993
Set 2,Neg,target,453
Set 2,Neg,target,232
Set 2,Neg,target,438
Set 2,Neg,target,996
Set 2,Neg,target,957
Set 2,Neg,target,197
Set 2,Neg,target,204
Set 2,Neg,target,462
Set 2,Neg,target,503
Set 2,Neg,target,358
Set 2,Neg,target,838
Set 2,Neg,target,13
Set 2,Neg,target,953
Set 2,Neg,target,125
Set 2,Neg,target,286
Set 2,Neg,target,954
Set 2,Neg,target,935
Set 2,Neg,target,489
Set 2,Neg,target,922
Set 2,Neg,target,799
Set 2,Neg,target,487
Set 2,Neg,target,569
Set 2,Neg,target,895
Set 2,Neg,target,749
Set 2,Neg,target,190
Set 2,Neg,target,312
Set 2,Neg,target,718
Set 2,Neg,target,953
Set 2,Neg,target,443
Set 2,Neg,target,871
Set 2,Neg,target,737
Set 2,Neg,target,791
Set 2,Neg,target,730
Set 2,Neg,target,718
Set 2,Neg,target,871
Set 2,Neg,target,822
Set 2,Neg,target,927
Set 2,Neg,target,824
Set 2,Neg,target,849
Set 2,Neg,target,862
Set 2,Neg,target,1000
Set 2,Neg,target,983
Set 2,Neg,target,204
Set 2,Neg,target,441
Set 2,Neg,target,367
Set 2,Neg,target,262
Set 2,Neg,target,997
Set 2,Neg,target,994
Set 2,Neg,target,769
Set 2,Neg,target,28
Set 2,Neg,target,657
Set 2,Neg,target,27
Set 2,Neg,target,944
Set 2,Neg,target,484
Set 2,Neg,target,997
Set 2,Neg,target,997
Set 2,Neg,target,307
Set 2,Neg,target,981
Set 2,Neg,target,820
Set 2,Neg,target,846
Set 2,Neg,target,999
Set 2,Neg,target,779
Set 2,Neg,target,41
Set 2,Neg,target,387
Set 2,Neg,target,746
Set 2,Neg,target,848
Set 2,Neg,target,16
Set 2,Neg,target,481
Set 2,Neg,target,346
Set 2,Neg,target,981
Set 2,Neg,target,431
Set 2,Neg,target,949
Set 2,Neg,target,340
Set 2,Neg,target,998
Set 2,Neg,target,885
Set 2,Neg,target,465
Set 2,Neg,target,943
Set 2,Neg,target,1000
Set 2,Neg,target,879
Set 2,Neg,target,810
Set 2,Neg,target,585
Set 2,Neg,target,430
Set 2,Neg,target,186
Set 2,Neg,target,700
Set 2,Neg,target,426
Set 2,Neg,target,764
Set 2,Neg,target,447
Set 2,Neg,target,745
Set 2,Neg,target,377
Set 2,Neg,target,996
Set 2,Neg,target,7
Set 2,Neg,target,999
Set 2,Neg,target,1000
Set 2,Neg,target,999
Set 2,Neg,target,999
Set 2,Neg,target,999
Set 2,Neg,target,676
Set 2,Neg,target,998
Set 2,Neg,target,958
Set 2,Neg,target,404
Set 2,Neg,target,499
Set 2,Neg,target,980
Set 2,Neg,target,989
Set 2,Neg,target,977
Set 2,Neg,target,998
Set 2,Neg,target,946
Set 2,Neg,target,1000
Set 2,Neg,target,996
Set 2,Neg,target,999
Set 2,Neg,target,306
Set 2,Neg,target,565
Set 2,Neg,target,844
Set 2,Neg,target,998
Set 2,Neg,target,735
Set 2,Neg,target,997
Set 2,Neg,target,975
Set 2,Neg,target,1000
Set 2,Neg,target,999
Set 2,Neg,target,985
Set 2,Neg,target,999
Set 2,Neg,target,999
Set 2,Neg,target,19
Set 2,Neg,target,635
Set 2,Neg,target,386
Set 2,Neg,target,999
Set 2,Neg,target,998
Set 2,Neg,target,387
Set 2,Neg,target,447
Set 2,Neg,target,1000
Set 2,Neg,target,997
Set 2,Neg,target,1000
Set 2,Neg,target,187
Set 2,Neg,target,814
Set 2,Neg,target,999
Set 2,Neg,target,983
Set 2,Neg,target,726
Set 2,Neg,target,990
Set 2,Neg,target,484
Set 2,Neg,target,534
Set 2,Neg,target,991
Set 2,Neg,target,733
Set 2,Neg,target,981
Set 2,Neg,target,770
Set 2,Neg,target,980
Set 2,Neg,target,977
Set 2,Neg,target,999
Set 2,Neg,target,639
Set 2,Neg,target,476
Set 2,Neg,target,396
Set 2,Neg,target,1000
Set 2,Neg,target,689
Set 2,Neg,target,998
Set 2,Neg,target,730
Set 2,Neg,target,996
Set 2,Neg,target,251
Set 2,Neg,target,994
Set 2,Neg,target,574
Set 2,Neg,target,807
Set 2,Neg,target,829
Set 2,Neg,target,903
Set 2,Neg,target,669
Set 2,Neg,target,486
Set 2,Neg,target,595
Set 2,Neg,target,525
Set 2,Neg,decoy,12
Set 2,Neg,target,924
Set 2,Neg,target,858
Set 2,Neg,target,817
Set 2,Neg,target,850
Set 2,Neg,target,427
Set 2,Neg,target,811
Set 2,Neg,target,482
Set 2,Neg,target,158
Set 2,Neg,target,7
Set 2,Neg,target,846
Set 2,Neg,target,22
Set 2,Neg,target,669
Set 2,Neg,target,905
Set 2,Neg,target,411
Set 2,Neg,target,910
Set 2,Neg,target,552
Set 2,Neg,target,892
Set 2,Neg,target,686
Set 2,Neg,target,998
Set 2,Neg,target,934
Set 2,Neg,target,899
Set 2,Neg,target,996
Set 2,Neg,target,844
Set 2,Neg,target,835
Set 2,Neg,target,26
Set 2,Neg,target,998
Set 2,Neg,target,521
Set 2,Neg,target,27
Set 2,Neg,target,86
Set 2,Neg,target,826
Set 2,Neg,target,801
Set 2,Neg,target,996
Set 2,Neg,target,784
Set 2,Neg,target,906
Set 2,Neg,target,4
Set 2,Neg,target,997
Set 2,Neg,target,842
Set 2,Neg,target,9
Set 2,Neg,target,8
Set 2,Neg,target,867
Set 2,Neg,target,931
Set 2,Neg,target,793
Set 2,Neg,target,1000
Set 2,Neg,target,2
Set 2,Neg,target,998
Set 2,Neg,target,889
Set 2,Neg,target,646
Set 2,Neg,target,3
Set 2,Neg,target,842
Set 2,Neg,target,998
Set 2,Neg,target,979
Set 2,Neg,target,764
Set 2,Neg,target,815
Set 2,Neg,target,11
Set 2,Neg,target,917
Set 2,Neg,target,6
Set 2,Neg,target,825
Set 2,Neg,target,10
Set 2,Neg,target,14
Set 2,Neg,target,848
Set 2,Neg,target,887
Set 2,Neg,target,998
Set 2,Neg,target,998
Set 2,Neg,target,80
Set 2,Neg,target,982
Set 2,Neg,target,782
Set 2,Neg,target,824
Set 2,Neg,target,765
Set 2,Neg,target,962
Set 2,Neg,target,15
Set 2,Neg,target,998
Set 2,Neg,target,903
Set 2,Neg,target,9
Set 2,Neg,target,867
Set 2,Neg,target,889
Set 2,Neg,target,861
Set 2,Neg,target,843
Set 2,Neg,target,721
Set 2,Neg,target,73
Set 2,Neg,target,758
Set 2,Neg,target,6
Set 2,Neg,target,917
Set 2,Neg,target,36
Set 2,Neg,target,24
Set 2,Neg,target,994
Set 2,Neg,target,1
Set 2,Neg,target,904
Set 2,Neg,target,673
Set 2,Neg,target,996
Set 2,Neg,target,9
Set 2,Neg,target,24
Set 2,Neg,target,8
Set 2,Neg,target,758
Set 2,Neg,target,658
Set 2,Neg,target,9
Set 2,Neg,target,961
Set 2,Neg,target,13
Set 2,Neg,target,81
Set 2,Neg,target,141
Set 2,Neg,target,2
Set 2,Neg,target,383
Set 2,Neg,target,57
Set 2,Neg,target,997
Set 2,Neg,target,20
Set 2,Neg,target,24
Set 2,Neg,target,431
Set 2,Neg,target,10
Set 2,Neg,target,4
Set 2,Neg,target,1000
Set 2,Neg,target,443
Set 2,Neg,target,40
Set 2,Neg,target,15
Set 2,Neg,target,186
Set 2,Neg,target,999
Set 2,Neg,target,829
Set 2,Neg,target,328
Set 2,Neg,target,92
Set 2,Neg,target,17
Set 2,Neg,target,372
Set 2,Neg,target,159
Set 2,Neg,target,493
Set 2,Neg,target,1
Set 2,Neg,target,945
Set 2,Neg,target,996
Set 2,Neg,target,443
Set 2,Neg,target,319
Set 2,Neg,target,996
Set 2,Neg,target,943
Set 2,Neg,target,143
Set 2,Neg,target,403
Set 2,Neg,target,683
Set 2,Neg,target,998
Set 2,Neg,target,250
Set 2,Neg,target,892
Set 2,Neg,target,991
Set 2,Neg,target,325
Set 2,Neg,target,813
Set 2,Neg,target,985
Set 2,Neg,target,254
Set 2,Neg,target,558
Set 2,Neg,target,251
Set 2,Neg,target,996
Set 2,Neg,target,323
Set 2,Neg,target,181
Set 2,Neg,target,991
Set 2,Neg,target,385
Set 2,Neg,target,268
Set 2,Neg,target,905
Set 2,Neg,target,467
Set 2,Neg,target,885
Set 2,Neg,target,909
Set 2,Neg,target,998
Set 2,Neg,target,203
Set 2,Neg,target,137
Set 2,Neg,target,264
Set 2,Neg,target,578
Set 2,Neg,target,772
Set 2,Neg,target,775
Set 2,Neg,target,997
Set 2,Neg,target,187
Set 2,Neg,target,117
Set 2,Neg,target,775
Set 2,Neg,target,2
Set 2,Neg,target,998
Set 2,Neg,target,481
Set 2,Neg,target,95
Set 2,Neg,target,371
Set 2,Neg,target,286
Set 2,Neg,target,974
Set 2,Neg,target,934
Set 2,Neg,target,817
Set 2,Neg,target,998
Set 2,Neg,target,845
Set 2,Neg,target,512
Set 2,Neg,target,733
Set 2,Neg,target,979
Set 2,Neg,target,67
Set 2,Neg,target,704
Set 2,Neg,target,818
Set 2,Neg,target,996
Set 2,Neg,target,65
Set 2,Neg,target,241
Set 2,Neg,target,459
Set 2,Neg,target,914
Set 2,Neg,target,997
Set 2,Neg,target,451
Set 2,Neg,target,966
Set 2,Neg,target,235
Set 2,Neg,target,997
Set 2,Neg,target,155
Set 2,Neg,target,736
Set 2,Neg,target,464
Set 2,Neg,target,955
Set 2,Neg,target,842
Set 2,Neg,target,5
Set 2,Neg,target,346
Set 2,Neg,target,130
Set 2,Neg,target,237
Set 2,Neg,target,948
Set 2,Neg,target,959
Set 2,Neg,target,721
Set 2,Neg,target,483
Set 2,Neg,target,365
Set 2,Neg,target,914
Set 2,Neg,target,579
Set 2,Neg,target,672
Set 2,Neg,target,221
Set 2,Neg,target,738
Set 2,Neg,target,323
Set 2,Neg,target,299
Set 2,Neg,target,900
Set 2,Neg,target,917
Set 2,Neg,target,871
Set 2,Neg,target,34
Set 2,Neg,target,235
Set 2,Neg,target,401
Set 2,Neg,target,793
Set 2,Neg,target,629
Set 2,Neg,target,743
Set 2,Neg,target,535
Set 2,Neg,target,816
Set 2,Neg,target,784
Set 2,Neg,target,332
Set 2,Neg,target,741
Set 2,Neg,target,1000
Set 2,Neg,target,968
Set 2,Neg,target,460
Set 2,Neg,target,316
Set 2,Neg,target,280
Set 2,Neg,target,996
Set 2,Neg,target,169
Set 2,Neg,target,996
Set 2,Neg,target,550
Set 2,Neg,target,404
Set 2,Neg,target,60
Set 2,Neg,target,939
Set 2,Neg,target,993
Set 2,Neg,target,28
Set 2,Neg,target,998
Set 2,Neg,target,461
Set 2,Neg,target,264
Set 2,Neg,target,381
Set 2,Neg,target,982
Set 2,Neg,target,817
Set 2,Neg,target,852
Set 2,Neg,target,993
Set 2,Neg,target,42
Set 2,Neg,target,586
Set 2,Neg,target,786
Set 2,Neg,target,474
Set 2,Neg,target,344
Set 2,Neg,target,461
Set 2,Neg,target,963
Set 2,Neg,target,963
Set 2,Neg,target,450
Set 2,Neg,target,892
Set 2,Neg,target,590
Set 2,Neg,target,997
Set 2,Neg,target,985
Set 2,Neg,target,853
Set 2,Neg,target,696
Set 2,Neg,target,386
Set 2,Neg,target,942
Set 2,Neg,target,999
Set 2,Neg,target,926
Set 2,Neg,target,996
Set 2,Neg,target,707
Set 2,Neg,target,27
Set 2,Neg,target,379
Set 2,Neg,target,639
Set 2,Neg,target,110
Set 2,Neg,target,899
Set 2,Neg,target,34
Set 2,Neg,target,438
Set 2,Neg,target,745
Set 2,Neg,target,345
Set 2,Neg,target,386
Set 2,Neg,target,764
Set 2,Neg,target,27
Set 2,Neg,target,108
Set 2,Neg,target,999
Set 2,Neg,target,999
Set 2,Neg,target,998
Set 2,Neg,target,1000
Set 2,Neg,target,998
Set 2,Neg,target,925
Set 2,Neg,target,763
Set 2,Neg,target,129
Set 2,Neg,target,422
Set 2,Neg,target,976
Set 2,Neg,target,948
Set 2,Neg,target,454
Set 2,Neg,target,982
Set 2,Neg,target,982
Set 2,Neg,target,997
Set 2,Neg,target,997
Set 2,Neg,target,592
Set 2,Neg,target,844
Set 2,Neg,target,969
Set 2,Neg,target,999
Set 2,Neg,target,996
Set 2,Neg,target,429
Set 2,Neg,target,5
Set 2,Neg,target,79
Set 2,Neg,target,998
Set 2,Neg,target,697
Set 2,Neg,target,996
Set 2,Neg,target,977
Set 2,Neg,target,1000
Set 2,Neg,target,998
Set 2,Neg,target,994
Set 2,Neg,target,999
Set 2,Neg,target,999
Set 2,Neg,target,154
Set 2,Neg,target,408
Set 2,Neg,target,999
Set 2,Neg,target,997
Set 2,Neg,target,399
Set 2,Neg,target,755
Set 2,Neg,target,997
Set 2,Neg,target,981
Set 2,Neg,target,996
Set 2,Neg,target,997
Set 2,Neg,target,1000
Set 2,Neg,target,995
Set 2,Neg,target,996
Set 2,Neg,target,287
Set 2,Neg,target,944
Set 2,Neg,target,999
Set 2,Neg,target,783
Set 2,Neg,target,818
Set 2,Neg,target,989
Set 2,Neg,target,568
Set 2,Neg,target,989
Set 2,Neg,target,994
Set 2,Neg,target,4
Set 2,Neg,target,687
Set 2,Neg,target,655
Set 2,Neg,target,983
Set 2,Neg,target,522
Set 2,Neg,target,997
Set 2,Neg,target,996
Set 2,Neg,target,999
Set 2,Neg,target,95
Set 2,Neg,target,582
Set 2,Neg,target,543
Set 2,Neg,target,998
Set 2,Neg,target,901
Set 2,Neg,target,495
Set 2,Neg,target,998
Set 2,Neg,target,997
Set 2,Neg,target,272
Set 2,Neg,target,996
Set 2,Neg,target,557
Set 2,Neg,target,778
Set 2,Neg,target,736
Set 2,Neg,target,830
Set 2,Neg,target,669
Set 2,Neg,target,663
Set 2,Neg,target,740
Set 2,Neg,target,56
Set 2,Neg,decoy,2
Set 2,Neg,target,843
Set 2,Neg,target,729
Set 2,Neg,target,183
Set 2,Neg,target,704
Set 2,Neg,target,856
Set 2,Neg,target,443
Set 2,Neg,target,848
Set 2,Neg,target,860
