run,tier,consensus,family,value_nmol_mL,n_labs,cod_pct,found,our_name,our_area,our_cv_pct
v1,Ref,DAG 30:0,DG,0.83,7,20,,,,
v1,Ref,DAG 34:1,DG,6.1,16,40,MS2,DG 16:0_18:1,1352148.4375,5.404906244685554
v1,Ref,DAG 36:2,DG,6.2,16,36,MS2,DG 18:1_18:1,894234.125,5.143515664921491
v1,Ref,DAG 36:3,DG,8.4,15,39,MS2,DG 18:2_18:1,1924068.6875,8.193636052096343
v1,Ref,DAG 36:4,DG,2.8,12,38,MS2,DG 36:4,973898.75,52.217994576301564
v1,Ref,TAG 46:2,TG,3.6,8,37,MS2,TG 46:2,2394805.0,6.599053270637493
v1,Ref,TAG 48:0,TG,4.5,10,26,MS2,TG 16:0_16:0_16:0,11863664.0,6.612905715662329
v1,Ref,TAG 48:1,TG,13.0,16,24,MS2,TG 48:1,55034702.0,4.799197140596621
v1,Ref,TAG 48:2,TG,16.0,15,18,MS2,TG 48:2,48171766.0,7.401331120847255
v1,Ref,TAG 48:4,TG,1.3,5,18,,,,
v1,Ref,TAG 49:1,TG,2.0,9,21,MS2,TG 49:1,2662081.625,5.220653097976304
v1,Ref,TAG 49:2,TG,1.8,6,31,MS2,TG 49:2,6145964.75,6.8422610301776725
v1,Ref,TAG 50:0,TG,3.8,11,22,MS2,TG 16:0_16:0_18:0,6870954.0,6.59653079625704
v1,Ref,TAG 50:1,TG,38.0,14,26,MS2,TG 50:1,159664744.0,6.041860196919826
v1,Ref,TAG 50:2,TG,47.0,15,26,MS2,TG 50:2,268199008.0,6.299341976204885
v1,Ref,TAG 50:3,TG,23.0,16,29,MS2,TG 50:3,149789432.0,6.942010696973677
v1,Ref,TAG 50:4,TG,8.7,15,34,MS2,TG 50:4,4166945.75,6.619307163224838
v1,Ref,TAG 50:5,TG,1.6,7,40,,,,
v1,Ref,TAG 51:1,TG,1.8,7,27,MS2,TG 51:1,3722267.125,5.208544418681004
v1,Ref,TAG 51:2,TG,4.8,8,22,MS2,TG 51:2,15048544.5,3.5184121887952067
v1,Ref,TAG 51:3,TG,4.8,5,39,MS2,TG 51:3,8122969.25,5.774625050256897
v1,Ref,TAG 52:1,TG,14.0,11,20,MS2,TG 52:1,51323800.0,48.98116378723787
v1,Ref,TAG 52:2,TG,44.0,16,33,MS2,TG 52:2,1064613952.0,6.259370981830452
v1,Ref,TAG 52:3,TG,100.0,16,28,MS2,TG 52:3,434356000.0,5.489221788519854
v1,Ref,TAG 52:4,TG,48.0,15,35,MS2,TG 52:4,294692400.0,9.82476809120432
v1,Ref,TAG 52:5,TG,15.0,13,39,MS2,TG 52:5,9021322.5,4.276779476514537
v1,Ref,TAG 52:6,TG,4.0,8,35,MS2,TG 52:6,485320.6875,8.17622412674136
v1,Ref,TAG 52:7,TG,0.39,5,33,,,,
v1,Ref,TAG 53:2,TG,1.9,9,21,MS2,TG 53:2,11659829.0,3.678207047798348
v1,Ref,TAG 53:3,TG,3.7,6,29,MS2,TG 53:3,10555010.0,4.534749034013083
v1,Ref,TAG 53:4,TG,2.4,6,32,MS2,TG 17:2_18:1_18:1,6988724.25,15.23569047755116
v1,Ref,TAG 54:1,TG,3.2,10,29,MS2,TG 54:1,2171384.375,4.91933296748877
v1,Ref,TAG 54:2,TG,8.2,13,31,MS2,TG 54:2,88790144.0,8.10938122356711
v1,Ref,TAG 54:3,TG,26.0,15,37,MS2,TG 54:3,405870016.0,4.431492409808243
v1,Ref,TAG 54:4,TG,36.0,15,35,MS2,TG 54:4,100560960.0,4.457574645550937
v1,Ref,TAG 54:5,TG,27.0,15,38,MS2,TG 54:5,80302140.0,6.612561638815221
v1,Ref,TAG 54:6,TG,14.0,16,37,MS2,TG 54:6,5635585.5,3.674378985261791
v1,Ref,TAG 54:7,TG,5.6,7,26,RT model,TG 54:7,228275.6328125,10.723429809148492
v1,Ref,TAG 56:2,TG,0.69,5,33,MS2,TG 56:2,11511580.5,23.080264475874074
v1,Ref,TAG 56:3,TG,1.4,6,10,MS2,TG 56:3,20056306.0,28.531326409201235
v1,Ref,TAG 56:4,TG,2.0,10,28,MS2,TG 56:4,8353040.25,6.513495134756808
v1,Ref,TAG 56:5,TG,4.1,12,33,MS2,TG 56:5,10916696.0,24.679776570212923
v1,Ref,TAG 56:7,TG,13.0,8,20,MS2,TG 56:7,1605697.0,4.94556824810671
v1,Ref,TAG 56:9,TG,0.71,5,38,,,,
v1,Ref,TAG 58:7,TG,2.0,5,32,MS2,TG 58:7,247583.4765625,5.924530866050028
v1,Ref,TAG 58:8,TG,0.68,9,31,MS2,TG 58:8,648468.375,13.40916224043897
v1,Ref,TAG 58:9,TG,1.2,6,22,,,,
v1,Ref,LPC 14:0,LPC,1.0,16,19,MS2,LysoPC 14:0,483118.96875,8.012405458265693
v1,Ref,LPC 15:0,LPC,0.52,9,22,MS2,LysoPC 15:0,6471159.25,3.3002469029676407
v1,Ref,LPC 16:0,LPC,73.0,20,15,MS2,LysoPC 16:0,2089999168.0,3.591472743988671
v1,Ref,LPC O-16:0,LPC,0.55,10,29,,,,
v1,Ref,LPC P-16:0,LPC,0.46,8,27,,,,
v1,Ref,LPC 16:1,LPC,2.4,19,15,MS2,LysoPC 16:1,8773796.0,6.1007561239956045
v1,Ref,LPC 17:0,LPC,1.4,6,18,MS2,LysoPC 17:0,32576368.0,7.564506007507628
v1,Ref,LPC 17:1,LPC,0.25,6,29,MS2,LysoPC 17:1,2609407.5,6.9216361129186925
v1,Ref,LPC 18:0,LPC,27.0,20,12,MS2,LysoPC 18:0,1136157568.0,5.775892995254056
v1,Ref,LPC O-18:0,LPC,0.16,6,36,,,,
v1,Ref,LPC 18:1,LPC,18.0,19,13,MS2,LysoPC 18:1,324619984.0,4.681963907371236
v1,Ref,LPC 18:2,LPC,22.0,19,13,MS2,LysoPC 18:2,220344112.0,6.784477669581928
v1,Ref,LPC 18:3,LPC,0.44,18,30,MS2,LysoPC 18:3,1595673.375,1.450550444971991
v1,Ref,LPC 20:0,LPC,0.1,7,34,MS2,LysoPC 20:0,1643523.625,7.184012295437478
v1,Ref,LPC 20:1,LPC,0.19,13,12,MS2,LysoPC 20:1,8221359.5,4.179255320605936
v1,Ref,LPC 20:2,LPC,0.23,9,19,MS2,LysoPC 20:2,5355235.25,7.835946708106594
v1,Ref,LPC 20:3,LPC,1.8,18,15,MS2,LysoPC 20:3,21701286.0,18.95107144166395
v1,Ref,LPC 20:4,LPC,6.0,20,10,MS2,LysoPC 20:4,79080148.0,5.144420309663538
v1,Ref,LPC 20:5,LPC,0.33,15,28,MS2,LysoPC 20:5,1680631.9375,2.418796923307191
v1,Ref,LPC 22:0,LPC,0.025,5,7,,,,
v1,Ref,LPC 22:1,LPC,0.013,5,36,,,,
v1,Ref,LPC 22:4,LPC,0.12,8,33,MS2,LysoPC 22:4,2845368.125,10.51443179441497
v1,Ref,LPC 22:5,LPC,0.43,12,30,MS2,LysoPC 22:5,3432331.75,8.838728949477856
v1,Ref,LPC 22:6,LPC,0.77,17,18,MS2,LysoPC 22:6,9400942.0,5.25820434229609
v1,Ref,LPC 24:0,LPC,0.046,5,33,MS2,LysoPC 24:0,418726.25,10.204523944040691
v1,Ref,LPE 16:0,LPE,0.91,14,29,MS2,LysoPE 16:0,7083634.5,64.26456981620386
v1,Ref,LPE 18:0,LPE,1.6,15,34,MS2,LysoPE 18:0,13964620.5,4.460678061084216
v1,Ref,LPE 18:1,LPE,1.4,14,35,MS2,LysoPE 18:1,6067678.25,6.228364438140812
v1,Ref,LPE 18:2,LPE,1.9,16,30,MS2,LysoPE 18:2,4428217.0,3.3471603495487154
v1,Ref,LPE 20:4,LPE,1.1,14,37,MS2,LysoPE 20:4,4141251.0,3.631470212545636
v1,Ref,LPE 22:6,LPE,0.52,12,34,MS2,LysoPE 22:6,1433448.4375,9.931800185910584
v1,Ref,PC 30:0,PC,1.6,11,20,MS2,PC 30:0,5968310.5,16.120454807137886
v1,Ref,PC O-30:0/29:0,PC,0.072,7,36,RT model,Plasmanyl-PC O-30:0,446861.234375,7.695269624555319
v1,Ref,PC O-30:1/P-30:0,PC,0.047,7,20,,,,
v1,Ref,PC 32:0,PC,7.2,18,14,MS2,PC 32:0,38401938.0,6.233574798811517
v1,Ref,PC O-32:0/31:0,PC,1.5,11,28,MS2,Plasmanyl-PC O-32:0,3286206.125,7.861575076528507
v1,Ref,PC 32:1,PC,13.0,18,15,MS2,PC 32:1,53759306.0,5.254738211116008
v1,Ref,PC O-32:1/P-32:0/31:1,PC,1.6,11,14,MS2,Plasmanyl-PC O-32:1,4793594.25,8.490839970746112
v1,Ref,PC O-32:2/P-32:1/31:2,PC,0.34,8,28,,,,
v1,Ref,PC 32:3,PC,0.42,8,34,RT model,PC 32:3,167514.78125,8.125369069348402
v1,Ref,PC P-33:1/32:2,PC,2.6,16,14,MS2,PC 32:2,10276827.0,6.684010330302151
v1,Ref,PC 34:0,PC,2.1,12,18,MS2,PC 34:0,9659406.0,17.201518853240984
v1,Ref,PC O-34:0/33:0,PC,0.76,10,22,MS2,Plasmanyl-PC O-34:0,1305542.25,88.88791819573557
v1,Ref,PC 34:1,PC,120.0,19,17,MS2,PC 34:1,1283992000.0,6.6241148276054345
v1,Ref,PC O-34:1/P-34:0/33:1,PC,4.9,17,17,MS2,Plasmanyl-PC O-34:1,17411827.0,7.02918667429561
v1,Ref,PC O-34:2/P-34:1/33:2,PC,5.2,17,25,MS2,Plasmanyl-PC O-34:2,39990900.0,5.582594517335539
v1,Ref,PC O-34:3/P-34:2/33:3,PC,4.7,12,19,MS2,Plasmanyl-PC O-34:3,66495442.0,5.870698200464741
v1,Ref,PC P-35:1/34:2,PC,240.0,18,19,MS2,PC O-35:2,1945265.375,33.48542708378087
v1,Ref,PC P-35:2/34:3,PC,12.0,18,14,MS2,PC 34:3,43374360.0,2.7065676006850024
v1,Ref,PC O-35:4/34:4,PC,1.0,9,24,MS2,PC 34:4,2070136.375,4.872371088893482
v1,Ref,PC 34:5,PC,0.034,5,13,,,,
v1,Ref,PC 36:1,PC,26.0,17,17,MS2,PC 36:1,221339448.0,7.050093575376872
v1,Ref,PC O-36:1/P-36:0/35:1,PC,3.5,16,28,MS2,PC O-36:1,176865.65625,27.86478943163303
v1,Ref,PC 36:2,PC,140.0,18,17,MS2,PC 36:2,1419769984.0,4.539280554713213
v1,Ref,PC O-36:2/P-36:1/35:2,PC,7.4,17,22,MS2,Plasmanyl-PC O-36:2,5778501.0,6.814693418640759
v1,Ref,PC 36:3,PC,100.0,17,14,MS2,PC 36:3,688152576.0,17.14602356767621
v1,Ref,PC O-36:3/P-36:2/35:3,PC,3.7,12,22,MS2,Plasmanyl-PC O-36:3,16668622.5,7.597795908352689
v1,Ref,PC 36:4,PC,150.0,19,19,MS2,PC 36:4,744427872.0,6.6860985035525715
v1,Ref,PC O-36:4/P-36:3/35:4,PC,12.0,17,12,MS2,Plasmanyl-PC O-36:4,57550936.0,3.5007744374065926
v1,Ref,PC 36:5,PC,11.0,16,17,MS2,PC 36:5,15192791.5,7.753273845061938
v1,Ref,PC O-36:5/P-36:4/35:5,PC,6.9,11,23,MS2,Plasmanyl-PC O-36:5,45215122.0,4.907318655757992
v1,Ref,PC P-36:5/35:6,PC,0.3,5,31,MS2,PC 35:6,556523.8125,9.711166389809682
v1,Ref,PC 36:6,PC,0.28,8,32,MS2,PC 36:6,370314.78125,5.916424482071162
v1,Ref,PC 38:2,PC,2.3,15,9,MS2,PC 38:2,14123039.5,3.885568365799874
v1,Ref,PC O-38:2/37:2,PC,0.98,6,32,MS2,PC 37:2,2835895.5,8.42758657353802
v1,Ref,PC 38:3,PC,26.0,14,20,MS2,PC 38:3,178814928.0,5.4400046744263015
v1,Ref,PC O-38:3/P-38:2/37:3,PC,1.5,14,34,MS2,PC O-38:3,5711888.0,8.087035389230836
v1,Ref,PC 38:4,PC,84.0,18,17,MS2,PC 38:4,494211728.0,5.884857175401809
v1,Ref,PC O-38:4/P-38:3/37:4,PC,7.4,12,27,MS2,PC O-38:4,53297924.0,3.6480826941455815
v1,Ref,PC 38:5,PC,42.0,18,19,MS2,PC 38:5,96531740.0,4.6192922059964445
v1,Ref,PC O-38:5/P-38:4/37:5,PC,11.0,16,14,MS2,Plasmanyl-PC O-38:5,8998804.0,3.9647482444820366
v1,Ref,PC 38:6,PC,41.0,18,11,MS2,PC 38:6,84616328.0,5.509010456329878
v1,Ref,PC O-38:6/P-38:5/37:6,PC,3.6,12,29,MS2,Plasmanyl-PC O-38:6,11015870.5,10.098615514251126
v1,Ref,PC P-38:6/36:0,PC,1.2,10,33,MS2,PC 36:0,32427617.0,49.3204057610381
v1,Ref,PC 40:4,PC,2.9,18,13,MS2,PC 40:4,9970470.5,9.15411352367136
v1,Ref,PC O-40:2/P-40:1,PC,0.069,5,30,MS2,PC O-40:2,624366.28125,3.165107730372502
v1,Ref,PC O-40:4/P-40:3/39:4,PC,0.95,8,40,MS2,Plasmanyl-PC O-40:4,1283987.875,7.128874086848393
v1,Ref,PC 40:5,PC,6.7,18,16,MS2,PC 40:5,23070567.0,4.992073960180316
v1,Ref,PC O-40:5/P-40:4/39:5,PC,1.7,12,27,MS2,Plasmanyl-PC O-40:5,2697431.375,7.124698990943753
v1,Ref,PC 40:6,PC,14.0,17,19,MS2,PC 40:6,35905782.0,2.549595209518135
v1,Ref,PC 40:7,PC,3.5,16,21,MS2,PC 40:7,2923850.75,6.517028562601176
v1,Ref,PC O-40:7/P-40:6/39:7,PC,1.1,9,20,,,,
v1,Ref,PC 40:8,PC,0.73,14,28,RT model,PC 40:8,990582.03125,5.609040126574908
v1,Ref,PC O-42:5/P-42:4,PC,0.79,7,15,MS2,Plasmanyl-PC O-42:5,2149403.75,6.496562795292029
v1,Ref,PE 32:1,PE,0.34,6,36,,,,
v1,Ref,PE 34:1,PE,1.2,14,14,MS2,PE 34:1,1477489.390625,106.01468631207996
v1,Ref,PE 34:2,PE,2.2,16,12,MS2,PE 34:2,3685016.75,13.608127966831868
v1,Ref,PE O-34:2/P-34:1,PE,0.78,11,22,MS2,PE O-34:2,4479520.5,9.16260307460671
v1,Ref,PE O-34:3/P-34:2,PE,1.5,11,27,MS2,Plasmenyl-PE P-16:0_18:2,71273.9140625,9.347114115964212
v1,Ref,PE 36:0,PE,0.28,11,36,,,,
v1,Ref,PE 36:1,PE,1.3,14,20,MS2,PE 36:1,1189693.625,8.974429021338256
v1,Ref,PE 36:2,PE,6.7,16,12,MS2,PE 36:2,8877667.0,12.31979908263133
v1,Ref,PE O-36:2/P-36:1/35:2,PE,0.93,12,23,MS2,PE O-36:2,2525137.0,8.20329064841531
v1,Ref,PE 36:3,PE,2.4,16,16,MS2,PE 36:3,3215805.5,6.38042955938562
v1,Ref,PE O-36:3/P-36:2/35:3,PE,3.2,15,24,MS2,PE O-36:3,3714948.75,16.1631075072715
v1,Ref,PE 36:4,PE,3.1,16,13,MS2,PE 36:4,734979.875,85.31510949108579
v1,Ref,PE O-36:4/P-36:3,PE,1.6,14,18,MS2,PE O-36:4,9520192.0,8.025653772195056
v1,Ref,PE O-36:5/P-36:4,PE,4.9,15,38,MS2,PE O-36:5,895666.96875,3.4628023714427454
v1,Ref,PE 38:3,PE,0.95,14,21,RT model,PE 38:3,564726.59375,3.2409897877600526
v1,Ref,PE 38:4,PE,8.1,16,15,MS2,PE 38:4,8917730.5,8.6325943052083
v1,Ref,PE O-38:4/P-38:3/37:4,PE,0.94,9,19,MS2,PE O-38:4,9344413.0,3.042758947291918
v1,Ref,PE 38:5,PE,2.7,12,17,MS2,PE 38:5,1244383.125,50.16318506837527
v1,Ref,PE O-38:5/P-38:4,PE,5.8,17,33,MS2,PE O-38:5,5914847.0,8.180850062328705
v1,Ref,PE 38:6,PE,3.2,15,19,MS2,PE 38:6,1219140.5,4.514461526428326
v1,Ref,PE O-38:6/P-38:5,PE,4.9,16,25,MS2,PE O-38:6,1295538.875,46.49748667253133
v1,Ref,PE O-38:7/P-38:6,PE,3.5,8,28,,,,
v1,Ref,PE 40:4,PE,0.26,10,31,,,,
v1,Ref,PE 40:5,PE,0.73,12,31,,,,
v1,Ref,PE O-40:5/P-40:4/39:5,PE,0.73,12,17,MS2,PE O-40:5,631809.0,39.16909787988305
v1,Ref,PE 40:6,PE,1.8,14,20,,,,
v1,Ref,PE O-40:6/P-40:5/39:6,PE,1.3,14,23,MS2,PE O-40:6,1737008.0,75.77970597135554
v1,Ref,PE 40:7,PE,0.77,11,33,RT model,PE 40:7,140417.65625,15.77572941866058
v1,Ref,PE O-40:7/P-40:6/39:7,PE,2.5,14,29,,,,
v1,Ref,PI 32:1,PI,0.56,10,19,,,,
v1,Ref,PI 34:1,PI,2.4,14,17,MS2,PI 34:1,192263.625,27.05714697666463
v1,Ref,PI 34:2,PI,2.8,14,14,MS2,PI 16:0_18:2,294656.90625,6.817817741753656
v1,Ref,PI 36:1,PI,2.1,13,28,MS2,PI 36:1,630245.8125,16.04241394045013
v1,Ref,PI 36:2,PI,7.7,15,12,MS2,PI 36:2,3000245.875,20.38453032583125
v1,Ref,PI 36:3,PI,2.2,14,14,MS2,PI 18:2_18:1,188443.53125,28.96007579627361
v1,Ref,PI 36:4,PI,3.0,14,16,MS2,PI 36:4,403638.375,10.969226826527747
v1,Ref,PI 38:3,PI,3.4,14,16,,,,
v1,Ref,PI 38:4,PI,19.0,17,11,MS2,PI 38:4,5302500.5,8.685691749574037
v1,Ref,PI 38:5,PI,2.5,15,18,MS2,PI 38:5,828822.25,15.629639863854184
v1,Ref,PI 38:6,PI,0.32,10,10,,,,
v1,Ref,PI 40:4,PI,0.3,7,14,,,,
v1,Ref,PI 40:6,PI,0.84,12,19,,,,
v1,Ref,PG 36:2,PG,0.67,6,36,,,,
v1,Ref,HexCer d34:1,HexCer,0.86,6,25,MS2,HexCer[NS] d34:1,619283.09375,10.514268872747712
v1,Ref,HexCer d36:1,HexCer,0.13,5,34,,,,
v1,Ref,HexCer d40:1,HexCer,2.4,5,28,,,,
v1,Ref,HexCer d42:1,HexCer,2.7,6,27,MS2,GlcCer[NDS] d42:1,63103.470703125,5.059292364035555
v1,Ref,CER d34:1,Cer,0.28,17,16,,,,
v1,Ref,CER d36:1,Cer,0.12,14,17,,,,
v1,Ref,CER d38:1,Cer,0.11,16,20,,,,
v1,Ref,CER d40:1,Cer,0.65,18,18,MS2,Cer[NS] d40:1,385206.265625,4.963356187594091
v1,Ref,CER d40:2,Cer,0.15,6,14,MS2,Cer[NS] d40:2,187654.9296875,17.28193186275923
v1,Ref,CER d41:1,Cer,0.67,7,40,MS2,Cer[NS] d41:1,325504.8125,4.255757456145002
v1,Ref,CER d42:1,Cer,1.9,19,24,MS2,Cer[NS] d42:1,2057666.4375,5.412884383050697
v1,Ref,CER d42:2,Cer,0.82,19,12,MS2,Cer[NS] d42:2,709992.5,5.636496734754046
v1,Ref,SM d31:1,SM,0.19,5,25,MS2,SM d31:1,559278.125,9.35211120778304
v1,Ref,SM d32:1,SM,8.4,14,17,MS2,SM d32:1,20962079.0,6.63590174362063
v1,Ref,SM d32:2,SM,0.66,10,36,MS2,SM d32:2,2041054.0,3.8592828185753194
v1,Ref,SM d33:1,SM,4.7,14,14,MS2,SM d33:1,13538819.0,2.997065587603458
v1,Ref,SM d34:0,SM,5.8,14,22,MS2,SM d34:0,11019669.5,7.786662292484579
v1,Ref,SM d34:1,SM,100.0,21,15,MS2,SM d34:1,325392880.0,6.658949153465596
v1,Ref,SM d34:2,SM,16.0,17,14,MS2,SM d34:2,66787430.0,6.372794789750827
v1,Ref,SM d35:1,SM,2.5,9,23,MS2,SM d35:1,5641020.75,26.96167003369782
v1,Ref,SM d35:2,SM,0.52,6,39,MS2,SM d35:2,1153387.0625,4.198694004231538
v1,Ref,SM d36:0,SM,2.0,11,24,MS2,SM d36:0,1514615.8125,9.59683913558676
v1,Ref,SM d36:1,SM,20.0,22,18,MS2,SM d36:1,58877770.0,11.039002838281526
v1,Ref,SM d36:2,SM,9.6,22,16,MS2,SM d36:2,49206814.0,9.073510752007657
v1,Ref,SM d36:3,SM,1.3,13,31,MS2,SM d36:3,2412722.25,3.117502395508257
v1,Ref,SM d37:1,SM,1.0,11,23,MS2,SM d37:1,105161.1875,11.383407549938282
v1,Ref,SM d38:1,SM,11.0,17,27,MS2,SM d38:1,27836825.0,6.064023281023421
v1,Ref,SM d38:2,SM,5.2,17,25,MS2,SM d38:2,23827773.0,4.855751482488315
v1,Ref,SM d38:3,SM,0.61,8,39,,,,
v1,Ref,SM d39:1,SM,3.6,14,29,MS2,SM d39:1,5774081.75,7.118636182240438
v1,Ref,SM d39:2,SM,0.61,9,26,MS2,SM d39:2,88981.375,13.335562347413395
v1,Ref,SM d40:1,SM,20.0,17,25,MS2,SM d40:1,45798650.0,8.722524587113089
v1,Ref,SM d40:2,SM,12.0,15,24,MS2,SM d40:2,66116828.0,7.164133693185534
v1,Ref,SM d40:3,SM,2.2,8,37,MS2,SM d40:3,7798579.5,6.368949763665029
v1,Ref,SM d41:1,SM,7.7,14,27,MS2,SM d41:1,12089085.0,6.672301849303487
v1,Ref,SM d41:2,SM,5.8,14,24,MS2,SM d41:2,15778730.5,5.130155083830277
v1,Ref,SM d41:3,SM,0.77,7,39,MS2,SM d41:3,2113383.125,5.6358996286899
v1,Ref,SM d42:1,SM,20.0,21,28,MS2,SM d42:1,23697269.0,4.42995295241388
v1,Ref,SM d42:2,SM,44.0,18,25,MS2,SM d42:2,131094436.0,8.214501706380553
v1,Ref,SM d42:3,SM,17.0,12,27,MS2,SM d42:3,127146684.0,6.515426136464053
v1,Ref,SM d43:2,SM,1.0,10,29,MS2,SM d43:2,2639625.25,8.418937830348842
v1,Ref,SM d44:2,SM,0.4,9,32,MS2,SM d44:2,272968.078125,7.982577971906678
v1,Ref,CE 14:0,CE,16.0,7,37,,,,
v1,Ref,CE 15:0,CE,5.3,6,34,,,,
v1,Ref,CE 16:0,CE,210.0,13,28,MS2,CE 16:0,2169924.25,7.114487365635982
v1,Ref,CE 16:1,CE,100.0,11,27,MS2,CE 16:1,3690125.0,6.746533981815225
v1,Ref,CE 16:2,CE,1.9,5,25,,,,
v1,Ref,CE 17:1,CE,8.2,9,13,MS2,CE 17:1,484935.484375,8.374521290186996
v1,Ref,CE 18:0,CE,15.0,7,25,MS2,CE 18:0,597057.90625,12.149375349176372
v1,Ref,CE 18:1,CE,450.0,14,25,MS2,CE 18:1,35390364.0,6.3309022899204
v1,Ref,CE 18:2,CE,1700.0,14,26,MS2,CE 18:2,116102736.0,5.6376235156799135
v1,Ref,CE 18:3,CE,84.0,13,28,MS2,CE 18:3,7460747.25,3.722867175873467
v1,Ref,CE 20:3,CE,35.0,13,35,MS2,CE 20:3,5374659.75,2.549134640187533
v1,Ref,CE 20:4,CE,350.0,14,17,MS2,CE 20:4,35093644.0,5.965904642841586
v1,Ref,CE 20:5,CE,38.0,12,23,MS2,CE 20:5,330481.6875,10.203680181809482
v1,Ref,CE 22:5,CE,4.1,6,39,RT model,CE 22:5,183675.2265625,13.68257159865111
v1,Ref,CE 22:6,CE,37.0,11,26,MS2,CE 22:6,251565.3671875,8.186696954998487
v1,Inf,CE 22:0,CE,0.35,4,10,,,,
v1,Inf,CE 24:0,CE,0.28,3,18,,,,
v1,Inf,CE 24:1,CE,0.15,3,9,,,,
v1,Inf,HexCer 38:1,HexCer,0.2,3,0,,,,
v1,Inf,CER d16:0,Cer,0.052,3,14,,,,
v1,Inf,CER d20:0,Cer,0.028,3,28,,,,
v1,Inf,CER d24:0,Cer,0.09,3,37,,,,
v1,Inf,CER d39:1,Cer,0.093,4,18,,,,
v1,Inf,CerOH d16:0,CerOH,5.3,3,13,,,,
v1,Inf,CerOH d22:0,CerOH,0.26,3,18,,,,
v1,Inf,CerOH d24:0,CerOH,0.4,3,12,,,,
v1,Inf,CerOH d24:1,CerOH,0.97,3,15,,,,
v1,Inf,DAG 40:4,DG,0.91,4,38,,,,
v1,Inf,LPC O-18:1,LPC,0.41,3,31,,,,
v1,Inf,LPC O-20:0,LPC,0.023,4,22,,,,
v1,Inf,LPC 24:1,LPC,0.022,3,33,MS2,LysoPC 24:1,200947.21875,11.352362491736883
v1,Inf,LPC 26:0,LPC,0.015,3,21,,,,
v1,Inf,PC 28:0,PC,0.16,4,15,,,,
v1,Inf,PC O-42:6/P-42:5,PC,0.46,4,29,MS2,Plasmanyl-PC O-42:6,1070820.3125,3.359022579440987
v1,Inf,PC O-42:7,PC,0.067,3,2,,,,
v1,Inf,PC O-44:5/P-44:4,PC,1.3,3,24,,,,
v1,Inf,PE 34:3,PE,0.14,4,14,,,,
v1,Inf,PE 35:1,PE,0.15,4,30,,,,
v1,Inf,PG 34:2,PG,0.55,4,40,,,,
v1,Inf,PG 36:3,PG,0.5,4,22,,,,
v1,Inf,PS 38:1,PS,0.23,3,20,,,,
v1,Inf,PS 38:2,PS,0.24,3,16,,,,
v1,Inf,SM d35:0,SM,0.044,3,16,MS2,SM d35:0,655904.34375,48.09699786823917
v1,Inf,SM d42:5,SM,0.36,3,6,RT model,SM d42:5,1505379.1875,8.613996633840042
v1,Inf,TAG 44:3,TG,0.18,4,5,,,,
v1,Inf,TAG 47:2,TG,0.21,3,13,MS2,TG 47:2,268216.6640625,7.697148061854168
v1,Inf,TAG 49:0,TG,0.31,3,18,,,,
v1,Inf,TAG 54:8,TG,0.92,4,32,,,,
v1,Inf,TAG 55:3,TG,0.43,3,34,RT model,TG 55:3,1514744.0625,3.3134501010606763
v1,Inf,TAG 58:11,TG,0.11,3,16,,,,
v1,Inf,TAG 58:3 ,TG,0.19,3,10,MS2,TG 58:3,395359.671875,10.837090134314396
v1,COD>40,DAG 32:0,DG,2.6,11,44,,,,
v1,COD>40,DAG 32:1,DG,1.2,10,51,MS2,DG 32:1,139269.515625,6.271317509023761
v1,COD>40,DAG 32:2,DG,0.62,11,48,,,,
v1,COD>40,DAG 34:0,DG,6.5,10,56,,,,
v1,COD>40,DAG 34:2,DG,4.4,14,43,MS2,DG 16:0_18:2,1352819.75,9.335060142597325
v1,COD>40,DAG 34:3,DG,0.31,7,63,,,,
v1,COD>40,DAG 36:0,DG,1.6,9,60,,,,
v1,COD>40,DAG 36:1,DG,2.6,12,43,MS2,DG 18:1_18:0,604030.75,29.02442795306912
v1,COD>40,DAG 36:5,DG,0.89,6,61,,,,
v1,COD>40,DAG 38:0,DG,0.24,7,55,,,,
v1,COD>40,DAG 38:1,DG,0.51,5,77,,,,
v1,COD>40,DAG 38:2,DG,1.5,5,81,,,,
v1,COD>40,DAG 38:3,DG,1.3,5,80,,,,
v1,COD>40,DAG 38:4,DG,0.95,11,40,,,,
v1,COD>40,DAG 38:5,DG,1.8,11,47,,,,
v1,COD>40,DAG 38:6,DG,0.77,9,47,,,,
v1,COD>40,DAG 40:5,DG,0.084,5,63,,,,
v1,COD>40,DAG 40:6,DG,0.28,6,60,,,,
v1,COD>40,DAG 40:7,DG,0.89,5,77,,,,
v1,COD>40,TAG 42:0,TG,0.38,5,50,,,,
v1,COD>40,TAG 42:1,TG,0.37,5,45,,,,
v1,COD>40,TAG 42:2,TG,0.16,6,41,,,,
v1,COD>40,TAG 44:0,TG,1.2,5,62,MS2,TG 44:0,465463.84375,9.954147197108776
v1,COD>40,TAG 44:1,TG,1.7,7,50,MS2,TG 44:1,971196.09375,7.489919409110934
v1,COD>40,TAG 44:2,TG,0.9,6,45,,,,
v1,COD>40,TAG 46:0,TG,2.8,6,56,MS2,TG 46:0,4676242.75,8.572964644219889
v1,COD>40,TAG 46:1,TG,5.7,8,46,MS2,TG 46:1,6279908.25,7.00744659148642
v1,COD>40,TAG 46:3,TG,0.76,5,45,,,,
v1,COD>40,TAG 48:3,TG,3.3,11,41,MS2,TG 48:3,3936196.5,7.151084364568598
v1,COD>40,TAG 51:4,TG,1.4,6,43,MS2,TG 51:4,766967.6875,7.844168835275846
v1,COD>40,TAG 52:0,TG,3.4,8,54,,,,
v1,COD>40,TAG 53:5,TG,0.84,6,44,MS2,TG 53:5,652370.75,26.964077491071848
v1,COD>40,TAG 54:0,TG,2.4,9,51,MS2,TG 54:0,1176574.375,29.917899536612
v1,COD>40,TAG 56:6,TG,6.4,15,42,MS2,TG 56:6,3639232.25,37.12932776165188
v1,COD>40,TAG 56:8,TG,3.3,11,40,RT model,TG 56:8,191541.1953125,6.4563911564625505
v1,COD>40,TAG 58:6,TG,1.6,5,42,MS2,TG 58:6,1108686.1875,33.244685354048634
v1,COD>40,LPE 20:3,LPE,0.52,5,72,MS2,LysoPE 20:3,426159.140625,7.020936699301217
v1,COD>40,LPE 22:1,LPE,0.036,5,82,,,,
v1,COD>40,PC 30:1,PC,0.76,5,57,,,,
v1,COD>40,PC O-34:4/P-34:3,PC,0.12,6,66,MS2,Plasmanyl-PC O-34:4,779875.25,9.569666110201364
v1,COD>40,PC O-36:0/35:0,PC,0.72,5,74,MS2,PC O-36:0,520022.8125,68.86373854147685
v1,COD>40,PC 38:0,PC,2.0,6,42,,,,
v1,COD>40,PC 38:1,PC,0.37,6,47,MS2,PC 38:1,2831190.75,2.7238132114323688
v1,COD>40,PC 38:7,PC,0.79,8,44,MS2,PC 38:7,921616.875,13.066121271442462
v1,COD>40,PC 40:2,PC,0.23,8,44,MS2,PC 40:2,238557.4921875,45.2797355722144
v1,COD>40,PC 40:3,PC,0.27,7,51,MS2,PC 40:3,613385.65625,10.589172655246895
v1,COD>40,PC O-40:6/P-40:5/39:6,PC,1.8,11,42,MS2,Plasmanyl-PC O-40:6,4425151.5,4.469237518807017
v1,COD>40,PC 42:6,PC,0.079,5,52,,,,
v1,COD>40,PE 34:0,PE,1.6,5,65,,,,
v1,COD>40,PE O-34:1/P-34:0,PE,0.46,6,48,MS2,PE O-34:1,826078.21875,15.23512203448183
v1,COD>40,PE 36:5,PE,0.26,11,48,MS2,PE 36:5,118928.796875,17.654678592030198
v1,COD>40,PE O-36:6/P-36:5,PE,0.7,7,70,,,,
v1,COD>40,PE 38:1,PE,2.6,7,67,,,,
v1,COD>40,PE 38:2,PE,1.9,7,64,,,,
v1,COD>40,PI 38:2,PI,0.34,8,47,,,,
v1,COD>40,PI 40:5,PI,0.63,8,40,,,,
v1,COD>40,PG 34:1,PG,1.3,5,45,,,,
v1,COD>40,PG 36:1,PG,0.83,5,73,,,,
v1,COD>40,PS 38:4,PS,2.2,6,74,,,,
v1,COD>40,HexCer d42:2,HexCer,1.1,6,51,MS2,HexCer[NS] d42:2,607157.90625,13.941617780350926
v1,COD>40,CER d32:1,Cer,0.051,8,42,,,,
v1,COD>40,CER d34:0,Cer,0.045,5,70,,,,
v1,COD>40,CER d36:2,Cer,0.026,7,56,,,,
v1,COD>40,CER d42:0,Cer,0.28,6,63,MS2,Cer[NS] d42:0,632517.34375,10.125671322213782
v1,COD>40,CER d42:3,Cer,0.23,5,62,MS2,Cer[NS] d42:3,220137.65625,8.984010515488096
v1,COD>40,CER d44:1,Cer,0.063,7,49,,,,
v1,COD>40,CER d44:2,Cer,0.044,7,49,,,,
v1,COD>40,SM d32:0,SM,0.47,9,47,MS2,SM d32:0,2407138.25,7.525075528335422
v1,COD>40,SM d37:2,SM,0.21,5,50,,,,
v1,COD>40,SM d38:0,SM,0.92,8,55,MS2,SM d38:0,4023739.125,2.145595286221056
v1,COD>40,SM d40:0,SM,1.5,10,43,MS2,SM d40:0,7630301.5,2.9149983412790523
v1,COD>40,SM d42:4,SM,4.2,8,42,MS2,SM d42:4,14923329.5,7.516465560224171
v1,COD>40,SM d43:1,SM,0.62,9,45,MS2,SM d43:1,1279709.375,9.827251973890796
v1,COD>40,SM d44:1,SM,0.25,9,49,,,,
v1,COD>40,SM d44:3,SM,0.27,5,71,MS2,SM d44:3,894203.8125,5.38729992411219
v1,COD>40,CE 17:0,CE,6.0,6,42,MS2,CE 17:0,143718.65625,16.978017088070278
v1,COD>40,CE 20:1,CE,1.3,6,51,MS2,CE 20:1,2909154.375,27.640185729271753
v1,COD>40,CE 20:2,CE,5.8,9,53,MS2,CE 20:2,6691047.0,37.8146372087597
v1,COD>40,CE 22:4,CE,1.2,7,59,MS2,CE 22:4,4574172.125,27.792210114122362
v2,Ref,DAG 30:0,DG,0.83,7,20,,,,
v2,Ref,DAG 34:1,DG,6.1,16,40,MS2,DG 16:0_18:1,2129316.0,14.476807902274574
v2,Ref,DAG 36:2,DG,6.2,16,36,MS2,DG 18:1_18:1,1640838.5,12.560187595212788
v2,Ref,DAG 36:3,DG,8.4,15,39,MS2,DG 18:2_18:1,2824098.25,10.947422402575766
v2,Ref,DAG 36:4,DG,2.8,12,38,,,,
v2,Ref,TAG 46:2,TG,3.6,8,37,MS2,TG 46:2,2938120.75,8.104953723168563
v2,Ref,TAG 48:0,TG,4.5,10,26,MS2,TG 16:0_16:0_16:0,19154582.0,8.12660453660075
v2,Ref,TAG 48:1,TG,13.0,16,24,MS2,TG 48:1,89235976.0,10.875832179945078
v2,Ref,TAG 48:2,TG,16.0,15,18,MS2,TG 48:2,73130440.0,12.321569304029321
v2,Ref,TAG 48:4,TG,1.3,5,18,,,,
v2,Ref,TAG 49:1,TG,2.0,9,21,MS2,TG 49:1,6068522.5,8.644209843109852
v2,Ref,TAG 49:2,TG,1.8,6,31,MS2,TG 49:2,7845376.0,6.756026205639293
v2,Ref,TAG 50:0,TG,3.8,11,22,MS2,TG 50:0,11648256.0,12.451048653526032
v2,Ref,TAG 50:1,TG,38.0,14,26,MS2,TG 50:1,296774272.0,10.276738253517387
v2,Ref,TAG 50:2,TG,47.0,15,26,MS2,TG 50:2,310677888.0,13.273440870422645
v2,Ref,TAG 50:3,TG,23.0,16,29,MS2,TG 50:3,165242864.0,13.203786876333348
v2,Ref,TAG 50:4,TG,8.7,15,34,MS2,TG 50:4,5242068.5,11.503053232736386
v2,Ref,TAG 50:5,TG,1.6,7,40,,,,
v2,Ref,TAG 51:1,TG,1.8,7,27,MS2,TG 51:1,8381446.5,9.925187724744744
v2,Ref,TAG 51:2,TG,4.8,8,22,MS2,TG 51:2,23549854.0,9.55039639574786
v2,Ref,TAG 51:3,TG,4.8,5,39,MS2,TG 51:3,8063353.5,12.306603042209128
v2,Ref,TAG 52:1,TG,14.0,11,20,MS2,TG 16:0_18:1_18:0,113553572.0,10.37049722227394
v2,Ref,TAG 52:2,TG,44.0,16,33,MS2,TG 52:2,1308186240.0,9.14453377563545
v2,Ref,TAG 52:3,TG,100.0,16,28,MS2,TG 52:3,457997088.0,10.270686826954702
v2,Ref,TAG 52:4,TG,48.0,15,35,MS2,TG 52:4,345279072.0,11.618031452638354
v2,Ref,TAG 52:5,TG,15.0,13,39,MS2,TG 52:5,10629383.0,6.539432177002277
v2,Ref,TAG 52:6,TG,4.0,8,35,,,,
v2,Ref,TAG 52:7,TG,0.39,5,33,,,,
v2,Ref,TAG 53:2,TG,1.9,9,21,MS2,TG 53:2,17429798.0,8.5767943692327
v2,Ref,TAG 53:3,TG,3.7,6,29,MS2,TG 53:3,15589623.0,8.48096758953831
v2,Ref,TAG 53:4,TG,2.4,6,32,MS2,TG 53:4,4210582.5,7.910401695759092
v2,Ref,TAG 54:1,TG,3.2,10,29,MS2,TG 54:1,4113575.75,11.209845078928451
v2,Ref,TAG 54:2,TG,8.2,13,31,MS2,TG 54:2,142157248.0,7.453366594460138
v2,Ref,TAG 54:3,TG,26.0,15,37,MS2,TG 54:3,420125760.0,7.527863454501123
v2,Ref,TAG 54:4,TG,36.0,15,35,MS2,TG 54:4,135663936.0,3.805021375444315
v2,Ref,TAG 54:5,TG,27.0,15,38,MS2,TG 54:5,83313104.0,14.0172069962119
v2,Ref,TAG 54:6,TG,14.0,16,37,MS2,TG 54:6,6591363.0,6.948084471076286
v2,Ref,TAG 54:7,TG,5.6,7,26,RT model,TG 54:7,275786.875,5.865643366398206
v2,Ref,TAG 56:2,TG,0.69,5,33,MS2,TG 56:2,1919449.25,3.479670387378259
v2,Ref,TAG 56:3,TG,1.4,6,10,MS2,TG 56:3,12085622.0,9.666742301379113
v2,Ref,TAG 56:4,TG,2.0,10,28,MS2,TG 56:4,8903606.0,9.3998798782591
v2,Ref,TAG 56:5,TG,4.1,12,33,MS2,TG 56:5,5076402.0,22.660359241316893
v2,Ref,TAG 56:7,TG,13.0,8,20,MS2,TG 56:7,2138162.5,13.500848385049682
v2,Ref,TAG 56:9,TG,0.71,5,38,,,,
v2,Ref,TAG 58:7,TG,2.0,5,32,MS2,TG 58:7,522590.5625,28.799837340792934
v2,Ref,TAG 58:8,TG,0.68,9,31,MS2,TG 58:8,884927.0,15.707101670461162
v2,Ref,TAG 58:9,TG,1.2,6,22,,,,
v2,Ref,LPC 14:0,LPC,1.0,16,19,MS2,LysoPC 14:0,734100.625,4.138268257473938
v2,Ref,LPC 15:0,LPC,0.52,9,22,MS2,LysoPC 15:0,8968400.0,10.499421565640379
v2,Ref,LPC 16:0,LPC,73.0,20,15,MS2,LysoPC 16:0,2361406464.0,15.616094906703168
v2,Ref,LPC O-16:0,LPC,0.55,10,29,,,,
v2,Ref,LPC P-16:0,LPC,0.46,8,27,,,,
v2,Ref,LPC 16:1,LPC,2.4,19,15,MS2,LysoPC 16:1,12654831.0,7.690074580577037
v2,Ref,LPC 17:0,LPC,1.4,6,18,MS2,LysoPC 17:0,50430052.0,11.316073708223652
v2,Ref,LPC 17:1,LPC,0.25,6,29,MS2,LysoPC 17:1,4055826.75,5.407395878203884
v2,Ref,LPC 18:0,LPC,27.0,20,12,MS2,LysoPC 18:0,1503757952.0,11.827103437139264
v2,Ref,LPC O-18:0,LPC,0.16,6,36,,,,
v2,Ref,LPC 18:1,LPC,18.0,19,13,MS2,LysoPC 18:1,487919648.0,8.815138228569745
v2,Ref,LPC 18:2,LPC,22.0,19,13,MS2,LysoPC 18:2,308921344.0,10.253849701452369
v2,Ref,LPC 18:3,LPC,0.44,18,30,MS2,LysoPC 18:3,2258179.75,7.0093588159938
v2,Ref,LPC 20:0,LPC,0.1,7,34,MS2,LysoPC 20:0,2801737.25,3.2272134112162467
v2,Ref,LPC 20:1,LPC,0.19,13,12,MS2,LysoPC 20:1,10916623.0,11.095157163103584
v2,Ref,LPC 20:2,LPC,0.23,9,19,MS2,LysoPC 20:2,9677319.0,7.401059191541336
v2,Ref,LPC 20:3,LPC,1.8,18,15,MS2,LysoPC 20:3,29740314.0,20.793533860409262
v2,Ref,LPC 20:4,LPC,6.0,20,10,MS2,LysoPC 20:4,112127464.0,7.960770525240431
v2,Ref,LPC 20:5,LPC,0.33,15,28,MS2,LysoPC 20:5,2528486.25,6.536633034096787
v2,Ref,LPC 22:0,LPC,0.025,5,7,,,,
v2,Ref,LPC 22:1,LPC,0.013,5,36,RT model,LysoPC 22:1,319746.59375,9.733257301652722
v2,Ref,LPC 22:4,LPC,0.12,8,33,MS2,LysoPC 22:4,3629172.5,19.04695969357629
v2,Ref,LPC 22:5,LPC,0.43,12,30,MS2,LysoPC 22:5,5272461.0,46.861484345186156
v2,Ref,LPC 22:6,LPC,0.77,17,18,MS2,LysoPC 22:6,14137182.0,4.440537752870696
v2,Ref,LPC 24:0,LPC,0.046,5,33,MS2,LysoPC 24:0,838994.5,5.36781152839179
v2,Ref,LPE 16:0,LPE,0.91,14,29,MS2,LysoPE 16:0,2974054.0,12.458873044720328
v2,Ref,LPE 18:0,LPE,1.6,15,34,MS2,LysoPE 18:0,17269796.0,12.612191214251853
v2,Ref,LPE 18:1,LPE,1.4,14,35,MS2,LysoPE 18:1,7558507.5,6.022218205142381
v2,Ref,LPE 18:2,LPE,1.9,16,30,MS2,LysoPE 18:2,5968310.0,10.501110216457109
v2,Ref,LPE 20:4,LPE,1.1,14,37,MS2,LysoPE 20:4,5551488.0,7.807454024898328
v2,Ref,LPE 22:6,LPE,0.52,12,34,MS2,LysoPE 22:6,1732209.25,8.815564320867676
v2,Ref,PC 30:0,PC,1.6,11,20,MS2,PC 30:0,14555169.0,5.661600390433337
v2,Ref,PC O-30:0/29:0,PC,0.072,7,36,MS2,Plasmanyl-PC O-30:0,929653.5,18.804866745962666
v2,Ref,PC O-30:1/P-30:0,PC,0.047,7,20,,,,
v2,Ref,PC 32:0,PC,7.2,18,14,MS2,PC 32:0,100079952.0,10.66133559371742
v2,Ref,PC O-32:0/31:0,PC,1.5,11,28,MS2,Plasmanyl-PC O-32:0,9078676.0,13.222254393289825
v2,Ref,PC 32:1,PC,13.0,18,15,MS2,PC 32:1,63498240.0,7.427818201294417
v2,Ref,PC O-32:1/P-32:0/31:1,PC,1.6,11,14,MS2,Plasmanyl-PC O-32:1,12974956.0,8.85783023442038
v2,Ref,PC O-32:2/P-32:1/31:2,PC,0.34,8,28,,,,
v2,Ref,PC 32:3,PC,0.42,8,34,,,,
v2,Ref,PC P-33:1/32:2,PC,2.6,16,14,MS2,PC 32:2,14884346.0,4.68353255463662
v2,Ref,PC 34:0,PC,2.1,12,18,MS2,PC 34:0,219679856.0,56.38347464686332
v2,Ref,PC O-34:0/33:0,PC,0.76,10,22,MS2,Plasmanyl-PC O-34:0,1798085.34375,95.15606361595215
v2,Ref,PC 34:1,PC,120.0,19,17,MS2,PC 34:1,1681288064.0,10.576437720253978
v2,Ref,PC O-34:1/P-34:0/33:1,PC,4.9,17,17,MS2,Plasmanyl-PC O-34:1,26576404.0,14.212822751383039
v2,Ref,PC O-34:2/P-34:1/33:2,PC,5.2,17,25,MS2,Plasmanyl-PC O-34:2,56742568.0,2.414909553784446
v2,Ref,PC O-34:3/P-34:2/33:3,PC,4.7,12,19,MS2,Plasmanyl-PC O-34:3,71629592.0,9.804451747421243
v2,Ref,PC P-35:1/34:2,PC,240.0,18,19,MS2,PC 34:2,2271017728.0,11.541775706039584
v2,Ref,PC P-35:2/34:3,PC,12.0,18,14,MS2,PC 34:3,59138088.0,8.185085560004026
v2,Ref,PC O-35:4/34:4,PC,1.0,9,24,MS2,PC 34:4,2645838.25,8.065575240753823
v2,Ref,PC 34:5,PC,0.034,5,13,,,,
v2,Ref,PC 36:1,PC,26.0,17,17,MS2,PC 36:1,395986400.0,8.324530233967623
v2,Ref,PC O-36:1/P-36:0/35:1,PC,3.5,16,28,MS2,Plasmanyl-PC O-36:1,1639153.75,38.35696785272293
v2,Ref,PC 36:2,PC,140.0,18,17,MS2,PC 36:2,1671666944.0,11.574112959439974
v2,Ref,PC O-36:2/P-36:1/35:2,PC,7.4,17,22,MS2,Plasmanyl-PC O-36:2,9843037.0,5.245828242234387
v2,Ref,PC 36:3,PC,100.0,17,14,MS2,PC 36:3,678140736.0,10.27076528078426
v2,Ref,PC O-36:3/P-36:2/35:3,PC,3.7,12,22,MS2,Plasmanyl-PC O-36:3,24116790.0,8.041641089852918
v2,Ref,PC 36:4,PC,150.0,19,19,MS2,PC 36:4,919552000.0,7.88203603462226
v2,Ref,PC O-36:4/P-36:3/35:4,PC,12.0,17,12,MS2,Plasmanyl-PC O-36:4,64351384.0,14.47276492534931
v2,Ref,PC 36:5,PC,11.0,16,17,MS2,PC 36:5,21329728.0,7.371965317487031
v2,Ref,PC O-36:5/P-36:4/35:5,PC,6.9,11,23,MS2,Plasmanyl-PC O-36:5,48685064.0,9.075194237723275
v2,Ref,PC P-36:5/35:6,PC,0.3,5,31,MS2,Plasmenyl-PC P-16:0_20:5,92158.46875,45.175588403129545
v2,Ref,PC 36:6,PC,0.28,8,32,MS2,PC 36:6,501228.40625,26.4948872673725
v2,Ref,PC 38:2,PC,2.3,15,9,MS2,PC 38:2,24263302.0,11.38022696880146
v2,Ref,PC O-38:2/37:2,PC,0.98,6,32,MS2,Plasmanyl-PC O-38:2,727339.8125,12.175404577841494
v2,Ref,PC 38:3,PC,26.0,14,20,MS2,PC 38:3,251908976.0,6.690480948808145
v2,Ref,PC O-38:3/P-38:2/37:3,PC,1.5,14,34,MS2,PC O-38:3,6637566.75,22.89093597170269
v2,Ref,PC 38:4,PC,84.0,18,17,MS2,PC 38:4,643859584.0,7.293104388212189
v2,Ref,PC O-38:4/P-38:3/37:4,PC,7.4,12,27,MS2,PC O-38:4,55784072.0,10.20065211303107
v2,Ref,PC 38:5,PC,42.0,18,19,MS2,PC 38:5,109455336.0,11.63664227418933
v2,Ref,PC O-38:5/P-38:4/37:5,PC,11.0,16,14,MS2,Plasmanyl-PC O-38:5,13267265.0,5.6222082165508755
v2,Ref,PC 38:6,PC,41.0,18,11,MS2,PC 38:6,117424168.0,12.788020126862317
v2,Ref,PC O-38:6/P-38:5/37:6,PC,3.6,12,29,MS2,Plasmanyl-PC O-38:6,12460296.0,6.91930866520039
v2,Ref,PC P-38:6/36:0,PC,1.2,10,33,MS2,PC 36:0,226384.765625,218.89908607454922
v2,Ref,PC 40:4,PC,2.9,18,13,MS2,PC 40:4,12930148.0,4.799169748510117
v2,Ref,PC O-40:2/P-40:1,PC,0.069,5,30,,,,
v2,Ref,PC O-40:4/P-40:3/39:4,PC,0.95,8,40,MS2,Plasmanyl-PC O-40:4,2931744.0,5.246343119654376
v2,Ref,PC 40:5,PC,6.7,18,16,MS2,PC 40:5,31163647.0,5.202913483552925
v2,Ref,PC O-40:5/P-40:4/39:5,PC,1.7,12,27,MS2,Plasmanyl-PC O-40:5,3414931.5,3.195801916486154
v2,Ref,PC 40:6,PC,14.0,17,19,MS2,PC 40:6,45660388.0,9.2267633309602
v2,Ref,PC 40:7,PC,3.5,16,21,MS2,PC 40:7,4154018.75,10.642270478126774
v2,Ref,PC O-40:7/P-40:6/39:7,PC,1.1,9,20,,,,
v2,Ref,PC 40:8,PC,0.73,14,28,RT model,PC 40:8,1364779.5,10.136768559848598
v2,Ref,PC O-42:5/P-42:4,PC,0.79,7,15,MS2,Plasmanyl-PC O-42:5,3140591.5,7.223348100275377
v2,Ref,PE 32:1,PE,0.34,6,36,,,,
v2,Ref,PE 34:1,PE,1.2,14,14,MS2,PE 34:1,4395501.5,15.857921512842529
v2,Ref,PE 34:2,PE,2.2,16,12,MS2,PE 34:2,4254790.125,21.172947158093088
v2,Ref,PE O-34:2/P-34:1,PE,0.78,11,22,MS2,PE O-34:2,5786447.5,9.411301231566851
v2,Ref,PE O-34:3/P-34:2,PE,1.5,11,27,MS2,Plasmenyl-PE P-16:0_18:2,132518.2109375,20.71456096787088
v2,Ref,PE 36:0,PE,0.28,11,36,,,,
v2,Ref,PE 36:1,PE,1.3,14,20,MS2,PE 36:1,1956996.125,5.619824581015593
v2,Ref,PE 36:2,PE,6.7,16,12,MS2,PE 36:2,11769125.0,16.91886850232809
v2,Ref,PE O-36:2/P-36:1/35:2,PE,0.93,12,23,MS2,PE O-36:2,3841268.5,5.180429589847935
v2,Ref,PE 36:3,PE,2.4,16,16,MS2,PE 36:3,3458901.5,28.37997862140697
v2,Ref,PE O-36:3/P-36:2/35:3,PE,3.2,15,24,MS2,PE O-36:3,4890991.5,10.323759956078952
v2,Ref,PE 36:4,PE,3.1,16,13,MS2,PE 36:4,2961293.25,29.163485108672344
v2,Ref,PE O-36:4/P-36:3,PE,1.6,14,18,MS2,PE O-36:4,10303741.0,5.983207880456465
v2,Ref,PE O-36:5/P-36:4,PE,4.9,15,38,MS2,PE O-36:5,1093445.875,3.5677348135130904
v2,Ref,PE 38:3,PE,0.95,14,21,MS2,PE 18:0_20:3,105445.7734375,16.305931770057327
v2,Ref,PE 38:4,PE,8.1,16,15,MS2,PE 38:4,10395496.0,15.547910402518728
v2,Ref,PE O-38:4/P-38:3/37:4,PE,0.94,9,19,MS2,PE O-38:4,11493719.0,5.94159305483877
v2,Ref,PE 38:5,PE,2.7,12,17,MS2,PE 18:1_20:4,161894.484375,59.812219235254084
v2,Ref,PE O-38:5/P-38:4,PE,5.8,17,33,MS2,PE O-38:5,7002401.5,28.570607354356138
v2,Ref,PE 38:6,PE,3.2,15,19,MS2,PE 38:6,1419534.625,9.939596097194421
v2,Ref,PE O-38:6/P-38:5,PE,4.9,16,25,MS2,PE O-38:6,1763151.375,29.181495108365596
v2,Ref,PE O-38:7/P-38:6,PE,3.5,8,28,,,,
v2,Ref,PE 40:4,PE,0.26,10,31,,,,
v2,Ref,PE 40:5,PE,0.73,12,31,,,,
v2,Ref,PE O-40:5/P-40:4/39:5,PE,0.73,12,17,MS2,Plasmenyl-PE P-20:0_20:4,46593.78125,10.371672907532774
v2,Ref,PE 40:6,PE,1.8,14,20,,,,
v2,Ref,PE O-40:6/P-40:5/39:6,PE,1.3,14,23,MS2,PE O-40:6,4872711.5,23.002815921237545
v2,Ref,PE 40:7,PE,0.77,11,33,,,,
v2,Ref,PE O-40:7/P-40:6/39:7,PE,2.5,14,29,MS2,Plasmenyl-PE P-18:0_22:6,92501.6640625,10.168264681810824
v2,Ref,PI 32:1,PI,0.56,10,19,MS2,PI 32:1,209121.09375,17.25797403884218
v2,Ref,PI 34:1,PI,2.4,14,17,MS2,PI 34:1,2076296.875,54.514375191747355
v2,Ref,PI 34:2,PI,2.8,14,14,MS2,PI 16:0_18:2,1419804.0,14.274562932509907
v2,Ref,PI 36:1,PI,2.1,13,28,MS2,PI 36:1,3211482.5,19.116925903096163
v2,Ref,PI 36:2,PI,7.7,15,12,MS2,PI 36:2,5870332.0,13.062589410292178
v2,Ref,PI 36:3,PI,2.2,14,14,MS2,PI 36:3,1082679.5,9.410481236021601
v2,Ref,PI 36:4,PI,3.0,14,16,MS2,PI 36:4,1204328.625,8.629649095108933
v2,Ref,PI 38:3,PI,3.4,14,16,MS2,PI 38:3,1667382.875,16.749136790448965
v2,Ref,PI 38:4,PI,19.0,17,11,MS2,PI 38:4,14413357.0,9.136943623345296
v2,Ref,PI 38:5,PI,2.5,15,18,MS2,PI 38:5,2990167.5,25.496861232711552
v2,Ref,PI 38:6,PI,0.32,10,10,,,,
v2,Ref,PI 40:4,PI,0.3,7,14,,,,
v2,Ref,PI 40:6,PI,0.84,12,19,,,,
v2,Ref,PG 36:2,PG,0.67,6,36,,,,
v2,Ref,HexCer d34:1,HexCer,0.86,6,25,MS2,HexCer[NS] d34:1,1054873.125,14.324769674089783
v2,Ref,HexCer d36:1,HexCer,0.13,5,34,,,,
v2,Ref,HexCer d40:1,HexCer,2.4,5,28,MS2,GlcCer[NDS] d40:1,188054.671875,9.667631207091807
v2,Ref,HexCer d42:1,HexCer,2.7,6,27,MS2,GlcCer[NDS] d18:1_24:0,334033.4375,11.871867856377984
v2,Ref,CER d34:1,Cer,0.28,17,16,MS2,Cer[NDS] d34:1,93302.2734375,7.002530484691112
v2,Ref,CER d36:1,Cer,0.12,14,17,,,,
v2,Ref,CER d38:1,Cer,0.11,16,20,RT model,Cer[NS] d38:1,237816.328125,17.016629304021798
v2,Ref,CER d40:1,Cer,0.65,18,18,MS2,Cer[NS] d40:1,860942.3125,6.034026016540224
v2,Ref,CER d40:2,Cer,0.15,6,14,MS2,Cer[NS] d40:2,234972.59375,7.631830104016453
v2,Ref,CER d41:1,Cer,0.67,7,40,MS2,Cer[NS] d41:1,972298.625,13.444018868354418
v2,Ref,CER d42:1,Cer,1.9,19,24,MS2,Cer[NS] d42:1,5687876.5,10.415262219608854
v2,Ref,CER d42:2,Cer,0.82,19,12,MS2,Cer[NS] d42:2,1262446.375,7.814825975997246
v2,Ref,SM d31:1,SM,0.19,5,25,MS2,SM d31:1,967026.5625,8.931174224845652
v2,Ref,SM d32:1,SM,8.4,14,17,MS2,SM d32:1,35619504.0,8.124760953259974
v2,Ref,SM d32:2,SM,0.66,10,36,MS2,SM d32:2,3015876.25,6.498479865188264
v2,Ref,SM d33:1,SM,4.7,14,14,MS2,SM d33:1,26018886.0,8.516217308842851
v2,Ref,SM d34:0,SM,5.8,14,22,MS2,SM d34:0,23845190.0,10.424187728831225
v2,Ref,SM d34:1,SM,100.0,21,15,MS2,SM d34:1,644362368.0,10.285696697439354
v2,Ref,SM d34:2,SM,16.0,17,14,MS2,SM d34:2,84715960.0,11.797432528496664
v2,Ref,SM d35:1,SM,2.5,9,23,MS2,SM d35:1,17435538.0,19.838483627251406
v2,Ref,SM d35:2,SM,0.52,6,39,MS2,SM d35:2,1631986.25,12.41568851608217
v2,Ref,SM d36:0,SM,2.0,11,24,MS2,SM d36:0,3792361.25,11.984403300589621
v2,Ref,SM d36:1,SM,20.0,22,18,MS2,SM d36:1,131427384.0,9.045182289480843
v2,Ref,SM d36:2,SM,9.6,22,16,MS2,SM d36:2,64544168.0,11.529879471918916
v2,Ref,SM d36:3,SM,1.3,13,31,MS2,SM d36:3,3579733.5,7.541665028554781
v2,Ref,SM d37:1,SM,1.0,11,23,MS2,SM d37:1,5362164.0,13.148450438260815
v2,Ref,SM d38:1,SM,11.0,17,27,MS2,SM d38:1,81001200.0,9.961168341347971
v2,Ref,SM d38:2,SM,5.2,17,25,MS2,SM d38:2,39652960.0,10.271399696636903
v2,Ref,SM d38:3,SM,0.61,8,39,MS2,SM d38:3,2296552.0,20.05640325431097
v2,Ref,SM d39:1,SM,3.6,14,29,MS2,SM d39:1,18967528.0,12.053501501441648
v2,Ref,SM d39:2,SM,0.61,9,26,MS2,SM d39:2,257071.171875,14.937184295142405
v2,Ref,SM d40:1,SM,20.0,17,25,MS2,SM d40:1,156316832.0,6.945097761282377
v2,Ref,SM d40:2,SM,12.0,15,24,MS2,SM d40:2,108852488.0,7.354344546160729
v2,Ref,SM d40:3,SM,2.2,8,37,MS2,SM d40:3,477200.9375,9.559397324856608
v2,Ref,SM d41:1,SM,7.7,14,27,MS2,SM d41:1,50962120.0,7.918517941862989
v2,Ref,SM d41:2,SM,5.8,14,24,MS2,SM d41:2,30777830.0,9.459015961377364
v2,Ref,SM d41:3,SM,0.77,7,39,RT model,SM d41:3,231879.296875,15.665531313564998
v2,Ref,SM d42:1,SM,20.0,21,28,MS2,SM d42:1,104064400.0,7.843005438041938
v2,Ref,SM d42:2,SM,44.0,18,25,MS2,SM d42:2,306430272.0,4.977917129261284
v2,Ref,SM d42:3,SM,17.0,12,27,MS2,SM d42:3,198356912.0,4.426171701577107
v2,Ref,SM d43:2,SM,1.0,10,29,MS2,SM d43:2,4097686.5,7.486981299588521
v2,Ref,SM d44:2,SM,0.4,9,32,MS2,SM d44:2,1039622.5,8.653048566150428
v2,Ref,CE 14:0,CE,16.0,7,37,,,,
v2,Ref,CE 15:0,CE,5.3,6,34,,,,
v2,Ref,CE 16:0,CE,210.0,13,28,MS2,CE 16:0,2518701.75,5.260374014787579
v2,Ref,CE 16:1,CE,100.0,11,27,MS2,CE 16:1,4222223.0,6.2762863074249
v2,Ref,CE 16:2,CE,1.9,5,25,,,,
v2,Ref,CE 17:1,CE,8.2,9,13,MS2,CE 17:1,604138.0625,9.31761334291904
v2,Ref,CE 18:0,CE,15.0,7,25,MS2,CE 18:0,603684.0625,14.614297060040746
v2,Ref,CE 18:1,CE,450.0,14,25,MS2,CE 18:1,39097952.0,5.136802485750967
v2,Ref,CE 18:2,CE,1700.0,14,26,MS2,CE 18:2,129139656.0,7.687973852109329
v2,Ref,CE 18:3,CE,84.0,13,28,MS2,CE 18:3,8562877.0,7.125823763579657
v2,Ref,CE 20:3,CE,35.0,13,35,MS2,CE 20:3,6634933.0,4.984232591807292
v2,Ref,CE 20:4,CE,350.0,14,17,MS2,CE 20:4,36040776.0,14.30103121237889
v2,Ref,CE 20:5,CE,38.0,12,23,MS2,CE 20:5,481730.8125,9.35205688110208
v2,Ref,CE 22:5,CE,4.1,6,39,,,,
v2,Ref,CE 22:6,CE,37.0,11,26,MS2,CE 22:6,348884.84375,8.483483805982937
v2,Inf,CE 22:0,CE,0.35,4,10,,,,
v2,Inf,CE 24:0,CE,0.28,3,18,,,,
v2,Inf,CE 24:1,CE,0.15,3,9,,,,
v2,Inf,HexCer 38:1,HexCer,0.2,3,0,,,,
v2,Inf,CER d16:0,Cer,0.052,3,14,,,,
v2,Inf,CER d20:0,Cer,0.028,3,28,,,,
v2,Inf,CER d24:0,Cer,0.09,3,37,,,,
v2,Inf,CER d39:1,Cer,0.093,4,18,,,,
v2,Inf,CerOH d16:0,CerOH,5.3,3,13,,,,
v2,Inf,CerOH d22:0,CerOH,0.26,3,18,,,,
v2,Inf,CerOH d24:0,CerOH,0.4,3,12,,,,
v2,Inf,CerOH d24:1,CerOH,0.97,3,15,,,,
v2,Inf,DAG 40:4,DG,0.91,4,38,,,,
v2,Inf,LPC O-18:1,LPC,0.41,3,31,,,,
v2,Inf,LPC O-20:0,LPC,0.023,4,22,,,,
v2,Inf,LPC 24:1,LPC,0.022,3,33,,,,
v2,Inf,LPC 26:0,LPC,0.015,3,21,,,,
v2,Inf,PC 28:0,PC,0.16,4,15,,,,
v2,Inf,PC O-42:6/P-42:5,PC,0.46,4,29,MS2,Plasmanyl-PC O-42:6,1490724.25,7.992673657200197
v2,Inf,PC O-42:7,PC,0.067,3,2,,,,
v2,Inf,PC O-44:5/P-44:4,PC,1.3,3,24,,,,
v2,Inf,PE 34:3,PE,0.14,4,14,,,,
v2,Inf,PE 35:1,PE,0.15,4,30,,,,
v2,Inf,PG 34:2,PG,0.55,4,40,,,,
v2,Inf,PG 36:3,PG,0.5,4,22,,,,
v2,Inf,PS 38:1,PS,0.23,3,20,,,,
v2,Inf,PS 38:2,PS,0.24,3,16,,,,
v2,Inf,SM d35:0,SM,0.044,3,16,,,,
v2,Inf,SM d42:5,SM,0.36,3,6,RT model,SM d42:5,1779642.625,8.237029352322054
v2,Inf,TAG 44:3,TG,0.18,4,5,,,,
v2,Inf,TAG 47:2,TG,0.21,3,13,MS2,TG 47:2,449389.03125,8.6621615831822
v2,Inf,TAG 49:0,TG,0.31,3,18,MS2,TG 49:0,1189183.625,5.602404405108059
v2,Inf,TAG 54:8,TG,0.92,4,32,,,,
v2,Inf,TAG 55:3,TG,0.43,3,34,RT model,TG 55:3,4447961.5,24.935538801116373
v2,Inf,TAG 58:11,TG,0.11,3,16,,,,
v2,Inf,TAG 58:3 ,TG,0.19,3,10,MS2,TG 58:3,602682.75,3.5925315466373524
v2,COD>40,DAG 32:0,DG,2.6,11,44,,,,
v2,COD>40,DAG 32:1,DG,1.2,10,51,,,,
v2,COD>40,DAG 32:2,DG,0.62,11,48,,,,
v2,COD>40,DAG 34:0,DG,6.5,10,56,,,,
v2,COD>40,DAG 34:2,DG,4.4,14,43,MS2,DG 34:2,1535382.75,7.111566151136718
v2,COD>40,DAG 34:3,DG,0.31,7,63,,,,
v2,COD>40,DAG 36:0,DG,1.6,9,60,,,,
v2,COD>40,DAG 36:1,DG,2.6,12,43,MS2,DG 18:1_18:0,202555.5625,11.531199104989405
v2,COD>40,DAG 36:5,DG,0.89,6,61,,,,
v2,COD>40,DAG 38:0,DG,0.24,7,55,,,,
v2,COD>40,DAG 38:1,DG,0.51,5,77,,,,
v2,COD>40,DAG 38:2,DG,1.5,5,81,,,,
v2,COD>40,DAG 38:3,DG,1.3,5,80,,,,
v2,COD>40,DAG 38:4,DG,0.95,11,40,,,,
v2,COD>40,DAG 38:5,DG,1.8,11,47,,,,
v2,COD>40,DAG 38:6,DG,0.77,9,47,,,,
v2,COD>40,DAG 40:5,DG,0.084,5,63,,,,
v2,COD>40,DAG 40:6,DG,0.28,6,60,,,,
v2,COD>40,DAG 40:7,DG,0.89,5,77,,,,
v2,COD>40,TAG 42:0,TG,0.38,5,50,MS2,TG 42:0,242302.609375,7.970463674953836
v2,COD>40,TAG 42:1,TG,0.37,5,45,,,,
v2,COD>40,TAG 42:2,TG,0.16,6,41,,,,
v2,COD>40,TAG 44:0,TG,1.2,5,62,MS2,TG 44:0,1100544.75,10.474060089554914
v2,COD>40,TAG 44:1,TG,1.7,7,50,MS2,TG 44:1,1318549.25,8.860643458888344
v2,COD>40,TAG 44:2,TG,0.9,6,45,,,,
v2,COD>40,TAG 46:0,TG,2.8,6,56,MS2,TG 14:0_16:0_16:0,8134942.5,9.273625489545296
v2,COD>40,TAG 46:1,TG,5.7,8,46,MS2,TG 46:1,11773452.0,11.064783679007501
v2,COD>40,TAG 46:3,TG,0.76,5,45,,,,
v2,COD>40,TAG 48:3,TG,3.3,11,41,MS2,TG 48:3,4661185.0,7.391753479019175
v2,COD>40,TAG 51:4,TG,1.4,6,43,MS2,TG 51:4,1087328.375,11.119725398497113
v2,COD>40,TAG 52:0,TG,3.4,8,54,MS2,TG 52:0,1245645.0,7.612564110870719
v2,COD>40,TAG 53:5,TG,0.84,6,44,MS2,TG 53:5,568355.25,6.322216786941974
v2,COD>40,TAG 54:0,TG,2.4,9,51,MS2,TG 18:0_18:0_18:0,1138967.125,12.40614689078653
v2,COD>40,TAG 56:6,TG,6.4,15,42,MS2,TG 56:6,4655362.5,3.4306009225414247
v2,COD>40,TAG 56:8,TG,3.3,11,40,RT model,TG 56:8,261754.765625,8.921229277388496
v2,COD>40,TAG 58:6,TG,1.6,5,42,MS2,TG 58:6,727874.875,6.7167329354263146
v2,COD>40,LPE 20:3,LPE,0.52,5,72,,,,
v2,COD>40,LPE 22:1,LPE,0.036,5,82,,,,
v2,COD>40,PC 30:1,PC,0.76,5,57,RT model,PC 30:1,1013730.5625,6.8835487401114825
v2,COD>40,PC O-34:4/P-34:3,PC,0.12,6,66,MS2,Plasmanyl-PC O-34:4,787670.6875,40.66494436296672
v2,COD>40,PC O-36:0/35:0,PC,0.72,5,74,MS2,Plasmanyl-PC O-36:0,349151.125,18.72690162968754
v2,COD>40,PC 38:0,PC,2.0,6,42,,,,
v2,COD>40,PC 38:1,PC,0.37,6,47,MS2,PC 38:1,5570339.0,6.309455862277553
v2,COD>40,PC 38:7,PC,0.79,8,44,MS2,PC 38:7,1298497.75,9.604142116846408
v2,COD>40,PC 40:2,PC,0.23,8,44,MS2,PC 40:2,777689.3125,38.06794219687117
v2,COD>40,PC 40:3,PC,0.27,7,51,MS2,PC 40:3,2511280.5,70.9810507685183
v2,COD>40,PC O-40:6/P-40:5/39:6,PC,1.8,11,42,MS2,Plasmanyl-PC O-40:6,4863419.0,8.300244475662401
v2,COD>40,PC 42:6,PC,0.079,5,52,,,,
v2,COD>40,PE 34:0,PE,1.6,5,65,,,,
v2,COD>40,PE O-34:1/P-34:0,PE,0.46,6,48,MS2,PE O-34:1,1122144.25,6.692457312167466
v2,COD>40,PE 36:5,PE,0.26,11,48,MS2,PE 36:5,149983.1875,32.41245074690827
v2,COD>40,PE O-36:6/P-36:5,PE,0.7,7,70,,,,
v2,COD>40,PE 38:1,PE,2.6,7,67,,,,
v2,COD>40,PE 38:2,PE,1.9,7,64,,,,
v2,COD>40,PI 38:2,PI,0.34,8,47,,,,
v2,COD>40,PI 40:5,PI,0.63,8,40,,,,
v2,COD>40,PG 34:1,PG,1.3,5,45,,,,
v2,COD>40,PG 36:1,PG,0.83,5,73,,,,
v2,COD>40,PS 38:4,PS,2.2,6,74,,,,
v2,COD>40,HexCer d42:2,HexCer,1.1,6,51,MS2,HexCer[NS] d42:2,1287119.5,14.706623483549466
v2,COD>40,CER d32:1,Cer,0.051,8,42,,,,
v2,COD>40,CER d34:0,Cer,0.045,5,70,,,,
v2,COD>40,CER d36:2,Cer,0.026,7,56,,,,
v2,COD>40,CER d42:0,Cer,0.28,6,63,MS2,Cer[NS] d42:0,796813.625,47.47045987551043
v2,COD>40,CER d42:3,Cer,0.23,5,62,MS2,Cer[NS] d42:3,305139.40625,10.250500681425978
v2,COD>40,CER d44:1,Cer,0.063,7,49,,,,
v2,COD>40,CER d44:2,Cer,0.044,7,49,,,,
v2,COD>40,SM d32:0,SM,0.47,9,47,MS2,SM d32:0,1674510.625,6.4199045690079615
v2,COD>40,SM d37:2,SM,0.21,5,50,,,,
v2,COD>40,SM d38:0,SM,0.92,8,55,MS2,SM d38:0,11737006.5,5.8448949177405884
v2,COD>40,SM d40:0,SM,1.5,10,43,MS2,SM d40:0,26935322.0,5.391764150360438
v2,COD>40,SM d42:4,SM,4.2,8,42,MS2,SM d42:4,792391.5625,13.491035516884034
v2,COD>40,SM d43:1,SM,0.62,9,45,MS2,SM d43:1,3438012.75,8.432344982812285
v2,COD>40,SM d44:1,SM,0.25,9,49,,,,
v2,COD>40,SM d44:3,SM,0.27,5,71,MS2,SM d44:3,1832307.25,10.936163378316392
v2,COD>40,CE 17:0,CE,6.0,6,42,MS2,CE 17:0,186903.265625,37.044269819782386
v2,COD>40,CE 20:1,CE,1.3,6,51,MS2,CE 20:1,1113744.625,8.568258808569192
v2,COD>40,CE 20:2,CE,5.8,9,53,RT model,CE 20:2,872670.3125,5.27073713733777
v2,COD>40,CE 22:4,CE,1.2,7,59,,,,
v3,Ref,DAG 30:0,DG,0.83,7,20,,,,
v3,Ref,DAG 34:1,DG,6.1,16,40,MS2,DG 16:0_18:1,2093385.0625,9.647938669648735
v3,Ref,DAG 36:2,DG,6.2,16,36,MS2,DG 18:1_18:1,1423230.8125,4.9177396385684276
v3,Ref,DAG 36:3,DG,8.4,15,39,MS2,DG 18:2_18:1,2536788.875,5.955138959846514
v3,Ref,DAG 36:4,DG,2.8,12,38,MS2,DG 36:4,818087.6875,38.469731677263056
v3,Ref,TAG 46:2,TG,3.6,8,37,MS2,TG 46:2,3106126.125,8.465559727223816
v3,Ref,TAG 48:0,TG,4.5,10,26,MS2,TG 48:0,19099288.0,75.95775405200237
v3,Ref,TAG 48:1,TG,13.0,16,24,MS2,TG 48:1,91906144.0,7.9264072666674945
v3,Ref,TAG 48:2,TG,16.0,15,18,MS2,TG 48:2,66230850.0,4.570179071213736
v3,Ref,TAG 48:4,TG,1.3,5,18,MS2,TG 48:4,500244.546875,6.020763694825504
v3,Ref,TAG 49:1,TG,2.0,9,21,MS2,TG 49:1,5950976.25,5.066171909052091
v3,Ref,TAG 49:2,TG,1.8,6,31,MS2,TG 49:2,8983263.5,2.425017371355042
v3,Ref,TAG 50:0,TG,3.8,11,22,MS2,TG 50:0,13343884.0,8.813660470218421
v3,Ref,TAG 50:1,TG,38.0,14,26,MS2,TG 50:1,269017480.0,5.957112438245187
v3,Ref,TAG 50:2,TG,47.0,15,26,MS2,TG 50:2,354272608.0,6.622824704338025
v3,Ref,TAG 50:3,TG,23.0,16,29,MS2,TG 50:3,166437560.0,5.156441919369051
v3,Ref,TAG 50:4,TG,8.7,15,34,MS2,TG 50:4,5378667.0,8.17056408302089
v3,Ref,TAG 50:5,TG,1.6,7,40,MS2,TG 50:5,570898.9375,35.43847376900602
v3,Ref,TAG 51:1,TG,1.8,7,27,MS2,TG 51:1,8521005.0,9.135791504392959
v3,Ref,TAG 51:2,TG,4.8,8,22,MS2,TG 51:2,25788583.0,2.2191296373252656
v3,Ref,TAG 51:3,TG,4.8,5,39,MS2,TG 51:3,9922423.0,4.08210171870984
v3,Ref,TAG 52:1,TG,14.0,11,20,MS2,TG 16:0_18:1_18:0,331506000.0,48.91439130628237
v3,Ref,TAG 52:2,TG,44.0,16,33,MS2,TG 52:2,1307687104.0,5.613711858564541
v3,Ref,TAG 52:3,TG,100.0,16,28,MS2,TG 52:3,531915216.0,8.294516959754207
v3,Ref,TAG 52:4,TG,48.0,15,35,MS2,TG 52:4,332831008.0,3.980223472277959
v3,Ref,TAG 52:5,TG,15.0,13,39,MS2,TG 52:5,11077621.0,15.54367851438965
v3,Ref,TAG 52:6,TG,4.0,8,35,MS2,TG 52:6,658794.78125,7.192806745147337
v3,Ref,TAG 52:7,TG,0.39,5,33,,,,
v3,Ref,TAG 53:2,TG,1.9,9,21,MS2,TG 53:2,19613840.0,6.44998265890979
v3,Ref,TAG 53:3,TG,3.7,6,29,MS2,TG 53:3,17421152.0,1.4086624621349106
v3,Ref,TAG 53:4,TG,2.4,6,32,MS2,TG 53:4,4295473.25,3.7469340643022013
v3,Ref,TAG 54:1,TG,3.2,10,29,MS2,TG 54:1,3667832.625,9.330885002883434
v3,Ref,TAG 54:2,TG,8.2,13,31,MS2,TG 54:2,155013688.0,5.16566975548368
v3,Ref,TAG 54:3,TG,26.0,15,37,MS2,TG 54:3,428554160.0,2.823422888455617
v3,Ref,TAG 54:4,TG,36.0,15,35,MS2,TG 54:4,140011728.0,3.43632015872915
v3,Ref,TAG 54:5,TG,27.0,15,38,MS2,TG 54:5,78298004.0,6.050597348814164
v3,Ref,TAG 54:6,TG,14.0,16,37,MS2,TG 54:6,6827940.0,3.768843586029866
v3,Ref,TAG 54:7,TG,5.6,7,26,MS2,TG 54:7,293613.296875,10.702040414449755
v3,Ref,TAG 56:2,TG,0.69,5,33,MS2,TG 56:2,14742148.0,87.48282156697987
v3,Ref,TAG 56:3,TG,1.4,6,10,MS2,TG 56:3,16100796.5,101.29854023253763
v3,Ref,TAG 56:4,TG,2.0,10,28,MS2,TG 56:4,8536554.0,6.358661430696563
v3,Ref,TAG 56:5,TG,4.1,12,33,MS2,TG 56:5,9170902.5,88.69400733522998
v3,Ref,TAG 56:7,TG,13.0,8,20,MS2,TG 56:7,1806524.4375,5.0157101433111615
v3,Ref,TAG 56:9,TG,0.71,5,38,,,,
v3,Ref,TAG 58:7,TG,2.0,5,32,MS2,TG 58:7,575788.84375,4.696306375359636
v3,Ref,TAG 58:8,TG,0.68,9,31,MS2,TG 58:8,824499.34375,6.27679167765236
v3,Ref,TAG 58:9,TG,1.2,6,22,,,,
v3,Ref,LPC 14:0,LPC,1.0,16,19,MS2,LysoPC 14:0,684033.34375,8.835989831573098
v3,Ref,LPC 15:0,LPC,0.52,9,22,MS2,LysoPC 15:0,7596978.0,9.491126453335703
v3,Ref,LPC 16:0,LPC,73.0,20,15,MS2,LysoPC 16:0,2413609344.0,5.446107611209704
v3,Ref,LPC O-16:0,LPC,0.55,10,29,,,,
v3,Ref,LPC P-16:0,LPC,0.46,8,27,,,,
v3,Ref,LPC 16:1,LPC,2.4,19,15,MS2,LysoPC 16:1,12655208.0,10.805774037290735
v3,Ref,LPC 17:0,LPC,1.4,6,18,MS2,LysoPC 17:0,44727762.0,7.77404044068295
v3,Ref,LPC 17:1,LPC,0.25,6,29,MS2,LysoPC 17:1,3691580.0,10.60724718827717
v3,Ref,LPC 18:0,LPC,27.0,20,12,MS2,LysoPC 18:0,1462967872.0,7.043404941144315
v3,Ref,LPC O-18:0,LPC,0.16,6,36,,,,
v3,Ref,LPC 18:1,LPC,18.0,19,13,MS2,LysoPC 18:1,391307072.0,7.25455347975387
v3,Ref,LPC 18:2,LPC,22.0,19,13,MS2,LysoPC 18:2,258100392.0,9.242177322140972
v3,Ref,LPC 18:3,LPC,0.44,18,30,MS2,LysoPC 18:3,2064565.125,12.692727757702723
v3,Ref,LPC 20:0,LPC,0.1,7,34,MS2,LysoPC 20:0,2856396.875,8.778987985696231
v3,Ref,LPC 20:1,LPC,0.19,13,12,MS2,LysoPC 20:1,11278116.0,9.172023141392954
v3,Ref,LPC 20:2,LPC,0.23,9,19,MS2,LysoPC 20:2,7527158.75,7.974343368814651
v3,Ref,LPC 20:3,LPC,1.8,18,15,MS2,LysoPC 20:3,26411831.0,6.1408597189443475
v3,Ref,LPC 20:4,LPC,6.0,20,10,MS2,LysoPC 20:4,89915480.0,11.292152678983342
v3,Ref,LPC 20:5,LPC,0.33,15,28,MS2,LysoPC 20:5,2253659.375,9.174528427428132
v3,Ref,LPC 22:0,LPC,0.025,5,7,,,,
v3,Ref,LPC 22:1,LPC,0.013,5,36,,,,
v3,Ref,LPC 22:4,LPC,0.12,8,33,MS2,LysoPC 22:4,3523435.0,11.303562577479848
v3,Ref,LPC 22:5,LPC,0.43,12,30,MS2,LysoPC 22:5,4140142.875,5.421436745634512
v3,Ref,LPC 22:6,LPC,0.77,17,18,MS2,LysoPC 22:6,14232815.0,10.605896362483469
v3,Ref,LPC 24:0,LPC,0.046,5,33,MS2,LysoPC 24:0,715949.5625,3.8139603962268476
v3,Ref,LPE 16:0,LPE,0.91,14,29,MS2,LysoPE 16:0,9684314.0,7.219248901768485
v3,Ref,LPE 18:0,LPE,1.6,15,34,MS2,LysoPE 18:0,17246855.0,11.321681790110153
v3,Ref,LPE 18:1,LPE,1.4,14,35,MS2,LysoPE 18:1,6336336.75,7.474940117813807
v3,Ref,LPE 18:2,LPE,1.9,16,30,MS2,LysoPE 18:2,5139608.5,7.060807317408129
v3,Ref,LPE 20:4,LPE,1.1,14,37,MS2,LysoPE 20:4,5049216.5,9.36356124875877
v3,Ref,LPE 22:6,LPE,0.52,12,34,MS2,LysoPE 22:6,1738434.5625,10.369036772432274
v3,Ref,PC 30:0,PC,1.6,11,20,MS2,PC 30:0,12504189.5,5.1859450957193065
v3,Ref,PC O-30:0/29:0,PC,0.072,7,36,MS2,Plasmanyl-PC O-30:0,924168.0625,8.882801675030496
v3,Ref,PC O-30:1/P-30:0,PC,0.047,7,20,MS2,Plasmanyl-PC O-30:1,738364.1875,8.86471092477614
v3,Ref,PC 32:0,PC,7.2,18,14,MS2,PC 32:0,70974024.0,2.997948927047587
v3,Ref,PC O-32:0/31:0,PC,1.5,11,28,MS2,Plasmanyl-PC O-32:0,8318605.25,6.608293270900951
v3,Ref,PC 32:1,PC,13.0,18,15,MS2,PC 32:1,56050508.0,2.8617583649211813
v3,Ref,PC O-32:1/P-32:0/31:1,PC,1.6,11,14,MS2,Plasmanyl-PC O-32:1,9502867.5,7.743571297509881
v3,Ref,PC O-32:2/P-32:1/31:2,PC,0.34,8,28,MS2,Plasmenyl-PC P-16:0_16:1,76310.34765625,8.470078807414545
v3,Ref,PC 32:3,PC,0.42,8,34,MS2,PC 32:3,278253.0078125,16.696923662333855
v3,Ref,PC P-33:1/32:2,PC,2.6,16,14,MS2,PC 32:2,16809348.0,7.48469525845932
v3,Ref,PC 34:0,PC,2.1,12,18,MS2,PC 34:0,230177272.0,1.6848595801148476
v3,Ref,PC O-34:0/33:0,PC,0.76,10,22,MS2,Plasmanyl-PC O-34:0,3245000.375,42.50428733537983
v3,Ref,PC 34:1,PC,120.0,19,17,MS2,PC 34:1,1424320960.0,4.985883509587079
v3,Ref,PC O-34:1/P-34:0/33:1,PC,4.9,17,17,MS2,Plasmanyl-PC O-34:1,26077187.0,6.048863109702379
v3,Ref,PC O-34:2/P-34:1/33:2,PC,5.2,17,25,MS2,Plasmanyl-PC O-34:2,59172832.0,3.743142060522265
v3,Ref,PC O-34:3/P-34:2/33:3,PC,4.7,12,19,MS2,Plasmanyl-PC O-34:3,86462220.0,6.324095005618312
v3,Ref,PC P-35:1/34:2,PC,240.0,18,19,MS2,PC 34:2,2259574144.0,4.080367205656618
v3,Ref,PC P-35:2/34:3,PC,12.0,18,14,MS2,PC 34:3,55483942.0,2.9775794132227187
v3,Ref,PC O-35:4/34:4,PC,1.0,9,24,MS2,PC 34:4,2686428.625,4.9127397947635965
v3,Ref,PC 34:5,PC,0.034,5,13,,,,
v3,Ref,PC 36:1,PC,26.0,17,17,MS2,PC 36:1,329221392.0,8.9527548422476
v3,Ref,PC O-36:1/P-36:0/35:1,PC,3.5,16,28,MS2,Plasmanyl-PC O-36:1,1137855.4375,42.650580914493645
v3,Ref,PC 36:2,PC,140.0,18,17,MS2,PC 36:2,1652649984.0,2.3825369899662037
v3,Ref,PC O-36:2/P-36:1/35:2,PC,7.4,17,22,MS2,Plasmanyl-PC O-36:2,12480360.0,23.278757679813932
v3,Ref,PC 36:3,PC,100.0,17,14,MS2,PC 36:3,1025405120.0,25.87001307587366
v3,Ref,PC O-36:3/P-36:2/35:3,PC,3.7,12,22,MS2,PC O-36:3,77939780.0,7.137373314621861
v3,Ref,PC 36:4,PC,150.0,19,19,MS2,PC 36:4,802446208.0,4.874768487365485
v3,Ref,PC O-36:4/P-36:3/35:4,PC,12.0,17,12,MS2,Plasmenyl-PC P-36:3,1925451.6875,5.143746034459934
v3,Ref,PC 36:5,PC,11.0,16,17,MS2,PC 36:5,20710580.0,3.4294310440392266
v3,Ref,PC O-36:5/P-36:4/35:5,PC,6.9,11,23,MS2,Plasmanyl-PC O-36:5,52647816.0,4.902646925650126
v3,Ref,PC P-36:5/35:6,PC,0.3,5,31,MS2,PC 35:6,764259.5,5.587705570422506
v3,Ref,PC 36:6,PC,0.28,8,32,MS2,PC 36:6,463452.3125,3.59605206263839
v3,Ref,PC 38:2,PC,2.3,15,9,MS2,PC 38:2,21136001.0,12.672745856847472
v3,Ref,PC O-38:2/37:2,PC,0.98,6,32,MS2,PC 37:2,4691834.0,18.44673690410104
v3,Ref,PC 38:3,PC,26.0,14,20,MS2,PC 38:3,241158288.0,8.608021312547338
v3,Ref,PC O-38:3/P-38:2/37:3,PC,1.5,14,34,MS2,Plasmanyl-PC O-38:3,3139061.5,9.457667216386941
v3,Ref,PC 38:4,PC,84.0,18,17,MS2,PC 38:4,581021792.0,5.919994663104321
v3,Ref,PC O-38:4/P-38:3/37:4,PC,7.4,12,27,MS2,Plasmanyl-PC O-38:4,19496054.0,40.74394576008444
v3,Ref,PC 38:5,PC,42.0,18,19,MS2,PC 38:5,111087704.0,4.046878126351807
v3,Ref,PC O-38:5/P-38:4/37:5,PC,11.0,16,14,MS2,Plasmanyl-PC O-38:5,59411956.0,6.203086354528672
v3,Ref,PC 38:6,PC,41.0,18,11,MS2,PC 38:6,109254644.0,6.518383248146831
v3,Ref,PC O-38:6/P-38:5/37:6,PC,3.6,12,29,MS2,Plasmanyl-PC O-38:6,11796966.0,7.491129909837337
v3,Ref,PC P-38:6/36:0,PC,1.2,10,33,MS2,PC 36:0,52401750.0,8.932440590750966
v3,Ref,PC 40:4,PC,2.9,18,13,MS2,PC 40:4,12472006.0,7.865758293946555
v3,Ref,PC O-40:2/P-40:1,PC,0.069,5,30,MS2,Plasmanyl-PC O-40:2,250419.0703125,8.182851931493259
v3,Ref,PC O-40:4/P-40:3/39:4,PC,0.95,8,40,MS2,Plasmanyl-PC O-40:4,1823858.1875,5.618706775170419
v3,Ref,PC 40:5,PC,6.7,18,16,MS2,PC 40:5,30448517.0,4.9903506712476435
v3,Ref,PC O-40:5/P-40:4/39:5,PC,1.7,12,27,MS2,PC O-40:5,5265899.5,4.057964526132851
v3,Ref,PC 40:6,PC,14.0,17,19,MS2,PC 40:6,45158328.0,3.061337986136055
v3,Ref,PC 40:7,PC,3.5,16,21,MS2,PC 40:7,17675032.0,10.05231735721458
v3,Ref,PC O-40:7/P-40:6/39:7,PC,1.1,9,20,MS2,PC 39:7,433335.0,19.627496028793928
v3,Ref,PC 40:8,PC,0.73,14,28,RT model,PC 40:8,1303226.8125,3.7920186104651887
v3,Ref,PC O-42:5/P-42:4,PC,0.79,7,15,MS2,Plasmanyl-PC O-42:5,2859441.625,9.71617657872362
v3,Ref,PE 32:1,PE,0.34,6,36,,,,
v3,Ref,PE 34:1,PE,1.2,14,14,MS2,PE 34:1,2532319.375,11.94181521426049
v3,Ref,PE 34:2,PE,2.2,16,12,MS2,PE 34:2,4414517.0,12.760121996912336
v3,Ref,PE O-34:2/P-34:1,PE,0.78,11,22,MS2,PE O-34:2,6625611.25,13.275082075109838
v3,Ref,PE O-34:3/P-34:2,PE,1.5,11,27,MS2,Plasmenyl-PE P-34:2,170448.828125,14.885169212219317
v3,Ref,PE 36:0,PE,0.28,11,36,,,,
v3,Ref,PE 36:1,PE,1.3,14,20,MS2,PE 36:1,1820995.375,7.1047059480689425
v3,Ref,PE 36:2,PE,6.7,16,12,MS2,PE 36:2,10258381.0,25.121389887731883
v3,Ref,PE O-36:2/P-36:1/35:2,PE,0.93,12,23,MS2,PE O-36:2,4065463.75,3.638288829993129
v3,Ref,PE 36:3,PE,2.4,16,16,MS2,PE 36:3,3641641.25,4.758526259790488
v3,Ref,PE O-36:3/P-36:2/35:3,PE,3.2,15,24,MS2,PE O-36:3,6556759.5,2.1803474523872963
v3,Ref,PE 36:4,PE,3.1,16,13,MS2,PE 36:4,2551056.875,45.46228065665761
v3,Ref,PE O-36:4/P-36:3,PE,1.6,14,18,MS2,PE O-36:4,9216719.5,6.419871634370307
v3,Ref,PE O-36:5/P-36:4,PE,4.9,15,38,MS2,PE O-36:5,1163907.25,1.6879894068159114
v3,Ref,PE 38:3,PE,0.95,14,21,MS2,PE 38:3,716024.09375,4.478976182332015
v3,Ref,PE 38:4,PE,8.1,16,15,MS2,PE 38:4,9833795.5,3.504548566811404
v3,Ref,PE O-38:4/P-38:3/37:4,PE,0.94,9,19,MS2,PE O-38:4,10757412.5,4.368660630847219
v3,Ref,PE 38:5,PE,2.7,12,17,MS2,PE 38:5,1095077.75,23.4728294875523
v3,Ref,PE O-38:5/P-38:4,PE,5.8,17,33,MS2,PE O-38:5,6972659.75,4.679260479837553
v3,Ref,PE 38:6,PE,3.2,15,19,MS2,PE 38:6,1515250.0,4.892621610610411
v3,Ref,PE O-38:6/P-38:5,PE,4.9,16,25,MS2,PE O-38:6,1621619.5625,10.028451920038743
v3,Ref,PE O-38:7/P-38:6,PE,3.5,8,28,,,,
v3,Ref,PE 40:4,PE,0.26,10,31,,,,
v3,Ref,PE 40:5,PE,0.73,12,31,,,,
v3,Ref,PE O-40:5/P-40:4/39:5,PE,0.73,12,17,MS2,PE O-40:5,629032.90625,36.82233706974095
v3,Ref,PE 40:6,PE,1.8,14,20,,,,
v3,Ref,PE O-40:6/P-40:5/39:6,PE,1.3,14,23,MS2,PE O-40:6,2243849.375,30.859858625253512
v3,Ref,PE 40:7,PE,0.77,11,33,,,,
v3,Ref,PE O-40:7/P-40:6/39:7,PE,2.5,14,29,MS2,Plasmenyl-PE P-18:0_22:6,110279.9140625,9.455569847783885
v3,Ref,PI 32:1,PI,0.56,10,19,MS2,PI 32:1,185295.03125,10.534339953243176
v3,Ref,PI 34:1,PI,2.4,14,17,MS2,PI 16:0_18:1,664616.0,7.480276310769004
v3,Ref,PI 34:2,PI,2.8,14,14,MS2,PI 34:2,1300176.625,7.6665861977958745
v3,Ref,PI 36:1,PI,2.1,13,28,MS2,PI 36:1,1981526.5625,12.044294808401377
v3,Ref,PI 36:2,PI,7.7,15,12,MS2,PI 36:2,3752594.0,21.325716705944128
v3,Ref,PI 36:3,PI,2.2,14,14,MS2,PI 36:3,941080.15625,3.008366923919937
v3,Ref,PI 36:4,PI,3.0,14,16,MS2,PI 36:4,919035.8125,4.896440983539765
v3,Ref,PI 38:3,PI,3.4,14,16,MS2,PI 38:3,1334091.875,10.836246870044791
v3,Ref,PI 38:4,PI,19.0,17,11,MS2,PI 38:4,10093457.0,15.316653170849865
v3,Ref,PI 38:5,PI,2.5,15,18,MS2,PI 38:5,2611590.875,19.49797482183457
v3,Ref,PI 38:6,PI,0.32,10,10,MS2,PI 38:6,381165.03125,52.18162889304369
v3,Ref,PI 40:4,PI,0.3,7,14,,,,
v3,Ref,PI 40:6,PI,0.84,12,19,MS2,PI 40:6,63641.806640625,21.543347636178222
v3,Ref,PG 36:2,PG,0.67,6,36,,,,
v3,Ref,HexCer d34:1,HexCer,0.86,6,25,MS2,HexCer[NS] d34:1,970149.78125,6.142565816366383
v3,Ref,HexCer d36:1,HexCer,0.13,5,34,,,,
v3,Ref,HexCer d40:1,HexCer,2.4,5,28,MS2,GlcCer[NDS] d40:1,185139.8515625,6.635239365111882
v3,Ref,HexCer d42:1,HexCer,2.7,6,27,MS2,GlcCer[NDS] d42:1,302894.625,5.335925944880183
v3,Ref,CER d34:1,Cer,0.28,17,16,MS2,Cer[NS] d34:1,767631.75,17.04832754698383
v3,Ref,CER d36:1,Cer,0.12,14,17,MS2,Cer[NS] d36:1,180712.34375,14.964637539670731
v3,Ref,CER d38:1,Cer,0.11,16,20,MS2,Cer[NS] d38:1,231393.3671875,6.0431499713523085
v3,Ref,CER d40:1,Cer,0.65,18,18,MS2,Cer[NS] d40:1,805770.25,3.286219168791475
v3,Ref,CER d40:2,Cer,0.15,6,14,MS2,Cer[NS] d40:2,221206.5078125,9.067797477012672
v3,Ref,CER d41:1,Cer,0.67,7,40,MS2,Cer[NS] d41:1,827912.84375,5.320116413614773
v3,Ref,CER d42:1,Cer,1.9,19,24,MS2,Cer[NS] d42:1,4206086.5,7.184547815467577
v3,Ref,CER d42:2,Cer,0.82,19,12,MS2,Cer[NS] d42:2,1230161.1875,5.4661522037083765
v3,Ref,SM d31:1,SM,0.19,5,25,MS2,SM d31:1,926387.09375,8.729525370564618
v3,Ref,SM d32:1,SM,8.4,14,17,MS2,SM d32:1,33952890.0,5.89094070202041
v3,Ref,SM d32:2,SM,0.66,10,36,MS2,SM d32:2,2918285.0,4.37172583202579
v3,Ref,SM d33:1,SM,4.7,14,14,MS2,SM d33:1,22168141.0,8.578829577671346
v3,Ref,SM d34:0,SM,5.8,14,22,MS2,SM d34:0,21458884.0,3.8252682481451137
v3,Ref,SM d34:1,SM,100.0,21,15,MS2,SM d34:1,538375392.0,4.642512071900899
v3,Ref,SM d34:2,SM,16.0,17,14,MS2,SM d34:2,85465456.0,3.7486927646725587
v3,Ref,SM d35:1,SM,2.5,9,23,MS2,SM d35:1,15919539.0,60.494675759392806
v3,Ref,SM d35:2,SM,0.52,6,39,MS2,SM d35:2,1720015.0625,4.056966317379525
v3,Ref,SM d36:0,SM,2.0,11,24,MS2,SM d36:0,3815041.625,5.730839936003548
v3,Ref,SM d36:1,SM,20.0,22,18,MS2,SM d36:1,113294064.0,5.722025353669166
v3,Ref,SM d36:2,SM,9.6,22,16,MS2,SM d36:2,58175648.0,3.482076958789021
v3,Ref,SM d36:3,SM,1.3,13,31,MS2,SM d36:3,3528101.125,4.208109883009232
v3,Ref,SM d37:1,SM,1.0,11,23,MS2,SM d37:1,4183231.125,40.31842868632308
v3,Ref,SM d38:1,SM,11.0,17,27,MS2,SM d38:1,63781508.0,10.097745731116465
v3,Ref,SM d38:2,SM,5.2,17,25,MS2,SM d38:2,36593504.0,7.908643774884244
v3,Ref,SM d38:3,SM,0.61,8,39,MS2,SM d38:3,2605773.0,5.181483977181762
v3,Ref,SM d39:1,SM,3.6,14,29,MS2,SM d39:1,14290401.5,6.954570565453498
v3,Ref,SM d39:2,SM,0.61,9,26,MS2,SM d39:2,275143.6875,4.012135520353736
v3,Ref,SM d40:1,SM,20.0,17,25,MS2,SM d40:1,115233216.0,4.839649925513467
v3,Ref,SM d40:2,SM,12.0,15,24,MS2,SM d40:2,102203612.0,8.142478533366845
v3,Ref,SM d40:3,SM,2.2,8,37,MS2,SM d40:3,10715194.0,4.6325325123375665
v3,Ref,SM d41:1,SM,7.7,14,27,MS2,SM d41:1,34880916.0,5.451765352849073
v3,Ref,SM d41:2,SM,5.8,14,24,MS2,SM d41:2,28036692.0,3.520597344689395
v3,Ref,SM d41:3,SM,0.77,7,39,MS2,SM d41:3,3455728.25,8.776007529201236
v3,Ref,SM d42:1,SM,20.0,21,28,MS2,SM d42:1,77020576.0,4.6830097414295135
v3,Ref,SM d42:2,SM,44.0,18,25,MS2,SM d42:2,249213592.0,6.709725134616905
v3,Ref,SM d42:3,SM,17.0,12,27,MS2,SM d42:3,174255792.0,5.457126294376293
v3,Ref,SM d43:2,SM,1.0,10,29,MS2,SM d43:2,4390150.0,5.192274498381836
v3,Ref,SM d44:2,SM,0.4,9,32,MS2,SM d44:2,802114.15625,8.507527986402003
v3,Ref,CE 14:0,CE,16.0,7,37,,,,
v3,Ref,CE 15:0,CE,5.3,6,34,,,,
v3,Ref,CE 16:0,CE,210.0,13,28,MS2,CE 16:0,2593149.375,6.984872796049271
v3,Ref,CE 16:1,CE,100.0,11,27,MS2,CE 16:1,4879650.5,9.4172740249252
v3,Ref,CE 16:2,CE,1.9,5,25,,,,
v3,Ref,CE 17:1,CE,8.2,9,13,MS2,CE 17:1,755691.0,5.122981745061486
v3,Ref,CE 18:0,CE,15.0,7,25,MS2,CE 18:0,727724.46875,5.73053878501837
v3,Ref,CE 18:1,CE,450.0,14,25,MS2,CE 18:1,38822380.0,3.2264060783522646
v3,Ref,CE 18:2,CE,1700.0,14,26,MS2,CE 18:2,137494152.0,6.478477303460588
v3,Ref,CE 18:3,CE,84.0,13,28,MS2,CE 18:3,8946444.5,3.442354855423314
v3,Ref,CE 20:3,CE,35.0,13,35,MS2,CE 20:3,7092039.0,3.0799358447746563
v3,Ref,CE 20:4,CE,350.0,14,17,MS2,CE 20:4,41415066.0,6.49986897050627
v3,Ref,CE 20:5,CE,38.0,12,23,MS2,CE 20:5,482707.703125,5.030105438064293
v3,Ref,CE 22:5,CE,4.1,6,39,RT model,CE 22:5,327926.984375,104.88394409282795
v3,Ref,CE 22:6,CE,37.0,11,26,MS2,CE 22:6,403806.28125,3.441105342523073
v3,Inf,CE 22:0,CE,0.35,4,10,,,,
v3,Inf,CE 24:0,CE,0.28,3,18,,,,
v3,Inf,CE 24:1,CE,0.15,3,9,,,,
v3,Inf,HexCer 38:1,HexCer,0.2,3,0,,,,
v3,Inf,CER d16:0,Cer,0.052,3,14,,,,
v3,Inf,CER d20:0,Cer,0.028,3,28,,,,
v3,Inf,CER d24:0,Cer,0.09,3,37,,,,
v3,Inf,CER d39:1,Cer,0.093,4,18,,,,
v3,Inf,CerOH d16:0,CerOH,5.3,3,13,,,,
v3,Inf,CerOH d22:0,CerOH,0.26,3,18,,,,
v3,Inf,CerOH d24:0,CerOH,0.4,3,12,,,,
v3,Inf,CerOH d24:1,CerOH,0.97,3,15,,,,
v3,Inf,DAG 40:4,DG,0.91,4,38,,,,
v3,Inf,LPC O-18:1,LPC,0.41,3,31,,,,
v3,Inf,LPC O-20:0,LPC,0.023,4,22,,,,
v3,Inf,LPC 24:1,LPC,0.022,3,33,MS2,LysoPC 24:1,279100.25,6.905076655607228
v3,Inf,LPC 26:0,LPC,0.015,3,21,,,,
v3,Inf,PC 28:0,PC,0.16,4,15,,,,
v3,Inf,PC O-42:6/P-42:5,PC,0.46,4,29,MS2,Plasmanyl-PC O-42:6,1105924.59375,13.80670768375903
v3,Inf,PC O-42:7,PC,0.067,3,2,,,,
v3,Inf,PC O-44:5/P-44:4,PC,1.3,3,24,,,,
v3,Inf,PE 34:3,PE,0.14,4,14,MS2,PE 34:3,206985.671875,10.377302631092936
v3,Inf,PE 35:1,PE,0.15,4,30,,,,
v3,Inf,PG 34:2,PG,0.55,4,40,,,,
v3,Inf,PG 36:3,PG,0.5,4,22,,,,
v3,Inf,PS 38:1,PS,0.23,3,20,,,,
v3,Inf,PS 38:2,PS,0.24,3,16,,,,
v3,Inf,SM d35:0,SM,0.044,3,16,,,,
v3,Inf,SM d42:5,SM,0.36,3,6,RT model,SM d42:5,1946918.625,6.618078438315542
v3,Inf,TAG 44:3,TG,0.18,4,5,,,,
v3,Inf,TAG 47:2,TG,0.21,3,13,MS2,TG 47:2,446282.265625,6.642582928426041
v3,Inf,TAG 49:0,TG,0.31,3,18,MS2,TG 49:0,1109544.75,17.060243393962203
v3,Inf,TAG 54:8,TG,0.92,4,32,,,,
v3,Inf,TAG 55:3,TG,0.43,3,34,RT model,TG 55:3,4155563.375,23.980613810486478
v3,Inf,TAG 58:11,TG,0.11,3,16,,,,
v3,Inf,TAG 58:3 ,TG,0.19,3,10,MS2,TG 58:3,1226777.0,86.81385218408981
v3,COD>40,DAG 32:0,DG,2.6,11,44,MS2,DG 16:0_16:0,107735.01953125,65.04820508558684
v3,COD>40,DAG 32:1,DG,1.2,10,51,,,,
v3,COD>40,DAG 32:2,DG,0.62,11,48,MS2,DG 32:2,655565.625,20.564264128136333
v3,COD>40,DAG 34:0,DG,6.5,10,56,,,,
v3,COD>40,DAG 34:2,DG,4.4,14,43,MS2,DG 34:2,1362604.5625,10.377691735372535
v3,COD>40,DAG 34:3,DG,0.31,7,63,,,,
v3,COD>40,DAG 36:0,DG,1.6,9,60,,,,
v3,COD>40,DAG 36:1,DG,2.6,12,43,MS2,DG 16:1_20:0,906011.59375,30.17702720559351
v3,COD>40,DAG 36:5,DG,0.89,6,61,,,,
v3,COD>40,DAG 38:0,DG,0.24,7,55,,,,
v3,COD>40,DAG 38:1,DG,0.51,5,77,,,,
v3,COD>40,DAG 38:2,DG,1.5,5,81,,,,
v3,COD>40,DAG 38:3,DG,1.3,5,80,,,,
v3,COD>40,DAG 38:4,DG,0.95,11,40,,,,
v3,COD>40,DAG 38:5,DG,1.8,11,47,MS2,DG 18:1_20:4,203049.21875,11.67118241074101
v3,COD>40,DAG 38:6,DG,0.77,9,47,MS2,DG 18:2_20:4,400136.0,17.48128337311711
v3,COD>40,DAG 40:5,DG,0.084,5,63,,,,
v3,COD>40,DAG 40:6,DG,0.28,6,60,,,,
v3,COD>40,DAG 40:7,DG,0.89,5,77,,,,
v3,COD>40,TAG 42:0,TG,0.38,5,50,MS2,TG 42:0,212421.828125,8.967576277754143
v3,COD>40,TAG 42:1,TG,0.37,5,45,MS2,TG 42:1,436964.359375,13.890869359376115
v3,COD>40,TAG 42:2,TG,0.16,6,41,,,,
v3,COD>40,TAG 44:0,TG,1.2,5,62,MS2,TG 44:0,915070.75,6.082859660420306
v3,COD>40,TAG 44:1,TG,1.7,7,50,MS2,TG 44:1,1309911.5625,7.42720494795207
v3,COD>40,TAG 44:2,TG,0.9,6,45,MS2,TG 44:2,223428.890625,5.801311533953201
v3,COD>40,TAG 46:0,TG,2.8,6,56,MS2,TG 46:0,8051458.5,7.344782627130702
v3,COD>40,TAG 46:1,TG,5.7,8,46,MS2,TG 46:1,11916191.0,4.970034074776459
v3,COD>40,TAG 46:3,TG,0.76,5,45,MS2,TG 46:3,468088.78125,12.299479053597862
v3,COD>40,TAG 48:3,TG,3.3,11,41,MS2,TG 48:3,4578586.25,8.430067909298721
v3,COD>40,TAG 51:4,TG,1.4,6,43,MS2,TG 51:4,1161025.75,8.561630864355427
v3,COD>40,TAG 52:0,TG,3.4,8,54,MS2,TG 52:0,1305985.5,11.084386472721265
v3,COD>40,TAG 53:5,TG,0.84,6,44,MS2,TG 53:5,807356.1875,7.950545945942113
v3,COD>40,TAG 54:0,TG,2.4,9,51,MS2,TG 54:0,3213527.375,17.92367120433814
v3,COD>40,TAG 56:6,TG,6.4,15,42,MS2,TG 56:6,1398950.1875,7.516050846912191
v3,COD>40,TAG 56:8,TG,3.3,11,40,MS2,TG 56:8,282382.671875,8.75044071173668
v3,COD>40,TAG 58:6,TG,1.6,5,42,MS2,TG 58:6,755598.0625,8.453708646195794
v3,COD>40,LPE 20:3,LPE,0.52,5,72,,,,
v3,COD>40,LPE 22:1,LPE,0.036,5,82,,,,
v3,COD>40,PC 30:1,PC,0.76,5,57,MS2,PC 30:1,996795.71875,5.2239367451271566
v3,COD>40,PC O-34:4/P-34:3,PC,0.12,6,66,MS2,Plasmanyl-PC O-34:4,292700.40625,14.26636051090231
v3,COD>40,PC O-36:0/35:0,PC,0.72,5,74,MS2,Plasmanyl-PC O-36:0,399749.0625,9.997850204596453
v3,COD>40,PC 38:0,PC,2.0,6,42,,,,
v3,COD>40,PC 38:1,PC,0.37,6,47,MS2,PC 38:1,4944255.75,8.004089011976177
v3,COD>40,PC 38:7,PC,0.79,8,44,MS2,PC 38:7,1366514.5,9.061492789855553
v3,COD>40,PC 40:2,PC,0.23,8,44,,,,
v3,COD>40,PC 40:3,PC,0.27,7,51,MS2,PC 40:3,895426.21875,11.732016420228844
v3,COD>40,PC O-40:6/P-40:5/39:6,PC,1.8,11,42,MS2,Plasmanyl-PC O-40:6,2029173.25,48.744734769888574
v3,COD>40,PC 42:6,PC,0.079,5,52,MS2,PC 42:6,590620.375,26.342449999611752
v3,COD>40,PE 34:0,PE,1.6,5,65,,,,
v3,COD>40,PE O-34:1/P-34:0,PE,0.46,6,48,MS2,PE O-34:1,1181486.4375,6.410524464022793
v3,COD>40,PE 36:5,PE,0.26,11,48,MS2,PE 36:5,405849.671875,18.959153415832265
v3,COD>40,PE O-36:6/P-36:5,PE,0.7,7,70,MS2,Plasmenyl-PE P-16:0_20:5,65073.66015625,6.398975034613273
v3,COD>40,PE 38:1,PE,2.6,7,67,,,,
v3,COD>40,PE 38:2,PE,1.9,7,64,,,,
v3,COD>40,PI 38:2,PI,0.34,8,47,,,,
v3,COD>40,PI 40:5,PI,0.63,8,40,,,,
v3,COD>40,PG 34:1,PG,1.3,5,45,,,,
v3,COD>40,PG 36:1,PG,0.83,5,73,,,,
v3,COD>40,PS 38:4,PS,2.2,6,74,,,,
v3,COD>40,HexCer d42:2,HexCer,1.1,6,51,MS2,HexCer[NS] d42:2,1114124.75,4.974839417892272
v3,COD>40,CER d32:1,Cer,0.051,8,42,,,,
v3,COD>40,CER d34:0,Cer,0.045,5,70,,,,
v3,COD>40,CER d36:2,Cer,0.026,7,56,,,,
v3,COD>40,CER d42:0,Cer,0.28,6,63,MS2,Cer[NS] d42:0,726460.3125,9.018890859627344
v3,COD>40,CER d42:3,Cer,0.23,5,62,MS2,Cer[NS] d42:3,362683.578125,3.0283803239817475
v3,COD>40,CER d44:1,Cer,0.063,7,49,,,,
v3,COD>40,CER d44:2,Cer,0.044,7,49,,,,
v3,COD>40,SM d32:0,SM,0.47,9,47,MS2,SM d32:0,3715502.5,1.443995334355095
v3,COD>40,SM d37:2,SM,0.21,5,50,,,,
v3,COD>40,SM d38:0,SM,0.92,8,55,MS2,SM d38:0,9310466.0,9.785411501569904
v3,COD>40,SM d40:0,SM,1.5,10,43,MS2,SM d40:0,20629101.0,7.574172576396462
v3,COD>40,SM d42:4,SM,4.2,8,42,MS2,SM d42:4,896726.25,5.615247502855726
v3,COD>40,SM d43:1,SM,0.62,9,45,MS2,SM d43:1,2889022.0,13.461249136412205
v3,COD>40,SM d44:1,SM,0.25,9,49,MS2,SM d44:1,476853.53125,8.974493847409585
v3,COD>40,SM d44:3,SM,0.27,5,71,MS2,SM d44:3,1589960.875,3.692122969236084
v3,COD>40,CE 17:0,CE,6.0,6,42,MS2,CE 17:0,216167.3359375,10.806313106456198
v3,COD>40,CE 20:1,CE,1.3,6,51,MS2,CE 20:1,2933096.625,110.27336001312487
v3,COD>40,CE 20:2,CE,5.8,9,53,MS2,CE 20:2,6616884.0,99.0764805949924
v3,COD>40,CE 22:4,CE,1.2,7,59,MS2,CE 22:4,4897840.75,86.4003503422561
v4,Ref,DAG 30:0,DG,0.83,7,20,,,,
v4,Ref,DAG 34:1,DG,6.1,16,40,MS2,DG 16:0_18:1,2054314.625,19.67817906380754
v4,Ref,DAG 36:2,DG,6.2,16,36,MS2,DG 36:2,1266364.0,11.46870602793978
v4,Ref,DAG 36:3,DG,8.4,15,39,MS2,DG 18:2_18:1,2353146.25,9.817989478827137
v4,Ref,DAG 36:4,DG,2.8,12,38,,,,
v4,Ref,TAG 46:2,TG,3.6,8,37,MS2,TG 46:2,3015275.0,11.28553861438185
v4,Ref,TAG 48:0,TG,4.5,10,26,MS2,TG 16:0_16:0_16:0,33438246.0,2.405236171885486
v4,Ref,TAG 48:1,TG,13.0,16,24,MS2,TG 48:1,116324352.0,9.01307386169312
v4,Ref,TAG 48:2,TG,16.0,15,18,MS2,TG 48:2,76109248.0,13.454552972323716
v4,Ref,TAG 48:4,TG,1.3,5,18,,,,
v4,Ref,TAG 49:1,TG,2.0,9,21,MS2,TG 49:1,8214108.0,14.441290557541036
v4,Ref,TAG 49:2,TG,1.8,6,31,MS2,TG 49:2,9540518.0,9.484662912638225
v4,Ref,TAG 50:0,TG,3.8,11,22,MS2,TG 16:0_16:0_18:0,30643346.0,14.95029330276314
v4,Ref,TAG 50:1,TG,38.0,14,26,MS2,TG 50:1,378520512.0,5.657248773319694
v4,Ref,TAG 50:2,TG,47.0,15,26,MS2,TG 50:2,357431200.0,6.99374491797783
v4,Ref,TAG 50:3,TG,23.0,16,29,MS2,TG 50:3,169211312.0,8.053648377080844
v4,Ref,TAG 50:4,TG,8.7,15,34,MS2,TG 50:4,5106102.0,14.96454903917137
v4,Ref,TAG 50:5,TG,1.6,7,40,,,,
v4,Ref,TAG 51:1,TG,1.8,7,27,MS2,TG 51:1,13446985.0,6.482483712369559
v4,Ref,TAG 51:2,TG,4.8,8,22,MS2,TG 51:2,28689700.0,14.63829955934336
v4,Ref,TAG 51:3,TG,4.8,5,39,MS2,TG 51:3,10146089.0,14.683623785129567
v4,Ref,TAG 52:1,TG,14.0,11,20,MS2,TG 52:1,190131328.0,33.512623721373416
v4,Ref,TAG 52:2,TG,44.0,16,33,MS2,TG 52:2,1429465728.0,8.115445317467888
v4,Ref,TAG 52:3,TG,100.0,16,28,MS2,TG 52:3,522120960.0,2.856945737235433
v4,Ref,TAG 52:4,TG,48.0,15,35,MS2,TG 52:4,368036992.0,16.45377842158323
v4,Ref,TAG 52:5,TG,15.0,13,39,MS2,TG 52:5,7955955.5,10.42356786101009
v4,Ref,TAG 52:6,TG,4.0,8,35,,,,
v4,Ref,TAG 52:7,TG,0.39,5,33,,,,
v4,Ref,TAG 53:2,TG,1.9,9,21,MS2,TG 53:2,25878894.0,10.872486498937455
v4,Ref,TAG 53:3,TG,3.7,6,29,MS2,TG 53:3,17763318.0,7.109635489622214
v4,Ref,TAG 53:4,TG,2.4,6,32,MS2,TG 17:1_18:2_18:1,632618.625,14.71419620954277
v4,Ref,TAG 54:1,TG,3.2,10,29,MS2,TG 54:1,5026166.5,24.651051992666677
v4,Ref,TAG 54:2,TG,8.2,13,31,MS2,TG 54:2,189721648.0,10.908151828697672
v4,Ref,TAG 54:3,TG,26.0,15,37,MS2,TG 54:3,414417600.0,1.2408019433123019
v4,Ref,TAG 54:4,TG,36.0,15,35,MS2,TG 54:4,149361840.0,3.35217513665386
v4,Ref,TAG 54:5,TG,27.0,15,38,MS2,TG 54:5,5312609.0,9.945976249131025
v4,Ref,TAG 54:6,TG,14.0,16,37,MS2,TG 54:6,1005150.5625,16.956003600886017
v4,Ref,TAG 54:7,TG,5.6,7,26,MS2,TG 18:3_18:2_18:2,155434.484375,6.870953201391972
v4,Ref,TAG 56:2,TG,0.69,5,33,MS2,TG 18:1_18:1_20:0,45707328.0,24.614092588068193
v4,Ref,TAG 56:3,TG,1.4,6,10,MS2,TG 56:3,53569536.0,24.12646246929591
v4,Ref,TAG 56:4,TG,2.0,10,28,MS2,TG 56:4,20603330.0,30.999264539167235
v4,Ref,TAG 56:5,TG,4.1,12,33,MS2,TG 56:5,35398608.0,28.173609857007005
v4,Ref,TAG 56:7,TG,13.0,8,20,RT model,TG 56:7,693922.3125,9.014625585359939
v4,Ref,TAG 56:9,TG,0.71,5,38,,,,
v4,Ref,TAG 58:7,TG,2.0,5,32,RT model,TG 58:7,2573291.0,27.744380905438042
v4,Ref,TAG 58:8,TG,0.68,9,31,RT model,TG 58:8,449736.53125,17.407117051192465
v4,Ref,TAG 58:9,TG,1.2,6,22,,,,
v4,Ref,LPC 14:0,LPC,1.0,16,19,MS2,LysoPC 14:0,859216.4375,9.932791809462005
v4,Ref,LPC 15:0,LPC,0.52,9,22,MS2,LysoPC 15:0,11088516.0,16.728148863552175
v4,Ref,LPC 16:0,LPC,73.0,20,15,MS2,LysoPC 16:0,2714605312.0,7.130263958330126
v4,Ref,LPC O-16:0,LPC,0.55,10,29,,,,
v4,Ref,LPC P-16:0,LPC,0.46,8,27,,,,
v4,Ref,LPC 16:1,LPC,2.4,19,15,MS2,LysoPC 16:1,15838340.0,6.286366471679996
v4,Ref,LPC 17:0,LPC,1.4,6,18,MS2,LysoPC 17:0,50162288.0,12.12928996369737
v4,Ref,LPC 17:1,LPC,0.25,6,29,MS2,LysoPC 17:1,4368099.0,16.562590026915732
v4,Ref,LPC 18:0,LPC,27.0,20,12,MS2,LysoPC 18:0,1607224960.0,8.431825614418734
v4,Ref,LPC O-18:0,LPC,0.16,6,36,,,,
v4,Ref,LPC 18:1,LPC,18.0,19,13,MS2,LysoPC 18:1,516467680.0,11.472808335751273
v4,Ref,LPC 18:2,LPC,22.0,19,13,MS2,LysoPC 18:2,360392320.0,14.383400255955802
v4,Ref,LPC 18:3,LPC,0.44,18,30,MS2,LysoPC 18:3,2684961.75,15.417800671124695
v4,Ref,LPC 20:0,LPC,0.1,7,34,MS2,LysoPC 20:0,2892925.0,7.066008847579671
v4,Ref,LPC 20:1,LPC,0.19,13,12,MS2,LysoPC 20:1,11705546.0,13.177455996840703
v4,Ref,LPC 20:2,LPC,0.23,9,19,MS2,LysoPC 20:2,10302382.0,19.04007376604072
v4,Ref,LPC 20:3,LPC,1.8,18,15,MS2,LysoPC 20:3,33500434.0,1.7272652952851801
v4,Ref,LPC 20:4,LPC,6.0,20,10,MS2,LysoPC 20:4,141355584.0,14.854164836021026
v4,Ref,LPC 20:5,LPC,0.33,15,28,MS2,LysoPC 20:5,2874626.25,11.989091672328676
v4,Ref,LPC 22:0,LPC,0.025,5,7,RT model,LysoPC 22:0,465313.3125,10.581746008466594
v4,Ref,LPC 22:1,LPC,0.013,5,36,RT model,LysoPC 22:1,347461.484375,2.868519817399709
v4,Ref,LPC 22:4,LPC,0.12,8,33,MS2,LysoPC 22:4,3492964.25,14.860049834897335
v4,Ref,LPC 22:5,LPC,0.43,12,30,MS2,LysoPC 22:5,5957612.0,22.29439752820275
v4,Ref,LPC 22:6,LPC,0.77,17,18,MS2,LysoPC 22:6,17388180.0,8.99862965799716
v4,Ref,LPC 24:0,LPC,0.046,5,33,MS2,LysoPC 24:0,800930.125,17.399620269304336
v4,Ref,LPE 16:0,LPE,0.91,14,29,MS2,LysoPE 16:0,10912186.0,13.950999467353048
v4,Ref,LPE 18:0,LPE,1.6,15,34,MS2,LysoPE 18:0,21215390.0,5.304037084951388
v4,Ref,LPE 18:1,LPE,1.4,14,35,MS2,LysoPE 18:1,8074320.0,14.181265054198319
v4,Ref,LPE 18:2,LPE,1.9,16,30,MS2,LysoPE 18:2,6153242.5,5.3035399194940345
v4,Ref,LPE 20:4,LPE,1.1,14,37,MS2,LysoPE 20:4,6305027.0,9.084011794434083
v4,Ref,LPE 22:6,LPE,0.52,12,34,MS2,LysoPE 22:6,1909407.375,7.365001580243632
v4,Ref,PC 30:0,PC,1.6,11,20,MS2,PC 30:0,14474111.0,19.083697389871784
v4,Ref,PC O-30:0/29:0,PC,0.072,7,36,RT model,Plasmanyl-PC O-30:0,1143981.25,16.353307440750548
v4,Ref,PC O-30:1/P-30:0,PC,0.047,7,20,,,,
v4,Ref,PC 32:0,PC,7.2,18,14,MS2,PC 32:0,118978328.0,7.909287586669407
v4,Ref,PC O-32:0/31:0,PC,1.5,11,28,MS2,PC O-32:0,13207981.0,7.097862711188821
v4,Ref,PC 32:1,PC,13.0,18,15,MS2,PC 32:1,67353112.0,1.1676105826041232
v4,Ref,PC O-32:1/P-32:0/31:1,PC,1.6,11,14,MS2,PC O-32:1,3136286.5,9.005975055006386
v4,Ref,PC O-32:2/P-32:1/31:2,PC,0.34,8,28,,,,
v4,Ref,PC 32:3,PC,0.42,8,34,,,,
v4,Ref,PC P-33:1/32:2,PC,2.6,16,14,MS2,PC 32:2,14480181.0,7.657638715994242
v4,Ref,PC 34:0,PC,2.1,12,18,MS2,PC 34:0,38303964.0,11.481127935900032
v4,Ref,PC O-34:0/33:0,PC,0.76,10,22,MS2,Plasmanyl-PC O-34:0,5521802.5,18.415731699309962
v4,Ref,PC 34:1,PC,120.0,19,17,MS2,PC 34:1,1809309440.0,12.265860501814592
v4,Ref,PC O-34:1/P-34:0/33:1,PC,4.9,17,17,MS2,Plasmanyl-PC O-34:1,28110660.0,9.399086931363037
v4,Ref,PC O-34:2/P-34:1/33:2,PC,5.2,17,25,MS2,PC O-34:2,93920696.0,3.73247803479975
v4,Ref,PC O-34:3/P-34:2/33:3,PC,4.7,12,19,MS2,Plasmenyl-PC P-16:0_18:2,964337.1875,8.136245618017883
v4,Ref,PC P-35:1/34:2,PC,240.0,18,19,MS2,PC 34:2,3014944768.0,12.125788473126745
v4,Ref,PC P-35:2/34:3,PC,12.0,18,14,MS2,PC 34:3,60917324.0,10.150478652610124
v4,Ref,PC O-35:4/34:4,PC,1.0,9,24,MS2,PC 34:4,3251617.0,13.918823336093586
v4,Ref,PC 34:5,PC,0.034,5,13,,,,
v4,Ref,PC 36:1,PC,26.0,17,17,MS2,PC 36:1,349856032.0,8.755755637868832
v4,Ref,PC O-36:1/P-36:0/35:1,PC,3.5,16,28,MS2,Plasmanyl-PC O-36:1,15641916.0,8.375684568869303
v4,Ref,PC 36:2,PC,140.0,18,17,MS2,PC 36:2,1826589952.0,7.800727498154022
v4,Ref,PC O-36:2/P-36:1/35:2,PC,7.4,17,22,MS2,PC O-36:2,10361491.0,12.328161942568103
v4,Ref,PC 36:3,PC,100.0,17,14,MS2,PC 36:3,606391552.0,26.544286731992354
v4,Ref,PC O-36:3/P-36:2/35:3,PC,3.7,12,22,MS2,Plasmanyl-PC O-36:3,20602406.0,18.592805270051187
v4,Ref,PC 36:4,PC,150.0,19,19,MS2,PC 36:4,853466368.0,4.922933257554414
v4,Ref,PC O-36:4/P-36:3/35:4,PC,12.0,17,12,MS2,Plasmanyl-PC O-36:4,83534808.0,9.98962684397511
v4,Ref,PC 36:5,PC,11.0,16,17,MS2,PC 36:5,21564392.0,6.214314732010335
v4,Ref,PC O-36:5/P-36:4/35:5,PC,6.9,11,23,MS2,Plasmanyl-PC O-36:5,2678435.5,8.563981741073246
v4,Ref,PC P-36:5/35:6,PC,0.3,5,31,RT model,PC 35:6,1043653.84375,26.13011714409655
v4,Ref,PC 36:6,PC,0.28,8,32,MS2,PC 36:6,545465.3125,8.371416954057644
v4,Ref,PC 38:2,PC,2.3,15,9,MS2,PC 38:2,24792888.0,8.047775388030344
v4,Ref,PC O-38:2/37:2,PC,0.98,6,32,MS2,Plasmanyl-PC O-38:2,565088.1875,27.330747843635166
v4,Ref,PC 38:3,PC,26.0,14,20,MS2,PC 38:3,240682384.0,6.824900247035102
v4,Ref,PC O-38:3/P-38:2/37:3,PC,1.5,14,34,MS2,PC O-38:3,9199664.0,17.153479437560936
v4,Ref,PC 38:4,PC,84.0,18,17,MS2,PC 38:4,607425408.0,5.855919469241132
v4,Ref,PC O-38:4/P-38:3/37:4,PC,7.4,12,27,MS2,Plasmanyl-PC O-38:4,21939584.0,9.691475220080829
v4,Ref,PC 38:5,PC,42.0,18,19,MS2,PC 38:5,121121968.0,3.2501012317556532
v4,Ref,PC O-38:5/P-38:4/37:5,PC,11.0,16,14,MS2,Plasmanyl-PC O-38:5,69651968.0,8.707689154846403
v4,Ref,PC 38:6,PC,41.0,18,11,MS2,PC 38:6,116447768.0,7.2696758439660805
v4,Ref,PC O-38:6/P-38:5/37:6,PC,3.6,12,29,MS2,PC O-38:6,186046864.0,12.930164758022302
v4,Ref,PC P-38:6/36:0,PC,1.2,10,33,MS2,PC 36:0,129058.9296875,59.80321493225844
v4,Ref,PC 40:4,PC,2.9,18,13,MS2,PC 40:4,14373229.0,9.698361191414238
v4,Ref,PC O-40:2/P-40:1,PC,0.069,5,30,,,,
v4,Ref,PC O-40:4/P-40:3/39:4,PC,0.95,8,40,MS2,Plasmanyl-PC O-40:4,2960042.75,8.480357709298945
v4,Ref,PC 40:5,PC,6.7,18,16,MS2,PC 40:5,30887284.0,5.558221083391842
v4,Ref,PC O-40:5/P-40:4/39:5,PC,1.7,12,27,MS2,PC O-40:5,6016232.0,8.233401744712259
v4,Ref,PC 40:6,PC,14.0,17,19,MS2,PC 40:6,50018668.0,14.213447949835775
v4,Ref,PC 40:7,PC,3.5,16,21,MS2,PC 40:7,918869.0625,14.987187986384923
v4,Ref,PC O-40:7/P-40:6/39:7,PC,1.1,9,20,,,,
v4,Ref,PC 40:8,PC,0.73,14,28,RT model,PC 40:8,1506545.5,9.990307457211012
v4,Ref,PC O-42:5/P-42:4,PC,0.79,7,15,MS2,PC O-42:5,1554738.75,10.233208199394719
v4,Ref,PE 32:1,PE,0.34,6,36,,,,
v4,Ref,PE 34:1,PE,1.2,14,14,MS2,PE 34:1,3999515.25,5.581352848248781
v4,Ref,PE 34:2,PE,2.2,16,12,MS2,PE 34:2,4603434.5,22.92892602831718
v4,Ref,PE O-34:2/P-34:1,PE,0.78,11,22,MS2,PE O-34:2,6931960.0,8.098086643335082
v4,Ref,PE O-34:3/P-34:2,PE,1.5,11,27,MS2,PE O-34:3,236355.8984375,10.898827464386597
v4,Ref,PE 36:0,PE,0.28,11,36,,,,
v4,Ref,PE 36:1,PE,1.3,14,20,MS2,PE 36:1,2288962.0,6.74212271719779
v4,Ref,PE 36:2,PE,6.7,16,12,MS2,PE 36:2,11800074.0,12.779860813456038
v4,Ref,PE O-36:2/P-36:1/35:2,PE,0.93,12,23,MS2,PE O-36:2,4011687.25,10.341485753116695
v4,Ref,PE 36:3,PE,2.4,16,16,MS2,PE 36:3,3621413.25,6.441647583559069
v4,Ref,PE O-36:3/P-36:2/35:3,PE,3.2,15,24,MS2,PE O-36:3,5491354.0,17.695195416357727
v4,Ref,PE 36:4,PE,3.1,16,13,MS2,PE 36:4,1096242.0,85.72174304026727
v4,Ref,PE O-36:4/P-36:3,PE,1.6,14,18,MS2,PE O-36:4,11233367.0,7.566188225664579
v4,Ref,PE O-36:5/P-36:4,PE,4.9,15,38,MS2,PE O-36:5,1228709.875,10.190446053960946
v4,Ref,PE 38:3,PE,0.95,14,21,MS2,PE 18:0_20:3,118066.4140625,9.319244387297852
v4,Ref,PE 38:4,PE,8.1,16,15,MS2,PE 38:4,13588764.0,9.226188583342802
v4,Ref,PE O-38:4/P-38:3/37:4,PE,0.94,9,19,MS2,PE O-38:4,13547891.0,10.38229843308026
v4,Ref,PE 38:5,PE,2.7,12,17,MS2,PE 38:5,141490.84375,5.930178413217075
v4,Ref,PE O-38:5/P-38:4,PE,5.8,17,33,MS2,PE O-38:5,7545924.5,12.779639244917767
v4,Ref,PE 38:6,PE,3.2,15,19,MS2,PE 38:6,1581049.375,5.567882687670595
v4,Ref,PE O-38:6/P-38:5,PE,4.9,16,25,MS2,PE O-38:6,1197843.25,9.87873265377753
v4,Ref,PE O-38:7/P-38:6,PE,3.5,8,28,,,,
v4,Ref,PE 40:4,PE,0.26,10,31,,,,
v4,Ref,PE 40:5,PE,0.73,12,31,,,,
v4,Ref,PE O-40:5/P-40:4/39:5,PE,0.73,12,17,MS2,Plasmenyl-PE P-20:0_20:4,59408.34375,9.582474914701102
v4,Ref,PE 40:6,PE,1.8,14,20,,,,
v4,Ref,PE O-40:6/P-40:5/39:6,PE,1.3,14,23,MS2,PE O-40:6,4673173.5,32.316925457173106
v4,Ref,PE 40:7,PE,0.77,11,33,,,,
v4,Ref,PE O-40:7/P-40:6/39:7,PE,2.5,14,29,,,,
v4,Ref,PI 32:1,PI,0.56,10,19,MS2,PI 16:1_16:0,205804.921875,12.433079454540048
v4,Ref,PI 34:1,PI,2.4,14,17,MS2,PI 34:1,2119126.375,28.833529315805155
v4,Ref,PI 34:2,PI,2.8,14,14,MS2,PI 34:2,1800545.5,25.623200067020168
v4,Ref,PI 36:1,PI,2.1,13,28,MS2,PI 36:1,2443915.125,25.782177857369476
v4,Ref,PI 36:2,PI,7.7,15,12,MS2,PI 36:2,6741490.0,7.271670091118835
v4,Ref,PI 36:3,PI,2.2,14,14,MS2,PI 36:3,1171875.625,6.595627192877409
v4,Ref,PI 36:4,PI,3.0,14,16,MS2,PI 36:4,970514.3125,19.605406305578697
v4,Ref,PI 38:3,PI,3.4,14,16,MS2,PI 38:3,1860436.125,16.86387299557842
v4,Ref,PI 38:4,PI,19.0,17,11,MS2,PI 38:4,11236640.0,4.670893285289424
v4,Ref,PI 38:5,PI,2.5,15,18,MS2,PI 38:5,2125132.0,31.247690901427795
v4,Ref,PI 38:6,PI,0.32,10,10,,,,
v4,Ref,PI 40:4,PI,0.3,7,14,,,,
v4,Ref,PI 40:6,PI,0.84,12,19,MS2,PI 40:6,160424.953125,10.875144590892763
v4,Ref,PG 36:2,PG,0.67,6,36,,,,
v4,Ref,HexCer d34:1,HexCer,0.86,6,25,MS2,HexCer[NS] d34:1,1240569.25,68.04567800865622
v4,Ref,HexCer d36:1,HexCer,0.13,5,34,,,,
v4,Ref,HexCer d40:1,HexCer,2.4,5,28,MS2,GlcCer[NDS] d18:1_22:0,236762.359375,6.40630420955401
v4,Ref,HexCer d42:1,HexCer,2.7,6,27,MS2,GlcCer[NDS] d18:1_24:0,381015.53125,4.586461809355854
v4,Ref,CER d34:1,Cer,0.28,17,16,MS2,Cer[NS] d34:1,849861.3125,63.859112307986365
v4,Ref,CER d36:1,Cer,0.12,14,17,,,,
v4,Ref,CER d38:1,Cer,0.11,16,20,RT model,Cer[NS] d38:1,295893.25,14.771012993732372
v4,Ref,CER d40:1,Cer,0.65,18,18,MS2,Cer[NS] d40:1,1541684.375,9.566189436308498
v4,Ref,CER d40:2,Cer,0.15,6,14,MS2,Cer[NS] d40:2,319631.4375,7.611091515399774
v4,Ref,CER d41:1,Cer,0.67,7,40,MS2,Cer[NS] d41:1,1438430.375,3.8324630217414937
v4,Ref,CER d42:1,Cer,1.9,19,24,MS2,Cer[NS] d42:1,6531710.5,9.951862083648251
v4,Ref,CER d42:2,Cer,0.82,19,12,MS2,Cer[NS] d42:2,1702106.25,5.199658498148481
v4,Ref,SM d31:1,SM,0.19,5,25,MS2,SM d31:1,779851.0625,0.4163772909594869
v4,Ref,SM d32:1,SM,8.4,14,17,MS2,SM d32:1,36957616.0,14.959900309153765
v4,Ref,SM d32:2,SM,0.66,10,36,MS2,SM d32:2,3227935.75,13.900423931044937
v4,Ref,SM d33:1,SM,4.7,14,14,MS2,SM d33:1,24378896.0,9.853366861790597
v4,Ref,SM d34:0,SM,5.8,14,22,MS2,SM d34:0,28527134.0,10.797068670632413
v4,Ref,SM d34:1,SM,100.0,21,15,MS2,SM d34:1,648390848.0,2.0855682928001276
v4,Ref,SM d34:2,SM,16.0,17,14,MS2,SM d34:2,94082464.0,10.170446518917428
v4,Ref,SM d35:1,SM,2.5,9,23,MS2,SM d35:1,18390068.0,16.234707949439688
v4,Ref,SM d35:2,SM,0.52,6,39,MS2,SM d35:2,1687693.5,10.302801475356747
v4,Ref,SM d36:0,SM,2.0,11,24,MS2,SM d36:0,4738226.0,8.871745905261031
v4,Ref,SM d36:1,SM,20.0,22,18,MS2,SM d36:1,163213296.0,5.53183867063234
v4,Ref,SM d36:2,SM,9.6,22,16,MS2,SM d36:2,74993928.0,2.500218473509777
v4,Ref,SM d36:3,SM,1.3,13,31,MS2,SM d36:3,3371869.5,6.786119130539209
v4,Ref,SM d37:1,SM,1.0,11,23,MS2,SM d37:1,386325.28125,2.3235750572163436
v4,Ref,SM d38:1,SM,11.0,17,27,MS2,SM d38:1,75118440.0,10.545199647691513
v4,Ref,SM d38:2,SM,5.2,17,25,MS2,SM d38:2,38697296.0,9.201282339426971
v4,Ref,SM d38:3,SM,0.61,8,39,MS2,SM d38:3,2297406.125,6.135744687561732
v4,Ref,SM d39:1,SM,3.6,14,29,MS2,SM d39:1,19841884.0,9.656830936530651
v4,Ref,SM d39:2,SM,0.61,9,26,MS2,SM d39:2,274261.953125,3.1740507865146483
v4,Ref,SM d40:1,SM,20.0,17,25,MS2,SM d40:1,143961600.0,18.043508144487564
v4,Ref,SM d40:2,SM,12.0,15,24,MS2,SM d40:2,101843976.0,19.832517852430513
v4,Ref,SM d40:3,SM,2.2,8,37,MS2,SM d40:3,503958.40625,1.1605418618296068
v4,Ref,SM d41:1,SM,7.7,14,27,MS2,SM d41:1,52297044.0,24.573493317870238
v4,Ref,SM d41:2,SM,5.8,14,24,MS2,SM d41:2,29997598.0,9.69188339358622
v4,Ref,SM d41:3,SM,0.77,7,39,MS2,SM d41:3,4791752.0,35.14266997213958
v4,Ref,SM d42:1,SM,20.0,21,28,MS2,SM d42:1,98268832.0,19.088782697799505
v4,Ref,SM d42:2,SM,44.0,18,25,MS2,SM d42:2,244964016.0,21.266884475369423
v4,Ref,SM d42:3,SM,17.0,12,27,MS2,SM d42:3,179325920.0,11.643901972038625
v4,Ref,SM d43:2,SM,1.0,10,29,MS2,SM d43:2,4094137.0,10.920074508590446
v4,Ref,SM d44:2,SM,0.4,9,32,MS2,SM d44:2,974118.6875,12.923510693633572
v4,Ref,CE 14:0,CE,16.0,7,37,,,,
v4,Ref,CE 15:0,CE,5.3,6,34,RT model,CE 15:0,117457.6640625,1.9064731496555405
v4,Ref,CE 16:0,CE,210.0,13,28,MS2,CE 16:0,4351691.5,3.6087633821690597
v4,Ref,CE 16:1,CE,100.0,11,27,MS2,CE 16:1,4574395.5,6.49873023553265
v4,Ref,CE 16:2,CE,1.9,5,25,,,,
v4,Ref,CE 17:1,CE,8.2,9,13,MS2,CE 17:1,752066.6875,13.790938941040096
v4,Ref,CE 18:0,CE,15.0,7,25,MS2,CE 18:0,1625188.875,8.969385648162303
v4,Ref,CE 18:1,CE,450.0,14,25,MS2,CE 18:1,41266336.0,5.248647000623116
v4,Ref,CE 18:2,CE,1700.0,14,26,MS2,CE 18:2,140985360.0,5.837631822887644
v4,Ref,CE 18:3,CE,84.0,13,28,MS2,CE 18:3,8766645.0,15.633698325938877
v4,Ref,CE 20:3,CE,35.0,13,35,MS2,CE 20:3,7027364.5,2.7177813071204144
v4,Ref,CE 20:4,CE,350.0,14,17,MS2,CE 20:4,43558912.0,2.909965663899495
v4,Ref,CE 20:5,CE,38.0,12,23,RT model,CE 20:5,565230.375,6.639010506112498
v4,Ref,CE 22:5,CE,4.1,6,39,MS2,CE 22:5,1627809.625,16.824815887352287
v4,Ref,CE 22:6,CE,37.0,11,26,MS2,CE 22:6,520284.40625,14.50123693329998
v4,Inf,CE 22:0,CE,0.35,4,10,,,,
v4,Inf,CE 24:0,CE,0.28,3,18,,,,
v4,Inf,CE 24:1,CE,0.15,3,9,,,,
v4,Inf,HexCer 38:1,HexCer,0.2,3,0,,,,
v4,Inf,CER d16:0,Cer,0.052,3,14,,,,
v4,Inf,CER d20:0,Cer,0.028,3,28,,,,
v4,Inf,CER d24:0,Cer,0.09,3,37,,,,
v4,Inf,CER d39:1,Cer,0.093,4,18,RT model,Cer[NS] d39:1,176294.8125,6.03388551437982
v4,Inf,CerOH d16:0,CerOH,5.3,3,13,,,,
v4,Inf,CerOH d22:0,CerOH,0.26,3,18,,,,
v4,Inf,CerOH d24:0,CerOH,0.4,3,12,,,,
v4,Inf,CerOH d24:1,CerOH,0.97,3,15,,,,
v4,Inf,DAG 40:4,DG,0.91,4,38,,,,
v4,Inf,LPC O-18:1,LPC,0.41,3,31,,,,
v4,Inf,LPC O-20:0,LPC,0.023,4,22,,,,
v4,Inf,LPC 24:1,LPC,0.022,3,33,MS2,LysoPC 24:1,288316.15625,13.321949083270477
v4,Inf,LPC 26:0,LPC,0.015,3,21,,,,
v4,Inf,PC 28:0,PC,0.16,4,15,,,,
v4,Inf,PC O-42:6/P-42:5,PC,0.46,4,29,MS2,Plasmanyl-PC O-42:6,1085111.125,7.905926527141317
v4,Inf,PC O-42:7,PC,0.067,3,2,,,,
v4,Inf,PC O-44:5/P-44:4,PC,1.3,3,24,,,,
v4,Inf,PE 34:3,PE,0.14,4,14,,,,
v4,Inf,PE 35:1,PE,0.15,4,30,,,,
v4,Inf,PG 34:2,PG,0.55,4,40,,,,
v4,Inf,PG 36:3,PG,0.5,4,22,,,,
v4,Inf,PS 38:1,PS,0.23,3,20,,,,
v4,Inf,PS 38:2,PS,0.24,3,16,,,,
v4,Inf,SM d35:0,SM,0.044,3,16,,,,
v4,Inf,SM d42:5,SM,0.36,3,6,RT model,SM d42:5,1917993.875,5.129162191508396
v4,Inf,TAG 44:3,TG,0.18,4,5,,,,
v4,Inf,TAG 47:2,TG,0.21,3,13,MS2,TG 47:2,476225.125,10.047512658009007
v4,Inf,TAG 49:0,TG,0.31,3,18,MS2,TG 49:0,2053539.125,14.912822499225584
v4,Inf,TAG 54:8,TG,0.92,4,32,,,,
v4,Inf,TAG 55:3,TG,0.43,3,34,RT model,TG 55:3,11421396.0,31.759175501572663
v4,Inf,TAG 58:11,TG,0.11,3,16,,,,
v4,Inf,TAG 58:3 ,TG,0.19,3,10,RT model,TG 58:3,3914023.25,27.870556627433174
v4,COD>40,DAG 32:0,DG,2.6,11,44,MS2,DG 16:0_16:0,194219.65625,27.016037793911966
v4,COD>40,DAG 32:1,DG,1.2,10,51,MS2,DG 32:1,225809.59375,9.351992889724677
v4,COD>40,DAG 32:2,DG,0.62,11,48,,,,
v4,COD>40,DAG 34:0,DG,6.5,10,56,,,,
v4,COD>40,DAG 34:2,DG,4.4,14,43,MS2,DG 16:0_18:2,2423584.75,12.55268781923434
v4,COD>40,DAG 34:3,DG,0.31,7,63,,,,
v4,COD>40,DAG 36:0,DG,1.6,9,60,,,,
v4,COD>40,DAG 36:1,DG,2.6,12,43,MS2,DG 18:1_18:0,2817503.0,17.806856877698163
v4,COD>40,DAG 36:5,DG,0.89,6,61,,,,
v4,COD>40,DAG 38:0,DG,0.24,7,55,,,,
v4,COD>40,DAG 38:1,DG,0.51,5,77,,,,
v4,COD>40,DAG 38:2,DG,1.5,5,81,,,,
v4,COD>40,DAG 38:3,DG,1.3,5,80,,,,
v4,COD>40,DAG 38:4,DG,0.95,11,40,,,,
v4,COD>40,DAG 38:5,DG,1.8,11,47,,,,
v4,COD>40,DAG 38:6,DG,0.77,9,47,,,,
v4,COD>40,DAG 40:5,DG,0.084,5,63,,,,
v4,COD>40,DAG 40:6,DG,0.28,6,60,,,,
v4,COD>40,DAG 40:7,DG,0.89,5,77,,,,
v4,COD>40,TAG 42:0,TG,0.38,5,50,MS2,TG 42:0,285291.4375,14.039234530991163
v4,COD>40,TAG 42:1,TG,0.37,5,45,,,,
v4,COD>40,TAG 42:2,TG,0.16,6,41,,,,
v4,COD>40,TAG 44:0,TG,1.2,5,62,MS2,TG 44:0,1522491.125,10.159635345779556
v4,COD>40,TAG 44:1,TG,1.7,7,50,MS2,TG 44:1,1327361.375,13.558154366871152
v4,COD>40,TAG 44:2,TG,0.9,6,45,,,,
v4,COD>40,TAG 46:0,TG,2.8,6,56,MS2,TG 14:0_16:0_16:0,13921968.0,9.09280850423947
v4,COD>40,TAG 46:1,TG,5.7,8,46,MS2,TG 46:1,14329465.0,13.237316572484254
v4,COD>40,TAG 46:3,TG,0.76,5,45,,,,
v4,COD>40,TAG 48:3,TG,3.3,11,41,MS2,TG 48:3,4607627.0,6.5741710316101045
v4,COD>40,TAG 51:4,TG,1.4,6,43,MS2,TG 51:4,1102690.75,11.430795360301733
v4,COD>40,TAG 52:0,TG,3.4,8,54,MS2,TG 52:0,670259.375,9.957038755529082
v4,COD>40,TAG 53:5,TG,0.84,6,44,,,,
v4,COD>40,TAG 54:0,TG,2.4,9,51,MS2,TG 54:0,773606.0625,11.158982527992983
v4,COD>40,TAG 56:6,TG,6.4,15,42,MS2,TG 56:6,5233543.0,48.87141877004841
v4,COD>40,TAG 56:8,TG,3.3,11,40,,,,
v4,COD>40,TAG 58:6,TG,1.6,5,42,RT model,TG 58:6,6397032.0,39.367027769517776
v4,COD>40,LPE 20:3,LPE,0.52,5,72,,,,
v4,COD>40,LPE 22:1,LPE,0.036,5,82,,,,
v4,COD>40,PC 30:1,PC,0.76,5,57,,,,
v4,COD>40,PC O-34:4/P-34:3,PC,0.12,6,66,MS2,Plasmanyl-PC O-34:4,883308.4375,14.549531389180581
v4,COD>40,PC O-36:0/35:0,PC,0.72,5,74,MS2,Plasmanyl-PC O-36:0,1034283.40625,5.588949920797962
v4,COD>40,PC 38:0,PC,2.0,6,42,,,,
v4,COD>40,PC 38:1,PC,0.37,6,47,MS2,PC 38:1,2778743.0,16.28357367649713
v4,COD>40,PC 38:7,PC,0.79,8,44,MS2,PC 38:7,1065294.75,6.183288852726183
v4,COD>40,PC 40:2,PC,0.23,8,44,MS2,PC 40:2,659029.75,28.469737080187656
v4,COD>40,PC 40:3,PC,0.27,7,51,MS2,PC 40:3,1631775.390625,117.99487063432126
v4,COD>40,PC O-40:6/P-40:5/39:6,PC,1.8,11,42,MS2,PC O-40:6,99388688.0,5.792065914925075
v4,COD>40,PC 42:6,PC,0.079,5,52,,,,
v4,COD>40,PE 34:0,PE,1.6,5,65,,,,
v4,COD>40,PE O-34:1/P-34:0,PE,0.46,6,48,MS2,PE O-34:1,1304138.5,6.24317909260169
v4,COD>40,PE 36:5,PE,0.26,11,48,,,,
v4,COD>40,PE O-36:6/P-36:5,PE,0.7,7,70,,,,
v4,COD>40,PE 38:1,PE,2.6,7,67,,,,
v4,COD>40,PE 38:2,PE,1.9,7,64,,,,
v4,COD>40,PI 38:2,PI,0.34,8,47,,,,
v4,COD>40,PI 40:5,PI,0.63,8,40,,,,
v4,COD>40,PG 34:1,PG,1.3,5,45,,,,
v4,COD>40,PG 36:1,PG,0.83,5,73,,,,
v4,COD>40,PS 38:4,PS,2.2,6,74,,,,
v4,COD>40,HexCer d42:2,HexCer,1.1,6,51,MS2,HexCer[NS] d42:2,1446441.375,11.568629752420064
v4,COD>40,CER d32:1,Cer,0.051,8,42,,,,
v4,COD>40,CER d34:0,Cer,0.045,5,70,,,,
v4,COD>40,CER d36:2,Cer,0.026,7,56,,,,
v4,COD>40,CER d42:0,Cer,0.28,6,63,MS2,Cer[NS] d42:0,813281.125,15.10372521945361
v4,COD>40,CER d42:3,Cer,0.23,5,62,MS2,Cer[NS] d42:3,469813.65625,15.272831898478053
v4,COD>40,CER d44:1,Cer,0.063,7,49,,,,
v4,COD>40,CER d44:2,Cer,0.044,7,49,,,,
v4,COD>40,SM d32:0,SM,0.47,9,47,MS2,SM d32:0,4290295.0,14.309985964760468
v4,COD>40,SM d37:2,SM,0.21,5,50,,,,
v4,COD>40,SM d38:0,SM,0.92,8,55,RT model,SM d38:0,1607837.75,15.293648566168653
v4,COD>40,SM d40:0,SM,1.5,10,43,MS2,SM d40:0,24669522.0,16.726403765865815
v4,COD>40,SM d42:4,SM,4.2,8,42,MS2,SM d42:4,943298.25,4.022226158106818
v4,COD>40,SM d43:1,SM,0.62,9,45,MS2,SM d43:1,3226872.25,3.913957299691944
v4,COD>40,SM d44:1,SM,0.25,9,49,,,,
v4,COD>40,SM d44:3,SM,0.27,5,71,MS2,SM d44:3,1739713.625,12.037085155143842
v4,COD>40,CE 17:0,CE,6.0,6,42,MS2,CE 17:0,332597.078125,5.849036016759832
v4,COD>40,CE 20:1,CE,1.3,6,51,MS2,CE 20:1,11673977.0,29.22466317203688
v4,COD>40,CE 20:2,CE,5.8,9,53,MS2,CE 20:2,35661732.0,20.83428883927546
v4,COD>40,CE 22:4,CE,1.2,7,59,MS2,CE 22:4,17247124.0,20.832350395324177
v5,Ref,DAG 30:0,DG,0.83,7,20,,,,
v5,Ref,DAG 34:1,DG,6.1,16,40,MS2,DG 16:0_18:1,2327828.25,37.60269834748706
v5,Ref,DAG 36:2,DG,6.2,16,36,MS2,DG 36:2,1571475.625,45.24972561082442
v5,Ref,DAG 36:3,DG,8.4,15,39,MS2,DG 18:2_18:1,2652783.75,26.840943311694705
v5,Ref,DAG 36:4,DG,2.8,12,38,,,,
v5,Ref,TAG 46:2,TG,3.6,8,37,MS2,TG 46:2,3221400.25,26.612607086909822
v5,Ref,TAG 48:0,TG,4.5,10,26,MS2,TG 16:0_16:0_16:0,32146228.0,15.72141349108783
v5,Ref,TAG 48:1,TG,13.0,16,24,MS2,TG 48:1,114056312.0,20.157003470989242
v5,Ref,TAG 48:2,TG,16.0,15,18,MS2,TG 48:2,88096528.0,6.907685903042802
v5,Ref,TAG 48:4,TG,1.3,5,18,,,,
v5,Ref,TAG 49:1,TG,2.0,9,21,MS2,TG 49:1,9121630.0,0.13711099452560319
v5,Ref,TAG 49:2,TG,1.8,6,31,MS2,TG 49:2,9104572.0,5.104344381826181
v5,Ref,TAG 50:0,TG,3.8,11,22,MS2,TG 50:0,34161248.0,5.29758233663082
v5,Ref,TAG 50:1,TG,38.0,14,26,MS2,TG 50:1,386697632.0,9.11050031752444
v5,Ref,TAG 50:2,TG,47.0,15,26,MS2,TG 50:2,352087552.0,19.094412007695897
v5,Ref,TAG 50:3,TG,23.0,16,29,MS2,TG 50:3,178701952.0,5.263714288744529
v5,Ref,TAG 50:4,TG,8.7,15,34,MS2,TG 50:4,5340587.5,27.69278180597718
v5,Ref,TAG 50:5,TG,1.6,7,40,,,,
v5,Ref,TAG 51:1,TG,1.8,7,27,MS2,TG 51:1,13694768.0,6.82937362209327
v5,Ref,TAG 51:2,TG,4.8,8,22,MS2,TG 51:2,31058268.0,4.879881546224554
v5,Ref,TAG 51:3,TG,4.8,5,39,MS2,TG 51:3,10519677.0,9.849679705856214
v5,Ref,TAG 52:1,TG,14.0,11,20,MS2,TG 16:0_18:1_18:0,95518635.25,137.98191587560234
v5,Ref,TAG 52:2,TG,44.0,16,33,MS2,TG 52:2,1316211456.0,7.516065099145824
v5,Ref,TAG 52:3,TG,100.0,16,28,MS2,TG 52:3,521818048.0,19.69738094022746
v5,Ref,TAG 52:4,TG,48.0,15,35,MS2,TG 52:4,411930944.0,12.433029959187278
v5,Ref,TAG 52:5,TG,15.0,13,39,MS2,TG 52:5,8405317.0,28.207640553288805
v5,Ref,TAG 52:6,TG,4.0,8,35,,,,
v5,Ref,TAG 52:7,TG,0.39,5,33,,,,
v5,Ref,TAG 53:2,TG,1.9,9,21,MS2,TG 53:2,49976374.0,32.8838809779575
v5,Ref,TAG 53:3,TG,3.7,6,29,MS2,TG 53:3,19207128.0,2.1479835175008004
v5,Ref,TAG 53:4,TG,2.4,6,32,MS2,TG 53:4,4430205.0,16.530187998849062
v5,Ref,TAG 54:1,TG,3.2,10,29,MS2,TG 54:1,6330457.5,22.63368463746029
v5,Ref,TAG 54:2,TG,8.2,13,31,MS2,TG 54:2,214498528.0,7.030295439711466
v5,Ref,TAG 54:3,TG,26.0,15,37,MS2,TG 54:3,373375968.0,10.97471541806621
v5,Ref,TAG 54:4,TG,36.0,15,35,MS2,TG 54:4,199743472.0,47.059530839834345
v5,Ref,TAG 54:5,TG,27.0,15,38,MS2,TG 54:5,95915296.0,4.355914819288771
v5,Ref,TAG 54:6,TG,14.0,16,37,MS2,TG 16:0_18:2_20:4,828366.125,31.332555140974627
v5,Ref,TAG 54:7,TG,5.6,7,26,,,,
v5,Ref,TAG 56:2,TG,0.69,5,33,MS2,TG 56:2,306556.375,47.146311874624764
v5,Ref,TAG 56:3,TG,1.4,6,10,MS2,TG 56:3,81130736.0,64.51373571232409
v5,Ref,TAG 56:4,TG,2.0,10,28,MS2,TG 56:4,890642.6875,10.640707380778483
v5,Ref,TAG 56:5,TG,4.1,12,33,MS2,TG 56:5,68534160.0,54.34064992882198
v5,Ref,TAG 56:7,TG,13.0,8,20,MS2,TG 56:7,2212442.25,4.820844792312569
v5,Ref,TAG 56:9,TG,0.71,5,38,,,,
v5,Ref,TAG 58:7,TG,2.0,5,32,RT model,TG 58:7,4534812.0,42.61664021138614
v5,Ref,TAG 58:8,TG,0.68,9,31,MS2,TG 58:8,862970.625,74.55211265787703
v5,Ref,TAG 58:9,TG,1.2,6,22,,,,
v5,Ref,LPC 14:0,LPC,1.0,16,19,MS2,LysoPC 14:0,841539.1875,28.397530977194197
v5,Ref,LPC 15:0,LPC,0.52,9,22,MS2,LysoPC 15:0,9428499.0,27.615174703878825
v5,Ref,LPC 16:0,LPC,73.0,20,15,MS2,LysoPC 16:0,2654659328.0,30.403741582838762
v5,Ref,LPC O-16:0,LPC,0.55,10,29,,,,
v5,Ref,LPC P-16:0,LPC,0.46,8,27,,,,
v5,Ref,LPC 16:1,LPC,2.4,19,15,MS2,LysoPC 16:1,16072940.0,32.38274521346916
v5,Ref,LPC 17:0,LPC,1.4,6,18,MS2,LysoPC 17:0,54537620.0,37.32076317529011
v5,Ref,LPC 17:1,LPC,0.25,6,29,MS2,LysoPC 17:1,4065615.5,29.846397230114945
v5,Ref,LPC 18:0,LPC,27.0,20,12,MS2,LysoPC 18:0,1645175936.0,31.259287179935964
v5,Ref,LPC O-18:0,LPC,0.16,6,36,,,,
v5,Ref,LPC 18:1,LPC,18.0,19,13,MS2,LysoPC 18:1,458528640.0,32.5724551988265
v5,Ref,LPC 18:2,LPC,22.0,19,13,MS2,LysoPC 18:2,355764672.0,38.14449084050962
v5,Ref,LPC 18:3,LPC,0.44,18,30,MS2,LysoPC 18:3,2548434.0,24.483117572141857
v5,Ref,LPC 20:0,LPC,0.1,7,34,MS2,LysoPC 20:0,2874191.0,27.74535629730558
v5,Ref,LPC 20:1,LPC,0.19,13,12,MS2,LysoPC 20:1,9001714.0,46.51452594893234
v5,Ref,LPC 20:2,LPC,0.23,9,19,MS2,LysoPC 20:2,9620880.0,28.915191528027222
v5,Ref,LPC 20:3,LPC,1.8,18,15,MS2,LysoPC 20:3,34695132.0,28.374610541230695
v5,Ref,LPC 20:4,LPC,6.0,20,10,MS2,LysoPC 20:4,109895400.0,29.721678901490634
v5,Ref,LPC 20:5,LPC,0.33,15,28,MS2,LysoPC 20:5,3001507.25,23.294968951376763
v5,Ref,LPC 22:0,LPC,0.025,5,7,,,,
v5,Ref,LPC 22:1,LPC,0.013,5,36,,,,
v5,Ref,LPC 22:4,LPC,0.12,8,33,MS2,LysoPC 22:4,4167119.375,16.79219775455939
v5,Ref,LPC 22:5,LPC,0.43,12,30,MS2,LysoPC 22:5,5651673.5,23.803283425407496
v5,Ref,LPC 22:6,LPC,0.77,17,18,MS2,LysoPC 22:6,16455986.0,41.804008318119706
v5,Ref,LPC 24:0,LPC,0.046,5,33,,,,
v5,Ref,LPE 16:0,LPE,0.91,14,29,MS2,LysoPE 16:0,7386975.0,75.04120513428487
v5,Ref,LPE 18:0,LPE,1.6,15,34,MS2,LysoPE 18:0,22879858.0,16.36958622755566
v5,Ref,LPE 18:1,LPE,1.4,14,35,MS2,LysoPE 18:1,7727484.0,18.653944379857897
v5,Ref,LPE 18:2,LPE,1.9,16,30,MS2,LysoPE 18:2,6103107.5,18.665879522130727
v5,Ref,LPE 20:4,LPE,1.1,14,37,MS2,LysoPE 20:4,5896533.0,11.687303130789521
v5,Ref,LPE 22:6,LPE,0.52,12,34,MS2,LysoPE 22:6,1975153.375,19.51530756291173
v5,Ref,PC 30:0,PC,1.6,11,20,MS2,PC 30:0,14081113.0,42.727875601895505
v5,Ref,PC O-30:0/29:0,PC,0.072,7,36,MS2,Plasmanyl-PC O-30:0,1043262.5625,26.788106391874173
v5,Ref,PC O-30:1/P-30:0,PC,0.047,7,20,MS2,Plasmanyl-PC O-30:1,628837.90625,32.448072889560166
v5,Ref,PC 32:0,PC,7.2,18,14,MS2,PC 32:0,121019608.0,24.12172890393873
v5,Ref,PC O-32:0/31:0,PC,1.5,11,28,MS2,Plasmanyl-PC O-32:0,11800810.0,25.98762461255779
v5,Ref,PC 32:1,PC,13.0,18,15,MS2,PC 32:1,60732048.0,38.28805750266845
v5,Ref,PC O-32:1/P-32:0/31:1,PC,1.6,11,14,MS2,Plasmanyl-PC O-32:1,13174938.0,35.02417705234673
v5,Ref,PC O-32:2/P-32:1/31:2,PC,0.34,8,28,,,,
v5,Ref,PC 32:3,PC,0.42,8,34,,,,
v5,Ref,PC P-33:1/32:2,PC,2.6,16,14,MS2,PC 32:2,14341976.0,30.94223828223012
v5,Ref,PC 34:0,PC,2.1,12,18,MS2,PC 34:0,38705876.0,19.23263535340459
v5,Ref,PC O-34:0/33:0,PC,0.76,10,22,MS2,PC O-34:0,28807506.0,29.212341304709398
v5,Ref,PC 34:1,PC,120.0,19,17,MS2,PC 34:1,1759975936.0,21.453655003328624
v5,Ref,PC O-34:1/P-34:0/33:1,PC,4.9,17,17,MS2,PC 33:1,17039390.0,39.842816105762495
v5,Ref,PC O-34:2/P-34:1/33:2,PC,5.2,17,25,MS2,Plasmanyl-PC O-34:2,60384356.0,36.28554367723707
v5,Ref,PC O-34:3/P-34:2/33:3,PC,4.7,12,19,MS2,Plasmanyl-PC O-34:3,76617048.0,28.251880839474573
v5,Ref,PC P-35:1/34:2,PC,240.0,18,19,MS2,PC 34:2,2725759744.0,16.993398462860355
v5,Ref,PC P-35:2/34:3,PC,12.0,18,14,MS2,PC 34:3,60606280.0,33.99090155893692
v5,Ref,PC O-35:4/34:4,PC,1.0,9,24,MS2,PC 34:4,3029551.25,33.37765710882499
v5,Ref,PC 34:5,PC,0.034,5,13,,,,
v5,Ref,PC 36:1,PC,26.0,17,17,MS2,PC 36:1,364653440.0,19.759180513697714
v5,Ref,PC O-36:1/P-36:0/35:1,PC,3.5,16,28,MS2,PC 35:1,17089338.0,38.68221542926488
v5,Ref,PC 36:2,PC,140.0,18,17,MS2,PC 36:2,1910025600.0,19.039572088926825
v5,Ref,PC O-36:2/P-36:1/35:2,PC,7.4,17,22,MS2,Plasmanyl-PC O-36:2,11574387.0,28.638994891196635
v5,Ref,PC 36:3,PC,100.0,17,14,MS2,PC 36:3,778758528.0,27.494614851237564
v5,Ref,PC O-36:3/P-36:2/35:3,PC,3.7,12,22,MS2,Plasmanyl-PC O-36:3,24789640.0,16.101826433144648
v5,Ref,PC 36:4,PC,150.0,19,19,MS2,PC 36:4,795140544.0,23.871583425041784
v5,Ref,PC O-36:4/P-36:3/35:4,PC,12.0,17,12,MS2,Plasmanyl-PC O-36:4,65807776.0,27.98765444739544
v5,Ref,PC 36:5,PC,11.0,16,17,MS2,PC 36:5,21284106.0,34.015658933858866
v5,Ref,PC O-36:5/P-36:4/35:5,PC,6.9,11,23,MS2,Plasmanyl-PC O-36:5,57354448.0,36.863845167707744
v5,Ref,PC P-36:5/35:6,PC,0.3,5,31,RT model,PC 35:6,849802.0625,8.364293726395584
v5,Ref,PC 36:6,PC,0.28,8,32,MS2,PC 36:6,550021.0625,37.39101681437551
v5,Ref,PC 38:2,PC,2.3,15,9,MS2,PC 38:2,26661310.0,29.451591884517665
v5,Ref,PC O-38:2/37:2,PC,0.98,6,32,MS2,Plasmanyl-PC O-38:2,663556.09375,46.475279980990855
v5,Ref,PC 38:3,PC,26.0,14,20,MS2,PC 38:3,251195088.0,37.87983511738949
v5,Ref,PC O-38:3/P-38:2/37:3,PC,1.5,14,34,MS2,Plasmanyl-PC O-38:3,2713305.875,4.853422881081256
v5,Ref,PC 38:4,PC,84.0,18,17,MS2,PC 38:4,631334080.0,28.250997495876984
v5,Ref,PC O-38:4/P-38:3/37:4,PC,7.4,12,27,MS2,Plasmanyl-PC O-38:4,21770636.0,30.092724096501538
v5,Ref,PC 38:5,PC,42.0,18,19,MS2,PC 38:5,101644144.0,35.06200469081424
v5,Ref,PC O-38:5/P-38:4/37:5,PC,11.0,16,14,MS2,Plasmanyl-PC O-38:5,63359116.0,30.300224710519892
v5,Ref,PC 38:6,PC,41.0,18,11,MS2,PC 38:6,119923288.0,40.089637094486555
v5,Ref,PC O-38:6/P-38:5/37:6,PC,3.6,12,29,MS2,PC O-38:6,156030800.0,32.94798534086599
v5,Ref,PC P-38:6/36:0,PC,1.2,10,33,MS2,PC 36:0,364950.90625,170.62714916017913
v5,Ref,PC 40:4,PC,2.9,18,13,MS2,PC 40:4,14572283.0,33.81632927157814
v5,Ref,PC O-40:2/P-40:1,PC,0.069,5,30,,,,
v5,Ref,PC O-40:4/P-40:3/39:4,PC,0.95,8,40,MS2,Plasmanyl-PC O-40:4,3206187.25,21.919153493413347
v5,Ref,PC 40:5,PC,6.7,18,16,MS2,PC 40:5,33527854.0,34.5903256048169
v5,Ref,PC O-40:5/P-40:4/39:5,PC,1.7,12,27,MS2,Plasmanyl-PC O-40:5,3746338.25,31.27404302161348
v5,Ref,PC 40:6,PC,14.0,17,19,MS2,PC 40:6,46390656.0,36.98286097710545
v5,Ref,PC 40:7,PC,3.5,16,21,MS2,PC 40:7,3900912.25,35.54405133290182
v5,Ref,PC O-40:7/P-40:6/39:7,PC,1.1,9,20,,,,
v5,Ref,PC 40:8,PC,0.73,14,28,RT model,PC 40:8,1462924.625,34.62498857908087
v5,Ref,PC O-42:5/P-42:4,PC,0.79,7,15,MS2,Plasmanyl-PC O-42:5,3470625.5,22.69663671721225
v5,Ref,PE 32:1,PE,0.34,6,36,,,,
v5,Ref,PE 34:1,PE,1.2,14,14,MS2,PE 34:1,3962047.375,41.82294297808512
v5,Ref,PE 34:2,PE,2.2,16,12,MS2,PE 34:2,4764411.0,19.992979094289087
v5,Ref,PE O-34:2/P-34:1,PE,0.78,11,22,MS2,PE O-34:2,6661455.5,31.793082980995997
v5,Ref,PE O-34:3/P-34:2,PE,1.5,11,27,MS2,Plasmenyl-PE P-16:0_18:2,219915.078125,16.147161043367834
v5,Ref,PE 36:0,PE,0.28,11,36,,,,
v5,Ref,PE 36:1,PE,1.3,14,20,MS2,PE 36:1,2376459.25,13.037990327615423
v5,Ref,PE 36:2,PE,6.7,16,12,MS2,PE 36:2,11511898.0,3.423662460890857
v5,Ref,PE O-36:2/P-36:1/35:2,PE,0.93,12,23,MS2,PE O-36:2,4506474.5,12.277564632791774
v5,Ref,PE 36:3,PE,2.4,16,16,MS2,PE 36:3,4642572.5,17.793373853415464
v5,Ref,PE O-36:3/P-36:2/35:3,PE,3.2,15,24,MS2,PE O-36:3,5335335.5,22.05724229429875
v5,Ref,PE 36:4,PE,3.1,16,13,MS2,PE 36:4,797274.9375,38.10171166430308
v5,Ref,PE O-36:4/P-36:3,PE,1.6,14,18,MS2,PE O-36:4,11632448.0,13.486801056029718
v5,Ref,PE O-36:5/P-36:4,PE,4.9,15,38,MS2,PE O-36:5,1261962.75,9.328936655595328
v5,Ref,PE 38:3,PE,0.95,14,21,MS2,PE 18:0_20:3,149734.5,29.566613471825438
v5,Ref,PE 38:4,PE,8.1,16,15,MS2,PE 38:4,11997863.0,3.744876426017197
v5,Ref,PE O-38:4/P-38:3/37:4,PE,0.94,9,19,MS2,PE O-38:4,13012539.0,11.249332025363227
v5,Ref,PE 38:5,PE,2.7,12,17,MS2,PE 38:5,1350071.5,92.46059836263412
v5,Ref,PE O-38:5/P-38:4,PE,5.8,17,33,MS2,PE O-38:5,7061545.5,20.919089632394304
v5,Ref,PE 38:6,PE,3.2,15,19,MS2,PE 38:6,1816052.375,15.495205033090587
v5,Ref,PE O-38:6/P-38:5,PE,4.9,16,25,MS2,PE O-38:6,1535419.375,9.098720426958447
v5,Ref,PE O-38:7/P-38:6,PE,3.5,8,28,,,,
v5,Ref,PE 40:4,PE,0.26,10,31,,,,
v5,Ref,PE 40:5,PE,0.73,12,31,,,,
v5,Ref,PE O-40:5/P-40:4/39:5,PE,0.73,12,17,MS2,Plasmenyl-PE P-20:0_20:4,55385.9296875,12.10968247350843
v5,Ref,PE 40:6,PE,1.8,14,20,,,,
v5,Ref,PE O-40:6/P-40:5/39:6,PE,1.3,14,23,MS2,PE O-40:6,4653984.0,15.207401977808907
v5,Ref,PE 40:7,PE,0.77,11,33,,,,
v5,Ref,PE O-40:7/P-40:6/39:7,PE,2.5,14,29,MS2,Plasmenyl-PE P-18:0_22:6,113738.09375,2.250822695510516
v5,Ref,PI 32:1,PI,0.56,10,19,MS2,PI 32:1,214942.125,6.3923692515166035
v5,Ref,PI 34:1,PI,2.4,14,17,RT model,PI 34:1,246687.91796875,91.00776027688819
v5,Ref,PI 34:2,PI,2.8,14,14,MS2,PI 16:0_18:2,1735437.125,5.916734948321388
v5,Ref,PI 36:1,PI,2.1,13,28,MS2,PI 36:1,2686481.75,1.9747798574132545
v5,Ref,PI 36:2,PI,7.7,15,12,MS2,PI 36:2,5915938.5,34.77276297616665
v5,Ref,PI 36:3,PI,2.2,14,14,MS2,PI 36:3,1058341.875,35.06142642998916
v5,Ref,PI 36:4,PI,3.0,14,16,MS2,PI 36:4,1119041.875,35.10871973041216
v5,Ref,PI 38:3,PI,3.4,14,16,MS2,PI 38:3,2090167.125,46.51034767626845
v5,Ref,PI 38:4,PI,19.0,17,11,MS2,PI 38:4,10753256.0,40.422295162096106
v5,Ref,PI 38:5,PI,2.5,15,18,MS2,PI 38:5,2143306.75,7.950151740034113
v5,Ref,PI 38:6,PI,0.32,10,10,,,,
v5,Ref,PI 40:4,PI,0.3,7,14,,,,
v5,Ref,PI 40:6,PI,0.84,12,19,RT model,PI 40:6,99539.53125,2.1552530954776996
v5,Ref,PG 36:2,PG,0.67,6,36,,,,
v5,Ref,HexCer d34:1,HexCer,0.86,6,25,MS2,HexCer[NS] d34:1,1301344.625,25.80856828937803
v5,Ref,HexCer d36:1,HexCer,0.13,5,34,,,,
v5,Ref,HexCer d40:1,HexCer,2.4,5,28,MS2,GlcCer[NDS] d18:1_22:0,243224.90625,4.805453954199209
v5,Ref,HexCer d42:1,HexCer,2.7,6,27,MS2,GlcCer[NDS] d42:1,432199.875,2.180398639929523
v5,Ref,CER d34:1,Cer,0.28,17,16,RT model,Cer[NS] d34:1,259126.1484375,41.69549816856307
v5,Ref,CER d36:1,Cer,0.12,14,17,MS2,Cer[NDS] d36:1,57553.158203125,3.0834735056534277
v5,Ref,CER d38:1,Cer,0.11,16,20,MS2,Cer[NS] d38:1,273141.96875,20.970319430478924
v5,Ref,CER d40:1,Cer,0.65,18,18,MS2,Cer[NS] d40:1,1503592.875,10.12624747447254
v5,Ref,CER d40:2,Cer,0.15,6,14,MS2,Cer[NS] d40:2,299817.375,13.612958805316822
v5,Ref,CER d41:1,Cer,0.67,7,40,MS2,Cer[NS] d41:1,1815309.75,18.363823291682884
v5,Ref,CER d42:1,Cer,1.9,19,24,MS2,Cer[NS] d42:1,7485120.5,7.131328867189435
v5,Ref,CER d42:2,Cer,0.82,19,12,MS2,Cer[NS] d42:2,1712559.5,5.292809187356647
v5,Ref,SM d31:1,SM,0.19,5,25,MS2,SM d31:1,1001040.8125,36.24849746533033
v5,Ref,SM d32:1,SM,8.4,14,17,MS2,SM d32:1,35073388.0,23.01899449639631
v5,Ref,SM d32:2,SM,0.66,10,36,MS2,SM d32:2,3129208.25,34.819159448289355
v5,Ref,SM d33:1,SM,4.7,14,14,MS2,SM d33:1,24510874.0,31.388583303448392
v5,Ref,SM d34:0,SM,5.8,14,22,MS2,SM d34:0,29564724.0,33.12649445989644
v5,Ref,SM d34:1,SM,100.0,21,15,MS2,SM d34:1,641842944.0,28.215287397578265
v5,Ref,SM d34:2,SM,16.0,17,14,MS2,SM d34:2,89370816.0,31.80215262114288
v5,Ref,SM d35:1,SM,2.5,9,23,MS2,SM d35:1,16290572.0,34.51762550927652
v5,Ref,SM d35:2,SM,0.52,6,39,MS2,SM d35:2,1655156.75,26.72756949481197
v5,Ref,SM d36:0,SM,2.0,11,24,MS2,SM d36:0,5165021.5,20.575621131034005
v5,Ref,SM d36:1,SM,20.0,22,18,MS2,SM d36:1,175666768.0,19.533338864724012
v5,Ref,SM d36:2,SM,9.6,22,16,MS2,SM d36:2,63478600.0,18.829356063355124
v5,Ref,SM d36:3,SM,1.3,13,31,MS2,SM d36:3,3528656.75,29.443822121400597
v5,Ref,SM d37:1,SM,1.0,11,23,MS2,SM d37:1,366533.125,4.774752100261491
v5,Ref,SM d38:1,SM,11.0,17,27,MS2,SM d38:1,75016720.0,36.64727678533598
v5,Ref,SM d38:2,SM,5.2,17,25,MS2,SM d38:2,38754472.0,31.002810111758215
v5,Ref,SM d38:3,SM,0.61,8,39,MS2,SM d38:3,890838.4375,20.3405773165187
v5,Ref,SM d39:1,SM,3.6,14,29,MS2,SM d39:1,20027098.0,22.07264607614137
v5,Ref,SM d39:2,SM,0.61,9,26,MS2,SM d39:2,262048.8828125,4.56308687385912
v5,Ref,SM d40:1,SM,20.0,17,25,MS2,SM d40:1,178776896.0,26.41913901111389
v5,Ref,SM d40:2,SM,12.0,15,24,MS2,SM d40:2,101750744.0,26.264034498967213
v5,Ref,SM d40:3,SM,2.2,8,37,MS2,SM d40:3,464062.4375,5.239903663704995
v5,Ref,SM d41:1,SM,7.7,14,27,MS2,SM d41:1,52776448.0,14.087147749294903
v5,Ref,SM d41:2,SM,5.8,14,24,MS2,SM d41:2,30718374.0,23.594189502023504
v5,Ref,SM d41:3,SM,0.77,7,39,MS2,SM d41:3,4014059.0,41.5489095117427
v5,Ref,SM d42:1,SM,20.0,21,28,MS2,SM d42:1,121713536.0,22.983376578310523
v5,Ref,SM d42:2,SM,44.0,18,25,MS2,SM d42:2,259804144.0,27.094158967523768
v5,Ref,SM d42:3,SM,17.0,12,27,MS2,SM d42:3,184078912.0,34.84083944042247
v5,Ref,SM d43:2,SM,1.0,10,29,MS2,SM d43:2,4687162.0,22.07346925051744
v5,Ref,SM d44:2,SM,0.4,9,32,MS2,SM d44:2,1090554.375,21.134705431667367
v5,Ref,CE 14:0,CE,16.0,7,37,,,,
v5,Ref,CE 15:0,CE,5.3,6,34,RT model,CE 15:0,134706.68359375,9.826355198435149
v5,Ref,CE 16:0,CE,210.0,13,28,MS2,CE 16:0,4214621.0,22.907916279997252
v5,Ref,CE 16:1,CE,100.0,11,27,MS2,CE 16:1,3914038.25,22.305168931255253
v5,Ref,CE 16:2,CE,1.9,5,25,,,,
v5,Ref,CE 17:1,CE,8.2,9,13,MS2,CE 17:1,742778.9375,4.91415205697334
v5,Ref,CE 18:0,CE,15.0,7,25,MS2,CE 18:0,1663227.75,18.810510635317833
v5,Ref,CE 18:1,CE,450.0,14,25,MS2,CE 18:1,39779860.0,17.102334363835737
v5,Ref,CE 18:2,CE,1700.0,14,26,MS2,CE 18:2,131721816.0,20.062010896119002
v5,Ref,CE 18:3,CE,84.0,13,28,MS2,CE 18:3,9144563.0,6.747151333133342
v5,Ref,CE 20:3,CE,35.0,13,35,MS2,CE 20:3,8280714.0,61.06051697006196
v5,Ref,CE 20:4,CE,350.0,14,17,MS2,CE 20:4,43447100.0,3.2609354331714404
v5,Ref,CE 20:5,CE,38.0,12,23,MS2,CE 20:5,635072.9375,30.342987961631863
v5,Ref,CE 22:5,CE,4.1,6,39,MS2,CE 22:5,1800422.875,37.633456559457706
v5,Ref,CE 22:6,CE,37.0,11,26,MS2,CE 22:6,517289.40625,40.48758957544563
v5,Inf,CE 22:0,CE,0.35,4,10,,,,
v5,Inf,CE 24:0,CE,0.28,3,18,,,,
v5,Inf,CE 24:1,CE,0.15,3,9,,,,
v5,Inf,HexCer 38:1,HexCer,0.2,3,0,,,,
v5,Inf,CER d16:0,Cer,0.052,3,14,,,,
v5,Inf,CER d20:0,Cer,0.028,3,28,,,,
v5,Inf,CER d24:0,Cer,0.09,3,37,,,,
v5,Inf,CER d39:1,Cer,0.093,4,18,MS2,Cer[NS] d39:1,167186.09375,6.84701486680581
v5,Inf,CerOH d16:0,CerOH,5.3,3,13,,,,
v5,Inf,CerOH d22:0,CerOH,0.26,3,18,,,,
v5,Inf,CerOH d24:0,CerOH,0.4,3,12,,,,
v5,Inf,CerOH d24:1,CerOH,0.97,3,15,,,,
v5,Inf,DAG 40:4,DG,0.91,4,38,,,,
v5,Inf,LPC O-18:1,LPC,0.41,3,31,,,,
v5,Inf,LPC O-20:0,LPC,0.023,4,22,,,,
v5,Inf,LPC 24:1,LPC,0.022,3,33,,,,
v5,Inf,LPC 26:0,LPC,0.015,3,21,,,,
v5,Inf,PC 28:0,PC,0.16,4,15,,,,
v5,Inf,PC O-42:6/P-42:5,PC,0.46,4,29,MS2,Plasmanyl-PC O-42:6,1581874.0,32.753866996914574
v5,Inf,PC O-42:7,PC,0.067,3,2,,,,
v5,Inf,PC O-44:5/P-44:4,PC,1.3,3,24,,,,
v5,Inf,PE 34:3,PE,0.14,4,14,,,,
v5,Inf,PE 35:1,PE,0.15,4,30,,,,
v5,Inf,PG 34:2,PG,0.55,4,40,,,,
v5,Inf,PG 36:3,PG,0.5,4,22,,,,
v5,Inf,PS 38:1,PS,0.23,3,20,,,,
v5,Inf,PS 38:2,PS,0.24,3,16,,,,
v5,Inf,SM d35:0,SM,0.044,3,16,,,,
v5,Inf,SM d42:5,SM,0.36,3,6,RT model,SM d42:5,1618110.375,37.78117969796157
v5,Inf,TAG 44:3,TG,0.18,4,5,,,,
v5,Inf,TAG 47:2,TG,0.21,3,13,MS2,TG 47:2,454598.0,32.64967710708257
v5,Inf,TAG 49:0,TG,0.31,3,18,MS2,TG 49:0,1818377.125,12.932795486368795
v5,Inf,TAG 54:8,TG,0.92,4,32,,,,
v5,Inf,TAG 55:3,TG,0.43,3,34,RT model,TG 55:3,21467994.0,58.18816787867347
v5,Inf,TAG 58:11,TG,0.11,3,16,,,,
v5,Inf,TAG 58:3 ,TG,0.19,3,10,RT model,TG 58:3,5980913.5,64.13842133925593
v5,COD>40,DAG 32:0,DG,2.6,11,44,MS2,DG 16:0_16:0,211360.03125,44.68741446383446
v5,COD>40,DAG 32:1,DG,1.2,10,51,MS2,DG 32:1,217947.0,44.465380428915935
v5,COD>40,DAG 32:2,DG,0.62,11,48,,,,
v5,COD>40,DAG 34:0,DG,6.5,10,56,,,,
v5,COD>40,DAG 34:2,DG,4.4,14,43,MS2,DG 16:0_18:2,2498015.0,3.9172999233973114
v5,COD>40,DAG 34:3,DG,0.31,7,63,,,,
v5,COD>40,DAG 36:0,DG,1.6,9,60,,,,
v5,COD>40,DAG 36:1,DG,2.6,12,43,MS2,DG 18:1_18:0,2743671.5,36.94433995504558
v5,COD>40,DAG 36:5,DG,0.89,6,61,,,,
v5,COD>40,DAG 38:0,DG,0.24,7,55,,,,
v5,COD>40,DAG 38:1,DG,0.51,5,77,,,,
v5,COD>40,DAG 38:2,DG,1.5,5,81,RT model,DG 38:2,1362958.375,32.81739757444475
v5,COD>40,DAG 38:3,DG,1.3,5,80,,,,
v5,COD>40,DAG 38:4,DG,0.95,11,40,,,,
v5,COD>40,DAG 38:5,DG,1.8,11,47,RT model,DG 38:5,224613.2734375,15.63897771712271
v5,COD>40,DAG 38:6,DG,0.77,9,47,MS2,DG 18:2_20:4,351380.59375,52.01068964239581
v5,COD>40,DAG 40:5,DG,0.084,5,63,,,,
v5,COD>40,DAG 40:6,DG,0.28,6,60,,,,
v5,COD>40,DAG 40:7,DG,0.89,5,77,,,,
v5,COD>40,TAG 42:0,TG,0.38,5,50,MS2,TG 42:0,292842.15625,23.161402338058295
v5,COD>40,TAG 42:1,TG,0.37,5,45,,,,
v5,COD>40,TAG 42:2,TG,0.16,6,41,,,,
v5,COD>40,TAG 44:0,TG,1.2,5,62,MS2,TG 44:0,1617376.25,11.922059060530556
v5,COD>40,TAG 44:1,TG,1.7,7,50,MS2,TG 44:1,1302552.25,26.066602808420598
v5,COD>40,TAG 44:2,TG,0.9,6,45,,,,
v5,COD>40,TAG 46:0,TG,2.8,6,56,MS2,TG 14:0_16:0_16:0,14465575.0,11.347784400270514
v5,COD>40,TAG 46:1,TG,5.7,8,46,MS2,TG 46:1,16308916.0,10.727156629458023
v5,COD>40,TAG 46:3,TG,0.76,5,45,,,,
v5,COD>40,TAG 48:3,TG,3.3,11,41,MS2,TG 48:3,4581688.0,28.458398918690147
v5,COD>40,TAG 51:4,TG,1.4,6,43,MS2,TG 51:4,1133050.625,32.87737169523951
v5,COD>40,TAG 52:0,TG,3.4,8,54,MS2,TG 16:0_18:0_18:0,793085.9375,26.47248040339443
v5,COD>40,TAG 53:5,TG,0.84,6,44,,,,
v5,COD>40,TAG 54:0,TG,2.4,9,51,MS2,TG 18:0_18:0_18:0,186997.765625,33.49549943460698
v5,COD>40,TAG 56:6,TG,6.4,15,42,MS2,TG 56:6,5972871.5,41.903586981307704
v5,COD>40,TAG 56:8,TG,3.3,11,40,,,,
v5,COD>40,TAG 58:6,TG,1.6,5,42,RT model,TG 58:6,11039076.0,49.23021891250948
v5,COD>40,LPE 20:3,LPE,0.52,5,72,,,,
v5,COD>40,LPE 22:1,LPE,0.036,5,82,,,,
v5,COD>40,PC 30:1,PC,0.76,5,57,,,,
v5,COD>40,PC O-34:4/P-34:3,PC,0.12,6,66,MS2,Plasmanyl-PC O-34:4,918817.3125,21.14392798304765
v5,COD>40,PC O-36:0/35:0,PC,0.72,5,74,MS2,PC O-36:0,1535455.625,49.307830188898706
v5,COD>40,PC 38:0,PC,2.0,6,42,,,,
v5,COD>40,PC 38:1,PC,0.37,6,47,MS2,PC 38:1,5959460.0,6.585018368047986
v5,COD>40,PC 38:7,PC,0.79,8,44,,,,
v5,COD>40,PC 40:2,PC,0.23,8,44,MS2,PC 40:2,529717.1875,28.229098052122982
v5,COD>40,PC 40:3,PC,0.27,7,51,MS2,PC 40:3,2526609.125,44.12567843703346
v5,COD>40,PC O-40:6/P-40:5/39:6,PC,1.8,11,42,MS2,PC O-40:6,100698224.0,35.73576818457705
v5,COD>40,PC 42:6,PC,0.079,5,52,,,,
v5,COD>40,PE 34:0,PE,1.6,5,65,,,,
v5,COD>40,PE O-34:1/P-34:0,PE,0.46,6,48,MS2,PE O-34:1,1318837.625,11.882635191572867
v5,COD>40,PE 36:5,PE,0.26,11,48,MS2,PE 36:5,403545.625,16.47438776363572
v5,COD>40,PE O-36:6/P-36:5,PE,0.7,7,70,,,,
v5,COD>40,PE 38:1,PE,2.6,7,67,,,,
v5,COD>40,PE 38:2,PE,1.9,7,64,,,,
v5,COD>40,PI 38:2,PI,0.34,8,47,,,,
v5,COD>40,PI 40:5,PI,0.63,8,40,,,,
v5,COD>40,PG 34:1,PG,1.3,5,45,,,,
v5,COD>40,PG 36:1,PG,0.83,5,73,,,,
v5,COD>40,PS 38:4,PS,2.2,6,74,,,,
v5,COD>40,HexCer d42:2,HexCer,1.1,6,51,MS2,HexCer[NS] d42:2,1526651.375,26.09905703784623
v5,COD>40,CER d32:1,Cer,0.051,8,42,,,,
v5,COD>40,CER d34:0,Cer,0.045,5,70,,,,
v5,COD>40,CER d36:2,Cer,0.026,7,56,,,,
v5,COD>40,CER d42:0,Cer,0.28,6,63,MS2,Cer[NS] d42:0,750573.0625,9.261897656312946
v5,COD>40,CER d42:3,Cer,0.23,5,62,MS2,Cer[NS] d42:3,435630.5,20.214698710215192
v5,COD>40,CER d44:1,Cer,0.063,7,49,,,,
v5,COD>40,CER d44:2,Cer,0.044,7,49,,,,
v5,COD>40,SM d32:0,SM,0.47,9,47,MS2,SM d32:0,4041356.5,22.077743444379248
v5,COD>40,SM d37:2,SM,0.21,5,50,,,,
v5,COD>40,SM d38:0,SM,0.92,8,55,MS2,SM d38:0,11684754.0,28.75859001859994
v5,COD>40,SM d40:0,SM,1.5,10,43,MS2,SM d40:0,29092362.0,26.111910727620053
v5,COD>40,SM d42:4,SM,4.2,8,42,MS2,SM d42:4,19446326.0,31.12352504034288
v5,COD>40,SM d43:1,SM,0.62,9,45,MS2,SM d43:1,3548018.0,3.635078237871124
v5,COD>40,SM d44:1,SM,0.25,9,49,,,,
v5,COD>40,SM d44:3,SM,0.27,5,71,MS2,SM d44:3,1911976.875,27.898554522941488
v5,COD>40,CE 17:0,CE,6.0,6,42,MS2,CE 17:0,407327.25,52.22843676141975
v5,COD>40,CE 20:1,CE,1.3,6,51,MS2,CE 20:1,20434022.0,72.99020714668745
v5,COD>40,CE 20:2,CE,5.8,9,53,MS2,CE 20:2,39739316.0,73.63091018288863
v5,COD>40,CE 22:4,CE,1.2,7,59,MS2,CE 22:4,30821476.0,71.15140802294503
